Analysis.group,Analysis.number,Analysis.name,Subgroup,Subgroup.number,Applicability,Study,Study.year,GIV.Mean,GIV.SE,Experimental.mean,Experimental.SD,Experimental.cases,Experimental.N,Control.mean,Control.SD,Control.cases,Control.N,O.E,Variance,Weight,Mean,CI.start,CI.end,Footnotes,Bias.arising.from.the.randomization.process..judgement.,Bias.arising.from.the.randomization.process..support.,Bias.due.to.deviations.from.intended.interventions..judgement.,Bias.due.to.deviations.from.intended.interventions..support.,Bias.due.to.missing.outcome.data..judgement.,Bias.due.to.missing.outcome.data..support.,Bias.in.measurement.of.the.outcome..judgement.,Bias.in.measurement.of.the.outcome..support.,Bias.in.selection.of.the.reported.result..judgement.,Bias.in.selection.of.the.reported.result..support.,Overall.bias..judgement.,Overall.bias..support.,amyloid_change_cl,amyloid_source,mapping_note,analysis_id,is_rr,is_md,yi,sei,vi,biomarker_confirmed,approved_generation,active_2026,clearance_ge_2cl,clearance_ge_4cl,clearance_ge_6cl,clearance_ge_8cl,clearance_ge_10cl,clearance_ge_12cl,demonstrated_clearance,response_primary
1,1,ADAS-Cog scale at 18 months,Aducanumab,1,SUBGROUP_AND_OVERALL,EMERGE 2022,2022,NA,NA,3.76,6.55,NA,299,5.16,6.788225,NA,288,NA,NA,6.50457898164761,-0.2096907174412845,-0.37195881246213014,-0.0474226224204389,NA,Some concerns,<p>Subjects were randomized to receive aducanumab low dose : aducanumab high dose : placebo in a 1:1:1 ratio. The randomization were &nbsp;stratified by site and ApoE ε4 status (carrier or non-carrier). No further information provided on methods for random sequence generation and allocation concealment</p>,Low risk,"<p>pharmacist/technician), and study subjects were blinded to the subjects’ randomized treatment assignment for the placebocontrolled<br>period. However, participants experienced side effects or toxicities that carers or people delivering the interventions knew to be specific to one of the interventions, &nbsp;but &nbsp;deviation from the intended interventions beause of functional unblinding unlikely. Randomized and dosed<br>population analysed were all randomized patients who had received<br>≥1 dose of study treatment<br>&nbsp;</p>",Low risk,<p>participants lost at FU were less thn 5% of the overall sample</p>,Some concerns,<p>infusion reaction more frequent in the intervention group that could bring to functional unblinding</p>,Low risk,"<p>result analysed in accordance with a pre-specified analysis plan<br>outcome measures unlikely to be selected, on the basis of the results, from multiple measurements or multiple analyses&nbsp;</p>",Some concerns,"<p>Subjectswere randomized to receive aducanumab low dose : aducanumab high dose : placebo in a 1:1:1 ratio. The randomization was stratified by site and ApoE ε4 status (carrier or non-carrier). No further information provided on methods for random sequence generation and allocation concealment</p><p>Investigators, study site staff (except for the designated unblinded pharmacist/technician), and study subjects will be blinded to the subjects’ randomized treatment assignment for the placebocontrolled<br>period. However, participants experienced side effects or toxicities that carers or people delivering the interventions knew to be specific to one of the interventions but deviation from the intended interventions beacuse of functional unblinding unlikely</p><p>randomized and dosed population analysed were all randomized patients who had received ≥1 dose of study treatment)</p><p>particioants lost at FU were less thn 5% of the overall sample</p><p>infusion reaction more frequent in the intervention group that could bring to functional unblinding</p><p>result analysed in accordance with a pre-specified analysis plan<br>outcome measures unlikely to be selected, on the basis of the results, from multiple measurements or mulptiple analyses&nbsp;</p>",-48.74,Imbimbo 2024 Table 1,"High-dose aducanumab, 78 weeks",1.1,FALSE,FALSE,-0.2096907174412845,0.0827913657091639,0.00685441023598852,TRUE,TRUE,FALSE,TRUE,TRUE,TRUE,TRUE,TRUE,TRUE,TRUE,TRUE
1,1,ADAS-Cog scale at 18 months,Aducanumab,1,SUBGROUP_AND_OVERALL,ENGAGE 2022,2022,NA,NA,4.555,11.61,NA,295,5.14,6.93,NA,333,NA,NA,6.9290637159237525,-0.06201399463076672,-0.2187610618172498,0.09473307255571636,NA,Some concerns,<p>Subjects were randomized to receive aducanumab low dose : aducanumab high dose : placebo in a 1:1:1 ratio. The randomization was stratified by site and ApoE ε4 status (carrier or non-carrier). No further information provided on methods for random sequence generation and allocation concealment</p>,Low risk,"<p>Investigators, study site staff (except for the designated unblinded pharmacist/technician), and study subjects were blinded to the subjects’ randomized treatment assignment for the placebo controlled<br>period. However, participants experienced side effects or toxicities that carers or people delivering the interventions knew to be specific to one of the interventions but deviation from the intended interventions because of functional unblinding unlikely</p><p>randomized and dosed population analysed were all randomized patients who had received ≥1 dose of study treatment)</p>",Low risk,<p>participants lost at FU were less than 5% of the overall sample</p>,Some concerns,<p>infusion reaction more frequent in the intervention group that could bring to functional unblinding</p>,Low risk,"<p>result analysed in accordance with a pre-specified analysis plan<br>outcome measures unlikely to be selected, on the basis of the results, from multiple measurements or multiple analyses&nbsp;</p>",Some concerns,"<p>Subjects were randomized to receive aducanumab low dose : aducanumab high dose : placebo in a 1:1:1 ratio. The randomization was stratified by site and ApoE ε4 status (carrier or non-carrier). No further information provided on methods for random sequence generation and allocation concealment&nbsp;</p><p>Investigators, study site staff (except for the designated unblinded pharmacist/technician), and study subjects were blinded to the subjects’ randomized treatment assignment for the placebo controlled<br>period. However, participants experienced side effects or toxicities that carers or people delivering the interventions knew to be specific to one of the interventions but deviation from the intended interventions because of functional unblinding unlikely</p><p>randomized and dosed population analysed were all randomized patients who had received ≥1 dose of study treatment)</p><p>participants lost at FU were less than 5% of the overall sample</p><p>infusion reaction more frequent in the intervention group that could bring to functional unblinding</p><p>result analysed in accordance with a pre-specified analysis plan<br>outcome measures unlikely to be selected, on the basis of the results, from multiple measurements or multiple analyses&nbsp;</p><p>&nbsp;</p>",-42.24,Imbimbo 2024 Table 1,"High-dose aducanumab, 78 weeks",1.1,FALSE,FALSE,-0.06201399463076672,0.07997446301201654,0.006395914734060401,TRUE,TRUE,FALSE,TRUE,TRUE,TRUE,TRUE,TRUE,TRUE,TRUE,TRUE
1,1,ADAS-Cog scale at 18 months,Aducanumab,1,SUBGROUP_AND_OVERALL,ENVISION,2022,NA,NA,7.4,2.33,NA,5,9.67,0.884,NA,3,NA,NA,0.07402477364709384,-1.0021345469935967,-2.5908088067914763,0.5865397128042826,NA,Some concerns,"<p>The study was labeled randomized, but no details on sequence generation or allocation concealment were available. Baseline characteristics were not reported.</p>",High risk,"<p>Study was doble blind, however, participants experienced side effects or toxicities that carers or people delivering the interventions knew to be specific to one of the interventions. No information about analysis methods.</p>",Some concerns,<p>The trial report provides no information about the extent of missing outcome data.</p>,Some concerns,<p>Infusion reaction more frequent in the intervention group that could bring to functional unblinding</p>,Some concerns,"<p>The prespecified statistical analysis plan was not publicly available. Multiple potential clinical outcomes and analyses existed, creating some uncertainty regarding selective reporting.</p>",High risk,"<p>The study was labeled randomized, but no details on sequence generation or allocation concealment were available. Baseline characteristics were not reported.&nbsp;</p><p>Study was doble blind, however, participants experienced side effects or toxicities that carers or people delivering the interventions knew to be specific to one of the interventions. No information about analysis methods.</p><p>The trial report provides no information about the extent of missing outcome data.</p><p>Infusion reaction more frequent in the intervention group that could bring to functional unblinding</p><p>The prespecified statistical analysis plan was not publicly available. Multiple potential clinical outcomes and analyses existed, creating some uncertainty regarding selective reporting.</p>",NA,Not available,No matched trial-level Centiloid estimate,1.1,FALSE,FALSE,-1.0021345469935967,0.810562986018692,0.6570123543035383,TRUE,TRUE,FALSE,FALSE,FALSE,FALSE,FALSE,FALSE,FALSE,FALSE,FALSE
1,1,ADAS-Cog scale at 18 months,Bapineuzumab,2,SUBGROUP_AND_OVERALL,3000 Non Carriers 2016,2016,NA,NA,9.4,8.44,NA,212,10,8.59,NA,155,NA,NA,4.123742938134129,-0.0704131837413032,-0.2776085599396443,0.13678219245703785,NA,Low risk,<p>Allocation of patients to treatment groups using stratified block randomization proceeded through the entering of subject information by the study coordinator or delegate and the dispenser (unblinded pharmacist) into an interactive voice/web response system.&nbsp;</p>,Some concerns,"<p>Study was doble blind, however, participants experienced side effects or toxicities that carers or people delivering the interventions knew to be specific to one of the interventions.</p>",Low risk,<p>Included in Modified intention-to-treat analyses (MITT): BAP 95% Placebo 95%</p>,Some concerns,<p>Infusion reaction more frequent in the intervention group that could bring to functional unblinding</p>,Some concerns,"<p>There is no information on whether the result being assessed is likely to have been selected, on the basis of the results, from multiple eligible outcome measurements within the outcome domain AND from multiple eligible analyses of the data.</p>",Some concerns,"<p>Allocation of patients to treatment groups using stratified block randomization proceeded through the entering of subject information by the study coordinator or delegate and the dispenser (unblinded pharmacist) into an interactive voice/web response system.&nbsp;</p><p>Study was doble blind, however, participants experienced side effects or toxicities that carers or people delivering the interventions knew to be specific to one of the interventions.</p><p>Included in Modified intention-to-treat analyses (MITT): BAP 95% Placebo 95%</p><p>Infusion reaction more frequent in the intervention group that could bring to functional unblinding</p><p>There is no information on whether the result being assessed is likely to have been selected, on the basis of the results, from multiple eligible outcome measurements within the outcome domain AND from multiple eligible analyses of the data.</p>",6.52,Imbimbo 2024 Table 1,Highest-dose bapineuzumab arm,1.1,FALSE,FALSE,-0.0704131837413032,0.10571386914895978,0.01117542213044339,FALSE,FALSE,FALSE,FALSE,FALSE,FALSE,FALSE,FALSE,FALSE,FALSE,FALSE
1,1,ADAS-Cog scale at 18 months,Bapineuzumab,2,SUBGROUP_AND_OVERALL,3001 Carriers 2016,2016,NA,NA,5,7.25,NA,202,4.2,7.47,NA,145,NA,NA,3.896384176910421,0.10871579663756864,-0.10476983617361184,0.3222014294487491,NA,Low risk,<p>Allocation of patients to treatment groups using stratified block randomization proceeded through the entering of subject information by the study coordinator or delegate and the dispenser (unblinded pharmacist) into an interactive voice/web response system.&nbsp;</p>,Some concerns,"<p>Study was doble blind, however, participants experienced side effects or toxicities that carers or people delivering the interventions knew to be specific to one of the interventions.</p>",Low risk,<p>Included in Modified intention-to-treat analyses (MITT): BAP 99% Placebo 98%</p>,Some concerns,<p>Infusion reaction more frequent in the intervention group that could bring to functional unblinding.</p>,Some concerns,"<p>There is no information on whether the result being assessed is likely to have been selected, on the basis of the results, from multiple eligible outcome measurements within the outcome domain AND from multiple eligible analyses of the data.</p>",Some concerns,"<p>Allocation of patients to treatment groups using stratified block randomization proceeded through the entering of subject information by the study coordinator or delegate and the dispenser (unblinded pharmacist) into an interactive voice/web response system.&nbsp;</p><p>Study was doble blind, however, participants experienced side effects or toxicities that carers or people delivering the interventions knew to be specific to one of the interventions.</p><p>Included in Modified intention-to-treat analyses (MITT): BAP 99% Placebo 98%.</p><p>Infusion reaction more frequent in the intervention group that could bring to functional unblinding.</p><p>There is no information on whether the result being assessed is likely to have been selected, on the basis of the results, from multiple eligible outcome measurements within the outcome domain AND from multiple eligible analyses of the data.</p>",-9.6,Imbimbo 2024 Table 1,Bapineuzumab 0.5 mg/kg arm,1.1,FALSE,FALSE,0.10871579663756864,0.10892324272033974,0.011864272804714044,FALSE,FALSE,FALSE,TRUE,TRUE,TRUE,TRUE,FALSE,FALSE,FALSE,FALSE
1,1,ADAS-Cog scale at 18 months,Bapineuzumab,2,SUBGROUP_AND_OVERALL,Bapineuzumab-301 2014,2014,NA,NA,4.7,9.36,NA,201,5.2,9.32,NA,334,NA,NA,5.659585522158413,-0.05348629124709096,-0.2284818796971421,0.12150929720296016,NA,Low risk,<p>A large multicentre trial run by the sponsor and academic centres experienced in clinical trials.</p>,Some concerns,"<p>Study was doble blind, however, participants experienced side effects or toxicities that carers or people delivering the interventions knew to be specific to one of the interventions</p>",Low risk,<p>Included in Modified intention-to-treat analyses (MITT): BAP 77% Placebo 94%</p>,Some concerns,<p>Infusion reaction more frequent in the intervention group that could bring to functional unblinding</p>,Low risk,<p>Result analysed in accordance with a pre-specified analysis plan.</p>,Some concerns,"<p>A large multicentre trial run by the sponsor and academic centres experienced in clinical trials.</p><p>Study was doble blind, however, participants experienced side effects or toxicities that carers or people delivering the interventions knew to be specific to one of the interventions</p><p>Included in Modified intention-to-treat analyses (MITT): BAP 77% Placebo 94%</p><p>Infusion reaction more frequent in the intervention group that could bring to functional unblinding.</p><p>Result analysed in accordance with a pre-specified analysis plan.</p>",NA,Not available,No unambiguous matched trial-level estimate,1.1,FALSE,FALSE,-0.05348629124709096,0.08928510412966466,0.00797182981944506,FALSE,FALSE,FALSE,FALSE,FALSE,FALSE,FALSE,FALSE,FALSE,FALSE,FALSE
1,1,ADAS-Cog scale at 18 months,Bapineuzumab,2,SUBGROUP_AND_OVERALL,Bapineuzumab-302 2014,2014,NA,NA,5.9,8.837737,NA,339,6.2,9.243679,NA,254,NA,NA,6.4756902160423095,-0.03324021528476897,-0.19590303620735355,0.1294226056378156,NA,Low risk,<p>A large multicentre trial run by the sponsor and academic centres experienced in clinical trials&nbsp;</p>,Low risk,"<p>Study was doble blind, however, participants experienced side effects or toxicities that carers or people delivering the interventions knew to be specific to one of the interventions</p>",Low risk,<p>Included in Modified intention-to-treat analyses (MITT): BAP 98% Placebo 96%</p>,Some concerns,<p>infusion reaction more frequent in the intervention group that could bring to functional unblinding</p>,Low risk,<p>Result analysed in accordance with a pre-specified analysis plan.</p>,Some concerns,"<p>A large multicentre trial run by the sponsor and academic centres experienced in clinical trials.</p><p>Study was doble blind, however, participants experienced side effects or toxicities that carers or people delivering the interventions knew to be specific to one of the interventions</p><p>Included in Modified intention-to-treat analyses (MITT): BAP 98% Placebo 96%</p><p>Infusion reaction more frequent in the intervention group that could bring to functional unblinding.</p><p>Result analysed in accordance with a pre-specified analysis plan.</p>",NA,Not available,No unambiguous matched trial-level estimate,1.1,FALSE,FALSE,-0.03324021528476897,0.08299276017602783,0.006887798241635671,FALSE,FALSE,FALSE,FALSE,FALSE,FALSE,FALSE,FALSE,FALSE,FALSE,FALSE
1,1,ADAS-Cog scale at 18 months,Crenezumab,3,SUBGROUP_AND_OVERALL,CREAD 2 2022,2022,NA,NA,7.16,4.9,NA,12,8.9,5.07,NA,15,NA,NA,0.31796776565665047,-0.3377306247437116,-1.1030536622352447,0.42759241274782145,NA,Low risk,<p>Central randomisation. The Master Medication List was not available at the study center.</p>,Some concerns,"<p>Study was doble blind, however, participants experienced side effects or toxicities that carers or people delivering the interventions knew to be specific to one of the interventions</p>",Low risk,<p>Included in Modified intention-to-treat analyses (MITT): CRE 3% Placebo 4%. Missingness in the outcome could not depend on its true value.</p>,Some concerns,<p>Infusion reaction more frequent in the intervention group that could bring to functional unblinding.</p>,Low risk,<p>Result analysed in accordance with a pre-specified analysis plan.</p>,Some concerns,"<p>Central randomisation. The Master Medication List was not available at the study center.</p><p>Study was doble blind, however, participants experienced side effects or toxicities that carers or people delivering the interventions knew to be specific to one of the interventions.</p><p>Included in Modified intention-to-treat analyses (MITT): CRE 3% Placebo 4%. Missingness in the outcome could not depend on its true value.</p><p>Infusion reaction more frequent in the intervention group that could bring to functional unblinding.</p><p>Result analysed in accordance with a pre-specified analysis plan.</p>",-3.79,Imbimbo 2024 Table 1,"Crenezumab 60 mg/kg, 53 weeks",1.1,FALSE,FALSE,-0.3377306247437116,0.3904781126226317,0.15247315643733267,TRUE,FALSE,FALSE,TRUE,FALSE,FALSE,FALSE,FALSE,FALSE,FALSE,FALSE
1,1,ADAS-Cog scale at 18 months,Donanemab,4,SUBGROUP_AND_OVERALL,TRAILBLAZER-ALZ 2 2023,2023,NA,NA,5.7,7.637585,NA,607,7.05,7.805767,NA,677,NA,NA,12.925673195416357,-0.17461605996336704,-0.28438211418742354,-0.06485000573931052,NA,Low risk,"<p>Eligible participants were randomly assigned in a 1:1 ratio (Figure 1) by a computer-generated sequence using interactive web response systems, with stratification by baseline tau categorization and enrolling sites; the randomization block size was 4</p>",Low risk,"<p>This is a double-blind study, with design to maintain blinding to treatment. To preserve the blinding of the study, a minimal number of Lilly personnel will see the randomization table and treatment assignments before the study is complete. Investigational product will be prepared by an unblinded pharmacist or other qualified unblinded personnel and will be administered by a blinded nurse or other qualified blinded personnel, as described in the pharmacy preparation instructions. Emergency unblinding at a participant level for AEs may be performed through the IWRS.&nbsp;<br>All unblinding events are recorded and reported by the IWRS. attempts to<br>minimize bias included blinding CDR raters to adverse event<br>information. However, participants experienced side effects or toxicities that carers or people delivering the interventions knew to be specific to one of the interventions but deviation from the intended interventions because of functional unblinding unlikely</p><p>&nbsp;</p><p>The efficacy analyses were conducted by using the evaluable<br>efficacy population (participants with a baseline and at least 1 post baseline efficacy measurement based onrandomized treatment</p>",Some concerns,"<p>29% and 22.7% of participants with missing data in the exp and ctrl group, respectively</p><p>% missing balanced between groups</p>",Some concerns,<p>infusion reaction more frequent in the intervention group that could bring to functional unblinding.</p>,Low risk,"<p>&nbsp; result analysed in accordance with a pre-specified analysis plan<br>outcome measures unlikely to be selected, on the basis of the results, from multiple measurements or multiple analyses&nbsp;</p>",Some concerns,"<p>Eligible participants were randomly assigned in a 1:1 ratio<br>(Figure 1) by a computer-generated sequence using interactive<br>web response systems, with stratification by baseline<br>tau categorization and enrolling sites; the randomization<br>block size was 4</p><p>This is a double-blind study, with design to maintain blinding to treatment. To preserve the blinding of the study, a minimal number of Lilly personnel will see the randomization table and treatment assignments before the study is complete. Investigational product will be prepared by an unblinded pharmacist or other qualified unblinded personnel and will be administered by a blinded nurse or other qualified blinded personnel, as<br>described in the pharmacy preparation instructions. Emergency unblinding at a participant level for AEs may be performed through the IWRS.&nbsp;<br>All unblinding events are recorded and reported by the IWRS. attempts to<br>minimize bias included blinding CDR raters to adverse event<br>information. However, participants experienced side effects or toxicities that carers or people delivering the interventions knew to be specific to one of the interventions but deviation from the intended interventions because of functional unblinding unlikely</p><p>&nbsp;</p><p>The efficacy analyses were conducted by using the evaluable<br>efficacy population (participants with a baseline and at least 1 post baseline efficacy measurement based onrandomized treatment</p><p>29% and 22.7% of participants with missing data in the exp and ctrl group, respectively</p><p>% missing balanced between groups</p><p>infusion reaction more frequent in the intervention group that could bring to functional unblinding.</p><p>result analysed in accordance with a pre-specified analysis plan<br>outcome measures unlikely to be selected, on the basis of the results, from multiple measurements or multiple analyses&nbsp;</p>",-86.33,Imbimbo 2024 Table 1,"Donanemab, 76 weeks",1.1,FALSE,FALSE,-0.17461605996336704,0.0560041179786349,0.003136461230564857,TRUE,TRUE,TRUE,TRUE,TRUE,TRUE,TRUE,TRUE,TRUE,TRUE,TRUE
1,1,ADAS-Cog scale at 18 months,Gantenerumab,5,SUBGROUP_AND_OVERALL,SCarlet RoAD 2017,2017,NA,NA,5.54,9.27,NA,167,5.77,9.27,NA,175,NA,NA,3.947266886120027,-0.02475644808313742,-0.23678810339241205,0.1872752072261372,NA,Low risk,<p>Central randomization with minimization and stratification is described. Central allocation with a designated unblinded medication preparer not involved in patient care supports concealment.&nbsp;</p>,Low risk,"<p>Study was doble blind, however, participants experienced side effects or toxicities that carers or people delivering the interventions knew to be specific to one of the interventions</p>",Low risk,<p>Availability of data from 95% of the participants.</p>,Some concerns,<p>Infusion reaction more frequent in the intervention group that could bring to functional unblinding</p>,Low risk,<p>Result analysed in accordance with a pre-specified analysis plan.</p>,Some concerns,"<p>Central randomization with minimization (biased-coin) and stratification is described. Central allocation with a designated unblinded medication preparer not involved in patient care supports concealment.&nbsp;</p><p>Study was doble blind, however, participants experienced side effects or toxicities that carers or people delivering the interventions knew to be specific to one of the interventions</p><p>Availability of data from 95% of the participants.&nbsp;</p><p>Infusion reaction more frequent in the intervention group that could bring to functional unblinding</p><p>Result analysed in accordance with a pre-specified analysis plan.</p>",-12.64,Imbimbo 2024 Table 1,Gantenerumab 225 mg every 4 weeks,1.1,FALSE,FALSE,-0.02475644808313742,0.10818140383280168,0.011703216135235719,TRUE,FALSE,FALSE,TRUE,TRUE,TRUE,TRUE,TRUE,TRUE,TRUE,FALSE
1,1,ADAS-Cog scale at 18 months,Lecanemab,6,SUBGROUP_AND_OVERALL,CLARITY AD 2023,2023,NA,NA,4.14,8.8,NA,854,5.58,8.8,NA,872,NA,NA,16.472467790500122,-0.16356516579866837,-0.258081715008226,-0.06904861658911071,NA,Low risk,"<p>Subjects were assigned to treatments, (allocated 1:1; BAN2401:placebo), based on a computer-generated randomization scheme that was reviewed and approved by an independent statistician.<br>Randomization was performed centrally by an IxRS (INTERACTIVE voice and web response system. The IxRS or clinical supply vendor generated the randomized blister card identification numbers. At enrollment (and after<br>successful completion of Visit 1 and Visit 2), the investigator or designee called the IxRS to register the subject information. At randomization (Visit 3), the IxRS assigned each subject a unique 6-digit randomization number&nbsp;</p>",Low risk,"<p>subjects and all personnel involved with the conduct and<br>interpretation of the study, including investigators, site personnel, and sponsor staff were blinded to the treatment codes. In the event that emergency conditions require knowledge of the study treatment given, the blind may be broken via the code breaker facility within the IxRS. However, participants experienced side effects or toxicities that carers or people delivering the interventions knew to be specific to one of the interventions but deviation from the intended interventions because of functional unblinding unlikely</p><p>Efficacy analyses were performed in the modified intention-to-treat population, which was defined as the group of randomly assigned participants who received at least one dose of lecanemab or placebo and who had a baseline assessment<br>and at least one postdose primary efficacy (CDR-SB) measurement</p>",Low risk,<p>Less than 5% off participants with missing data ( n.61)&nbsp;</p>,Some concerns,<p>infusion reaction more frequent in the intervention group that could bring to functional unblinding</p>,Low risk,"<p>result analysed in accordance with a pre-specified analysis plan</p><p>outcome measures unlikely to be selected, on the basis of the results, from multiple measurements or multiple analyses&nbsp;</p>",Some concerns,"<p>Subjects were assigned to treatments, (allocated 1:1; BAN2401:placebo), based on a computer-generated randomization scheme that was reviewed and approved by an independent statistician.<br>Randomization was performed centrally by an IxRS (INTERACTIVE voice and web response system. The IxRS or clinical supply vendor generated the randomized blister card identification numbers. At enrollment (and after<br>successful completion of Visit 1 and Visit 2), the investigator or designee called the IxRS to register the subject information. At randomization (Visit 3), the IxRS assigned each subject a unique 6-digit randomization number</p><p>subjects and all personnel involved with the conduct and<br>interpretation of the study, including investigators, site personnel, and sponsor staff were blinded to the treatment codes. In the event that emergency conditions require knowledge of the study treatment given, the blind may be broken via the code breaker facility within the IxRS. However, participants experienced side effects or toxicities that carers or people delivering the interventions knew to be specific to one of the interventions but deviation from the intended interventions because of functional unblinding unlikely</p><p>Efficacy analyses were performed in the modified intention-to-treat population, which was defined as the group of randomly assigned participants who received at least one dose of lecanemab or placebo and who had a baseline assessment<br>and at least one postdose primary efficacy (CDR-SB) measurement</p><p>Less than 5% off participants with missing data ( n.61)</p><p>infusion reaction more frequent in the intervention group that could bring to functional unblinding</p><p>result analysed in accordance with a pre-specified analysis plan<br>outcome measures unlikely to be selected, on the basis of the results, from multiple measurements or multiple analyses</p>",-59.12,Imbimbo 2024 Table 1,Lecanemab 10 mg/kg every 2 weeks,1.1,FALSE,FALSE,-0.16356516579866837,0.04822361530879759,0.0023255170734508973,TRUE,TRUE,TRUE,TRUE,TRUE,TRUE,TRUE,TRUE,TRUE,TRUE,TRUE
1,1,ADAS-Cog scale at 18 months,Solanezumab,7,SUBGROUP_AND_OVERALL,EXPEDITION - EXPEDITION 2 2016,2016,NA,NA,4.08,12.835498,NA,659,6.21,12.616905,NA,663,NA,NA,13.2785921857788,-0.16727429919111023,-0.27527455114545396,-0.05927404723676646,NA,Some concerns,"<p>The study was randomized and double-blind, but the method for sequence generation and allocation concealment was not fully described. Baseline characteristics were well balanced with no evidence of a problematic randomization process.</p>",Low risk,"<p>Study was doble blind, however, participants experienced side effects or toxicities that carers or people delivering the interventions knew to be specific to one of the interventions.</p>",Low risk,<p>There is evidence that the result was not biased by missing outcome data.</p>,Some concerns,<p>Infusion reaction more frequent in the intervention group that could bring to functional unblinding.</p>,Low risk,<p>Result analysed in accordance with a pre-specified analysis plan.</p>,Some concerns,"<p>The study was randomized and double-blind, but the method for sequence generation and allocation concealment was not fully described. Baseline characteristics were well balanced with no evidence of a problematic randomization process.</p><p>Study was doble blind, however, participants experienced side effects or toxicities that carers or people delivering the interventions knew to be specific to one of the interventions.</p><p>There is evidence that the result was not biased by missing outcome data.</p><p>Infusion reaction more frequent in the intervention group that could bring to functional unblinding.</p><p>Result analysed in accordance with a pre-specified analysis plan.</p>",NA,Not available,No plaque PET reduction estimate; soluble-Aβ target,1.1,FALSE,FALSE,-0.16727429919111023,0.05510318189835935,0.003036360655323678,FALSE,FALSE,FALSE,FALSE,FALSE,FALSE,FALSE,FALSE,FALSE,FALSE,FALSE
1,1,ADAS-Cog scale at 18 months,Solanezumab,7,SUBGROUP_AND_OVERALL,EXPEDITION 3 2018,2018,NA,NA,35.09,13.28,NA,1057,36.11,14.27,NA,1072,NA,NA,19.394961852064338,-0.0739546137730699,-0.15894106745847214,0.01103183991233232,NA,Low risk,<p>Assignment to treatment groups was determined by a computergenerated random sequence using an interactive web response system (IWRS).</p>,Low risk,"<p>patients and site personnel were blinded to therapy. In<br>order to preserve blinding, a minimal number of Lilly and contract research organization (CRO)<br>personnel saw the randomization table and treatment assignments before the study is complete. However, participants experienced side effects or toxicities that carers or people delivering the interventions knew to be specific to one of the interventions but deviation from the intended interventions because of functional unblinding unlikely</p><p>&nbsp;</p><p>Analyses were conducted on the basis of a modified<br>intention-to-treat principle and involved only<br>patients who had outcome measurements both at and after baseline</p>",Some concerns,"<p>it was stated that ""Analyses were conducted on the basis of a modified<br>intention-to-treat principle and involved only<br>patients who had outcome measurements both at and after baseline"". however, it is not reported in the results whether all the participants provided outcome after baseline</p>",Some concerns,<p>infusion reaction more frequent in the intervention group that could bring to functional unblinding</p>,Low risk,"<p>result analysed in accordance with a pre-specified analysis plan<br>outcome measures unlikely to be selected, on the basis of the results, from multiple measurements or multiple analyses&nbsp;</p>",Some concerns,"<p>Assignment to treatment groups was determined by a computer generated random sequence using an interactive web response system (IWRS).</p><p>patients and site personnel were e blinded to therapy. In order to preserve blinding, a minimal number of Lilly and contract research organization (CRO)</p><p>personnel saw the randomization table and treatment assignments before the study is complete. However, participants experienced side effects or toxicities that carers or people delivering the interventions knew to be specific to one of the interventions but deviation from the intended interventions because of functional unblinding unlikely</p><p>it was stated that ""Analyses were conducted on the basis of a modified intention-to-treat principle and involved only patients who had outcome measurements both at and after baseline"". however, it is not reported in the results whether all the participants provided outcome after baseline</p><p>infusion reaction more frequent in the intervention group that could bring to functional unblinding</p><p>result analysed in accordance with a pre-specified analysis plan</p><p>outcome measures unlikely to be selected, on the basis of the results, from multiple measurements or multiple analyses&nbsp;</p>",NA,Not available,No plaque PET reduction estimate; soluble-Aβ target,1.1,FALSE,FALSE,-0.0739546137730699,0.043361232326596076,0.0018801964688810405,TRUE,FALSE,FALSE,FALSE,FALSE,FALSE,FALSE,FALSE,FALSE,FALSE,FALSE
1,2,ADAS-Cog scale at 24 months,Gantenerumab,1,SUBGROUP_AND_OVERALL,Marguerite RoAD 2024,2024,-0.584878,0.31607,NA,NA,NA,16,NA,NA,NA,30,NA,NA,40.1701202595337,-0.584878,-1.2043638165935748,0.03460781659357492,NA,Low risk,"<p>The study was randomized and double-blind, but the method for sequence generation and allocation concealment was not fully described. Baseline characteristics were well balanced with no evidence of a problematic randomization process.</p>",Low risk,"<p>Study was double blind, however, participants experienced side effects or toxicities that carers or people delivering the interventions knew to be specific to one of the interventions.</p>",Some concerns,<p>About 69% receiving placebo and 71% receiving gantenerumab completed. There is not evidence that the result was not biased by missing outcome data</p>,Some concerns,<p>Infusion reaction more frequent in the intervention group that could bring to functional unblinding.</p>,Low risk,<p>Result analysed in accordance with a pre-specified analysis plan.</p>,Some concerns,"<p>The study was randomized and double-blind, but the method for sequence generation and allocation concealment was not fully described. Baseline characteristics were well balanced with no evidence of a problematic randomization process.&nbsp;</p><p>Study was double blind, however, participants experienced side effects or toxicities that carers or people delivering the interventions knew to be specific to one of the interventions.</p><p>About 69% receiving placebo and 71% receiving gantenerumab completed. There is not evidence that the result was not biased by missing outcome data.</p><p>Infusion reaction more frequent in the intervention group that could bring to functional unblinding.</p>",NA,Neve 2024 doi:10.3233/JAD-240221,Prior -59.65 CL mapping quarantined: high-dose extension PET cannot establish placebo-adjusted removal during the low-dose randomized phase; compatible PET estimate unknown,1.2,FALSE,FALSE,-0.584878,0.31607,0.0999002449,TRUE,FALSE,FALSE,FALSE,FALSE,FALSE,FALSE,FALSE,FALSE,FALSE,FALSE
1,2,ADAS-Cog scale at 24 months,Crenezumab,2,SUBGROUP_AND_OVERALL,CREAD 2022,2022,0.035927,0.155344,NA,NA,NA,80,NA,NA,NA,86,NA,NA,59.82987974046632,0.035927,-0.2685416452143902,0.3403956452143902,NA,Low risk,<p>Central randomisation. The Master Medication List was not available at the study center.</p>,Some concerns,"<p>Study was double blind, however, participants experienced side effects or toxicities that carers or people delivering the interventions knew to be specific to one of the interventions.</p>",Low risk,<p>Included in Modified intention-to-treat analyses (MITT): CRE 21% Placebo 21%&nbsp;</p>,Some concerns,<p>Infusion reaction more frequent in the intervention group that could bring to functional unblinding.</p>,Low risk,<p>Result analysed in accordance with a pre-specified analysis plan.</p>,Some concerns,"<p>Central randomisation. The Master Medication List was not available at the study center.</p><p>Study was duoble blind, however, participants experienced side effects or toxicities that carers or people delivering the interventions knew to be specific to one of the interventions.</p><p>Included in Modified intention-to-treat analyses (MITT): CRE 21% Placebo 21%. Missingness in the outcome could not depend on its true value.</p><p>Infusion reaction more frequent in the intervention group that could bring to functional unblinding.</p><p>Result analysed in accordance with a pre-specified analysis plan.</p>",-1.99,Imbimbo 2024 Table 1,"Crenezumab 60 mg/kg, 105 weeks",1.2,FALSE,FALSE,0.035927,0.15534400000000007,0.02413175833600002,TRUE,FALSE,FALSE,FALSE,FALSE,FALSE,FALSE,FALSE,FALSE,FALSE,FALSE
1,3,ADAS-Cog scale above 24 months,NA,NA,SUBGROUP_AND_OVERALL,GRADUATE I 2023,2023,NA,NA,8.57,10.499005,NA,499,9.82,12.552948,NA,485,NA,NA,50.25042922304043,-0.10807650501387596,-0.2331434451643425,0.01699043513659054,NA,Low risk,"<p>Randomization was performed centrally using an interactive voice or Web-based response system (IxRS). The ratio was &nbsp;1:1, one active to one placebo. The randomization method was stratified by &nbsp;block-randomization. Randomization to treatment allocation was stratified by geographic region (Western Europe vs. Rest of the World vs. North America), patient APOE ε4 status (carrier vs. non-carrier), patient stage of disease (prodromal vs. mild AD), use of AD medication (present vs. absent)</p>",Low risk,"<p>Double blind. Placebo of identical composition (except protein) and identical volume to gantenerumab was administered by SC injection to all patients randomized to placebo at the same frequency and using the same route of administration. However, participants experienced side effects or toxicities that carers or people delivering the interventions knew to be specific to one of the interventions but deviation from the intended interventions because of functional unblinding unlikely</p><p>The primary efficacy analysis was based on an intent-to-treat (ITT)<br>population, which included all randomized participants during the global enrollment phase, with participants grouped according to their randomly assigned treatment</p>",Low risk,<p>only 1 patient lost at FU in the placebo group</p>,Some concerns,<p>infusion reaction more frequent in the intervention group that could bring to functional unblinding)</p>,Low risk,"<p>result analysed in accordance with a pre-specified analysis plan</p><p>outcome measures unlikely to be selected, on the basis of the results, from multiple measurements or multiple analyses&nbsp;</p>",Some concerns,"<p>Randomization was performed centrally using an interactive voice or Web-based response system (IxRS). The ratio was 1:1, one active to one placebo. The randomization method was stratified by&nbsp; block-randomization. Randomization to treatment allocation was stratified by geographic region (Western Europe vs. Rest of the World vs. North America), patient APOE ε4 status (carrier vs. non-carrier), patient stage of disease (prodromal vs. mild AD), use of AD medication (present vs. absent),</p><p>Double blind. Placebo of identical composition (except protein) and identical volume to gantenerumab was administered by SC injection to all patients randomized to placebo at the same frequency and using the same route of administration. However, participants experienced side effects or toxicities that carers or people delivering the interventions knew to be specific to one of the interventions but deviation from the intended interventions because of functional unblinding unlikely</p><p>The primary efficacy analysis will be based on an intent-to-treat (ITT)<br>population, which will include all randomized participants during the global enrollment phase, with participants grouped according to their randomly assigned treatment</p><p>only 1 patient lost at FU in the placebo group</p><p>infusion reaction more frequent in the intervention group that could bring to functional unblinding)</p><p>result analysed in accordance with a pre-specified analysis plan<br>outcome measures unlikely to be selected, on the basis of the results, from multiple measurements or multiple analyses&nbsp;</p>",-66.44,Bateman 2023 NEJM,"Adjusted active-placebo Centiloid difference, week 116",1.3,FALSE,FALSE,-0.10807650501387596,0.06381083588115834,0.004071822775852124,TRUE,FALSE,FALSE,TRUE,TRUE,TRUE,TRUE,TRUE,TRUE,TRUE,FALSE
1,3,ADAS-Cog scale above 24 months,NA,NA,SUBGROUP_AND_OVERALL,GRADUATE II 2023,2023,NA,NA,6.66,9.372684,NA,498,7.94,10.701762,NA,477,NA,NA,49.74957077695956,-0.1273299020916326,-0.253024827171296,-0.00163497701196924,NA,Low risk,"<p>Randomization was performed centrally using an interactive voice or Web-based response system (IxRS). The ratio was 1:1, one active to one placebo. The randomization method was stratified by block-randomization. Randomization to treatment allocation was stratified by geographic region (Western Europe vs. Rest of the World vs. North America), patient APOE ε4 status (carrier vs. non-carrier), patient stage of disease (prodromal vs. mild AD), use of AD medication (present vs. absent)</p>",Low risk,"<p>Double blind. Placebo of identical composition (except protein) and identical volume to gantenerumab was &nbsp;administered by SC injection to all patients randomized to placebo at the same frequency and using the same route of administration. However, participants experienced side effects or toxicities that carers or people delivering the interventions knew to be specific to one of the interventions but deviation from the intended interventions because of functional unblinding unlikely</p>",Low risk,<p>no participants lost at follow &nbsp;up</p>,Some concerns,<p>infusion reaction more frequent in the intervention group that could bring to functional unblinding)</p>,Low risk,"<p>iresult analysed in accordance with a pre-specified analysis plan</p><p>outcome measures unlikely to be selected, on the basis of the results, from multiple measurements or multiple analyses&nbsp;</p>",Some concerns,"<p>Randomization was performed centrally using an interactive voice or Web-based response system (IxRS). The ratio was 1:1, one active to one placebo. The randomization method was stratified by block-randomization. Randomization to treatment allocation was stratified by geographic region (Western Europe vs. Rest of the World vs. North America), patient APOE ε4 status (carrier vs. non-carrier), patient stage of disease (prodromal vs. mild AD), use of AD medication (present vs. absent),</p><p>Double blind. Placebo of identical composition (except protein) and identical volume to gantenerumab was &nbsp;administered by SC injection to all patients randomized to placebo at the same frequency and using the same route of administration. However, participants experienced side effects or toxicities that carers or people delivering the interventions knew to be specific to one of the interventions but deviation from the intended interventions because of functional unblinding unlikely</p><p>The primary efficacy analysis was &nbsp;based on an intent-to-treat (ITT) population, which &nbsp;included all randomized participants during the global enrollment phase, with participants grouped according to their randomly assigned treatment</p><p>no patient lost at FU&nbsp;</p><p>infusion reaction more frequent in the intervention group that could bring to functional unblinding)</p><p>result analysed in accordance with a pre-specified analysis plan</p><p>outcome measures unlikely to be selected, on the basis of the results, from multiple measurements or multiple analyses&nbsp;</p>",-56.46,Bateman 2023 NEJM,"Adjusted active-placebo Centiloid difference, week 116",1.3,FALSE,FALSE,-0.1273299020916326,0.06413124224278045,0.004112816231602188,TRUE,FALSE,FALSE,TRUE,TRUE,TRUE,TRUE,TRUE,TRUE,TRUE,FALSE
1,4,MMSE scale at 18 months,Aducanumab,1,SUBGROUP_AND_OVERALL,EMERGE 2022,2022,NA,NA,-2.7,3.4,NA,299,-3.3,3.39,NA,288,NA,NA,9.284648843577465,0.17649873250699524,0.01436080351576632,0.33863666149822413,NA,Some concerns,<p>Subjects were randomized to receive aducanumab low dose : aducanumab high dose : placebo in a 1:1:1 ratio. The randomization were &nbsp;stratified by site and ApoE ε4 status (carrier or non-carrier). No further information provided on methods for random sequence generation and allocation concealment</p>,NA,NA,NA,NA,NA,NA,NA,NA,NA,NA,-48.74,Imbimbo 2024 Table 1,"High-dose aducanumab, 78 weeks",1.4,FALSE,FALSE,0.17649873250699524,0.082724953249219,0.006843417890085469,TRUE,TRUE,FALSE,TRUE,TRUE,TRUE,TRUE,TRUE,TRUE,TRUE,TRUE
1,4,MMSE scale at 18 months,Aducanumab,1,SUBGROUP_AND_OVERALL,ENGAGE 2022,2022,NA,NA,-3.6,3.51,NA,295,-3.5,3.65,NA,333,NA,NA,9.93808937673313,-0.02786111284088035,-0.18457804171348471,0.12885581603172402,NA,Some concerns,<p>Subjects were randomized to receive aducanumab low dose : aducanumab high dose : placebo in a 1:1:1 ratio. The randomization was stratified by site and ApoE ε4 status (carrier or non-carrier). No further information provided on methods for random sequence generation and allocation concealment</p>,NA,NA,NA,NA,NA,NA,NA,NA,NA,NA,-42.24,Imbimbo 2024 Table 1,"High-dose aducanumab, 78 weeks",1.4,FALSE,FALSE,-0.02786111284088035,0.07995908603870659,0.006393455440145283,TRUE,TRUE,FALSE,TRUE,TRUE,TRUE,TRUE,TRUE,TRUE,TRUE,TRUE
1,4,MMSE scale at 18 months,Aducanumab,1,SUBGROUP_AND_OVERALL,ENVISION,2022,NA,NA,-1.2,1.48,NA,5,-6,1,NA,3,NA,NA,0.03673742378128684,3.1165966491626023,0.5390114245275348,5.694181873797669,NA,Some concerns,"<p>The study was labeled randomized, but no details on sequence generation or allocation concealment were available. Baseline characteristics were not reported.</p>",NA,NA,NA,NA,NA,NA,NA,NA,NA,NA,NA,Not available,No matched trial-level Centiloid estimate,1.4,FALSE,FALSE,3.1165966491626023,1.3151186679789686,1.7295371108667765,TRUE,TRUE,FALSE,FALSE,FALSE,FALSE,FALSE,FALSE,FALSE,FALSE,FALSE
1,4,MMSE scale at 18 months,Crenezumab,2,SUBGROUP_AND_OVERALL,CREAD 2 2022,2022,NA,NA,-3.21,2.38,NA,12,-3.63,2.46,NA,15,NA,NA,0.4218716877121242,0.16793884927381217,-0.5926977031526056,0.92857540170023,NA,Low risk,<p>Central randomisation. The Master Medication List was not available at the study center.</p>,NA,NA,NA,NA,NA,NA,NA,NA,NA,NA,-3.79,Imbimbo 2024 Table 1,"Crenezumab 60 mg/kg, 53 weeks",1.4,FALSE,FALSE,0.16793884927381217,0.3880870048767335,0.15061152335419375,TRUE,FALSE,FALSE,TRUE,FALSE,FALSE,FALSE,FALSE,FALSE,FALSE,FALSE
1,4,MMSE scale at 18 months,Donanemab,3,SUBGROUP_AND_OVERALL,TRAILBLAZER-ALZ 2 2023,2023,NA,NA,-2.65,3.919184,NA,600,-3.22,3.908644,NA,679,NA,NA,20.1855746897889,0.14556071158732342,0.03559766079525875,0.2555237623793881,NA,Low risk,"<p>Eligible participants were randomly assigned in a 1:1 ratio (Figure 1) by a computer-generated sequence using interactive web response systems, with stratification by baseline tau categorization and enrolling sites; the randomization block size was 4</p>",NA,NA,NA,NA,NA,NA,NA,NA,NA,NA,-86.33,Imbimbo 2024 Table 1,"Donanemab, 76 weeks",1.4,FALSE,FALSE,0.14556071158732342,0.05610462827860064,0.0031477293142799546,TRUE,TRUE,TRUE,TRUE,TRUE,TRUE,TRUE,TRUE,TRUE,TRUE,TRUE
1,4,MMSE scale at 18 months,Solanezumab,4,SUBGROUP_AND_OVERALL,EXPEDITION - EXPEDITION 2 2016,2016,NA,NA,-1.83,5.647619,NA,659,-2.76,5.664733,NA,663,NA,NA,20.928502684806936,0.16432765990782358,0.0563340002018026,0.27232131961384454,NA,Some concerns,"<p>The study was randomized and double-blind, but the method for sequence generation and allocation concealment was not fully described. Baseline characteristics were well balanced with no evidence of a problematic randomization process.</p>",NA,NA,NA,NA,NA,NA,NA,NA,NA,NA,NA,Not available,No plaque PET reduction estimate; soluble-Aβ target,1.4,FALSE,FALSE,0.16432765990782358,0.05509981844455368,0.003035989992622778,FALSE,FALSE,FALSE,FALSE,FALSE,FALSE,FALSE,FALSE,FALSE,FALSE,FALSE
1,4,MMSE scale at 18 months,Solanezumab,4,SUBGROUP_AND_OVERALL,EXPEDITION 3 2018,2018,NA,NA,19.62,5.3,NA,1057,19.09,5.56,NA,1072,NA,NA,33.77657238695288,0.09752706631305172,0.01251912032856845,0.182535012297535,NA,Low risk,<p>Assignment to treatment groups was determined by a computergenerated random sequence using an interactive web response system (IWRS).</p>,NA,NA,NA,NA,NA,NA,NA,NA,NA,NA,NA,Not available,No plaque PET reduction estimate; soluble-Aβ target,1.4,FALSE,FALSE,0.09752706631305172,0.04337219798680748,0.0018811475582068266,TRUE,FALSE,FALSE,FALSE,FALSE,FALSE,FALSE,FALSE,FALSE,FALSE,FALSE
1,4,MMSE scale at 18 months,Gantenerumab,5,SUBGROUP_AND_OVERALL,SCarlet RoAD 2017,2017,NA,NA,-2.73,4.15,NA,167,-2.93,4.15,NA,175,NA,NA,5.428002906647275,0.04808638527620419,-0.16396803771329993,0.2601408082657083,NA,Low risk,<p>Central randomization with minimization and stratification is described. Central allocation with a designated unblinded medication preparer not involved in patient care supports concealment.&nbsp;</p>,NA,NA,NA,NA,NA,NA,NA,NA,NA,NA,-12.64,Imbimbo 2024 Table 1,Gantenerumab 225 mg every 4 weeks,1.4,FALSE,FALSE,0.04808638527620419,0.10819302020963772,0.011705729622083078,TRUE,FALSE,FALSE,TRUE,TRUE,TRUE,TRUE,TRUE,TRUE,TRUE,FALSE
1,5,MMSE scale at 24 months,Gantenerumab,1,SUBGROUP_AND_OVERALL,Marguerite RoAD 2024,2024,0.184919,0.312088,NA,NA,NA,16,NA,NA,NA,29,NA,NA,18.85445896457569,0.184919,-0.4267622400071364,0.7966002400071364,NA,Low risk,"<p>The study was randomized and double-blind, but the method for sequence generation and allocation concealment was not fully described. Baseline characteristics were well balanced with no evidence of a problematic randomization process.</p>",NA,NA,NA,NA,NA,NA,NA,NA,NA,NA,NA,Neve 2024 doi:10.3233/JAD-240221,Prior -59.65 CL mapping quarantined: high-dose extension PET cannot establish placebo-adjusted removal during the low-dose randomized phase; compatible PET estimate unknown,1.5,FALSE,FALSE,0.184919,0.3120880000000001,0.09739891974400006,TRUE,FALSE,FALSE,FALSE,FALSE,FALSE,FALSE,FALSE,FALSE,FALSE,FALSE
1,5,MMSE scale at 24 months,Crenezumab,2,SUBGROUP_AND_OVERALL,CREAD 2022,2022,-0.094021,0.150436,NA,NA,NA,87,NA,NA,NA,90,NA,NA,81.1455410354243,-0.094021,-0.3888701419782675,0.20082814197826757,NA,Low risk,<p>Central randomisation. The Master Medication List was not available at the study center.</p>,NA,NA,NA,NA,NA,NA,NA,NA,NA,NA,-1.99,Imbimbo 2024 Table 1,"Crenezumab 60 mg/kg, 105 weeks",1.5,FALSE,FALSE,-0.094021,0.15043600000000004,0.022630990096000014,TRUE,FALSE,FALSE,FALSE,FALSE,FALSE,FALSE,FALSE,FALSE,FALSE,FALSE
1,6,ADAS-Cog 24 months mean difference,NA,NA,SUBGROUP_AND_OVERALL,CREAD 2022,2022,0.26,1.09,NA,NA,NA,NA,NA,NA,NA,NA,NA,NA,58.04776376983549,0.26,-1.8763607431486593,2.3963607431486595,NA,Low risk,<p>Central randomisation. The Master Medication List was not available at the study center.</p>,NA,NA,NA,NA,NA,NA,NA,NA,NA,NA,-1.99,Imbimbo 2024 Table 1,"Crenezumab 60 mg/kg, 105 weeks",1.6,FALSE,TRUE,0.26,1.0900000000000005,1.188100000000001,TRUE,FALSE,FALSE,FALSE,FALSE,FALSE,FALSE,FALSE,FALSE,FALSE,FALSE
1,6,ADAS-Cog 24 months mean difference,NA,NA,SUBGROUP_AND_OVERALL,Marguerite RoAD 2024,2024,-3.71,1.93,NA,NA,NA,NA,NA,NA,NA,NA,NA,NA,41.95223623016451,-3.71,-7.492730490162304,0.07273049016230448,NA,Low risk,"<p>The study was randomized and double-blind, but the method for sequence generation and allocation concealment was not fully described. Baseline characteristics were well balanced with no evidence of a problematic randomization process.</p>",NA,NA,NA,NA,NA,NA,NA,NA,NA,NA,NA,Neve 2024 doi:10.3233/JAD-240221,Prior -59.65 CL mapping quarantined: high-dose extension PET cannot establish placebo-adjusted removal during the low-dose randomized phase; compatible PET estimate unknown,1.6,FALSE,TRUE,-3.71,1.9300000000000006,3.7249000000000025,TRUE,FALSE,FALSE,FALSE,FALSE,FALSE,FALSE,FALSE,FALSE,FALSE,FALSE
2,1,CDR-SB scale at 18 months,Aducanumab,1,SUBGROUP_AND_OVERALL,EMERGE 2022,2022,NA,NA,1.35,1.85,NA,299,1.74,1.866762,NA,288,NA,NA,12.020244506949188,-0.20960656521752616,-0.3718743020776729,-0.0473388283573794,NA,Some concerns,<p>Subjects were randomized to receive aducanumab low dose : aducanumab high dose : placebo in a 1:1:1 ratio. The randomization were &nbsp;stratified by site and ApoE ε4 status (carrier or non-carrier). No further information provided on methods for random sequence generation and allocation concealment</p>,Low risk,"<p>Investigators, study site staff (except for the designated unblinded pharmacist/technician), and study subjects were blinded to the subjects’ randomized treatment assignment for the placebo controlled<br>period. However, participants experienced side effects or toxicities that carers or people delivering the interventions knew to be specific to one of the interventions but deviation from the intended interventions because of functional unblinding unlikely</p><p>randomized and dosed population analysed were all randomized patients who had received ≥1 dose of study treatment)</p>",Low risk,<p>participants lost at FU were less than 5% of the overall sample</p>,Some concerns,<p>infusion reaction more frequent in the intervention group that could bring to functional unblinding</p>,Low risk,"<p>result analysed in accordance with a pre-specified analysis plan<br>outcome measures unlikely to be selected, on the basis of the results, from multiple measurements or multiple analyses&nbsp;</p>",Some concerns,"<p>Subjects were randomized to receive aducanumab low dose : aducanumab high dose : placebo in a 1:1:1 ratio. The randomization was stratified by site and ApoE ε4 status (carrier or non-carrier). No further information provided on methods for random sequence generation and allocation concealment&nbsp;</p><p>Investigators, study site staff (except for the designated unblinded pharmacist/technician), and study subjects were blinded to the subjects’ randomized treatment assignment for the placebo controlled<br>period. However, participants experienced side effects or toxicities that carers or people delivering the interventions knew to be specific to one of the interventions but deviation from the intended interventions because of functional unblinding unlikely</p><p>randomized and dosed population analysed were all randomized patients who had received ≥1 dose of study treatment)</p><p>participants lost at FU were less than 5% of the overall sample</p><p>infusion reaction more frequent in the intervention group that could bring to functional unblinding</p><p>result analysed in accordance with a pre-specified analysis plan<br>outcome measures unlikely to be selected, on the basis of the results, from multiple measurements or multiple analyses&nbsp;</p>",-48.74,Imbimbo 2024 Table 1,"High-dose aducanumab, 78 weeks",2.1,FALSE,FALSE,-0.20960656521752616,0.08279118297075559,0.006854379977697131,TRUE,TRUE,FALSE,TRUE,TRUE,TRUE,TRUE,TRUE,TRUE,TRUE,TRUE
2,1,CDR-SB scale at 18 months,Aducanumab,1,SUBGROUP_AND_OVERALL,ENGAGE 2022,2022,NA,NA,1.59,1.88,NA,295,1.56,2.007312,NA,333,NA,NA,12.36019900217646,0.01537756078862819,-0.14133406764528272,0.17208918922253913,NA,Some concerns,<p>Subjects were randomized to receive aducanumab low dose : aducanumab high dose : placebo in a 1:1:1 ratio. The randomization was stratified by site and ApoE ε4 status (carrier or non-carrier). No further information provided on methods for random sequence generation and allocation concealment</p>,Low risk,"<p>Investigators, study site staff (except for the designated unblinded pharmacist/technician), and study subjects were blinded to the subjects’ randomized treatment assignment for the placebo controlled<br>period. However, participants experienced side effects or toxicities that carers or people delivering the interventions knew to be specific to one of the interventions but deviation from the intended interventions because of functional unblinding unlikely</p><p>randomized and dosed population analysed were all randomized patients who had received ≥1 dose of study treatment)</p>",Low risk,<p>participants lost at FU were less than 5% of the overall sample</p>,Some concerns,<p>infusion reaction more frequent in the intervention group that could bring to functional unblinding</p>,Low risk,"<p>result analysed in accordance with a pre-specified analysis plan<br>outcome measures unlikely to be selected, on the basis of the results, from multiple measurements or multiple analyses&nbsp;</p>",Some concerns,"<p>Subjects were randomized to receive aducanumab low dose : aducanumab high dose : placebo in a 1:1:1 ratio. The randomization was stratified by site and ApoE ε4 status (carrier or non-carrier). No further information provided on methods for random sequence generation and allocation concealment&nbsp;</p><p>Investigators, study site staff (except for the designated unblinded pharmacist/technician), and study subjects were blinded to the subjects’ randomized treatment assignment for the placebo controlled<br>period. However, participants experienced side effects or toxicities that carers or people delivering the interventions knew to be specific to one of the interventions but deviation from the intended interventions because of functional unblinding unlikely</p><p>randomized and dosed population analysed were all randomized patients who had received ≥1 dose of study treatment)</p><p>participants lost at FU were less than 5% of the overall sample</p><p>infusion reaction more frequent in the intervention group that could bring to functional unblinding</p><p>result analysed in accordance with a pre-specified analysis plan<br>outcome measures unlikely to be selected, on the basis of the results, from multiple measurements or multiple analyses&nbsp;</p>",-42.24,Imbimbo 2024 Table 1,"High-dose aducanumab, 78 weeks",2.1,FALSE,FALSE,0.01537756078862819,0.0799563816835576,0.0063930229719267465,TRUE,TRUE,FALSE,TRUE,TRUE,TRUE,TRUE,TRUE,TRUE,TRUE,TRUE
2,1,CDR-SB scale at 18 months,Aducanumab,1,SUBGROUP_AND_OVERALL,ENVISION,2022,NA,NA,1.56,1.635,NA,8,0.67,0.408,NA,6,NA,NA,0.6246851396738263,0.6528580708871715,-0.4434098046021674,1.7491259463765103,NA,Some concerns,"<p>The study was labeled randomized, but no details on sequence generation or allocation concealment were available. Baseline characteristics were not reported.</p>",High risk,"<p>Study was doble blind, however, participants experienced side effects or toxicities that carers or people delivering the interventions knew to be specific to one of the interventions. No information about analysis methods.</p>",Some concerns,<p>The trial report provides no information about the extent of missing outcome data.</p>,Some concerns,<p>Infusion reaction more frequent in the intervention group that could bring to functional unblinding</p>,Some concerns,"<p>The prespecified statistical analysis plan was not publicly available. Multiple potential clinical outcomes and analyses existed, creating some uncertainty regarding selective reporting.</p>",High risk,"<p>The study was labeled randomized, but no details on sequence generation or allocation concealment were available. Baseline characteristics were not reported.&nbsp;</p><p>Study was doble blind, however, participants experienced side effects or toxicities that carers or people delivering the interventions knew to be specific to one of the interventions. No information about analysis methods.</p><p>The trial report provides no information about the extent of missing outcome data.</p><p>Infusion reaction more frequent in the intervention group that could bring to functional unblinding</p><p>The prespecified statistical analysis plan was not publicly available. Multiple potential clinical outcomes and analyses existed, creating some uncertainty regarding selective reporting.</p>",NA,Not available,No matched trial-level Centiloid estimate,2.1,FALSE,FALSE,0.6528580708871715,0.5593306224688619,0.3128507452314045,TRUE,TRUE,FALSE,FALSE,FALSE,FALSE,FALSE,FALSE,FALSE,FALSE,FALSE
2,1,CDR-SB scale at 18 months,Crenezumab,2,SUBGROUP_AND_OVERALL,CREAD 2 2022,2022,NA,NA,1.89,1.53,NA,12,3.19,1.6,NA,15,NA,NA,1.1594191300883518,-0.8031462679187892,-1.5968378115421125,-0.00945472429546601,NA,Low risk,<p>Central randomisation. The Master Medication List was not available at the study center.</p>,Some concerns,"<p>Study was doble blind, however, participants experienced side effects or toxicities that carers or people delivering the interventions knew to be specific to one of the interventions.</p>",Low risk,<p>Included in Modified intention-to-treat analyses (MITT): CRE 3% Placebo 4%. Missingness in the outcome could not depend on its true value.</p>,Some concerns,<p>Infusion reaction more frequent in the intervention group that could bring to functional unblinding.</p>,Low risk,<p>Result analysed in accordance with a pre-specified analysis plan.</p>,Some concerns,"<p>Central randomisation. The Master Medication List was not available at the study center.</p><p>Study was doble blind, however, participants experienced side effects or toxicities that carers or people delivering the interventions knew to be specific to one of the interventions.</p><p>Included in Modified intention-to-treat analyses (MITT): CRE 3% Placebo 4%. Missingness in the outcome could not depend on its true value.</p><p>Infusion reaction more frequent in the intervention group that could bring to functional unblinding.</p><p>Result analysed in accordance with a pre-specified analysis plan.</p>",-3.79,Imbimbo 2024 Table 1,"Crenezumab 60 mg/kg, 53 weeks",2.1,FALSE,FALSE,-0.8031462679187892,0.4049521062039206,0.16398620831899138,TRUE,FALSE,FALSE,TRUE,FALSE,FALSE,FALSE,FALSE,FALSE,FALSE,FALSE
2,1,CDR-SB scale at 18 months,Donanemab,3,SUBGROUP_AND_OVERALL,TRAILBLAZER-ALZ 2 2023,2023,NA,NA,1.72,2.445404,NA,598,2.42,2.333067,NA,672,NA,NA,15.375065314939157,-0.2931287586575765,-0.40390175211272944,-0.18235576520242353,NA,Low risk,"<p>Eligible participants were randomly assigned in a 1:1 ratio (Figure 1) by a computer-generated sequence using interactive web response systems, with stratification by baseline tau categorization and enrolling sites; the randomization block size was 4</p>",Low risk,"<p>This is a double-blind study, with design to maintain blinding to treatment. To preserve the blinding of the study, a minimal number of Lilly personnel will see the randomization table and treatment assignments before the study is complete. Investigational product will be prepared by an unblinded pharmacist or other qualified unblinded personnel and will be administered by a blinded nurse or other qualified blinded personnel, as described in the pharmacy preparation instructions. Emergency unblinding at a participant level for AEs may be performed through the IWRS.&nbsp;<br>All unblinding events are recorded and reported by the IWRS. attempts to minimize bias included blinding CDR raters to adverse event information. However, participants experienced side effects or toxicities that carers or people delivering the interventions knew to be specific to one of the interventions but deviation from the intended interventions because of functional unblinding unlikely</p><p>The efficacy analyses were conducted by using the evaluable<br>efficacy population (participants with a baseline and at least 1 post baseline efficacy measurement based on randomized treatment</p>",Some concerns,"<p>30% and 23.3% of participants with missing data in the exp and ctrl group, respectively. % missing balanced between groups</p>",Some concerns,<p>infusion reaction more frequent in the intervention group that could bring to functional unblinding</p>,Low risk,"<p>result analysed in accordance with a pre-specified analysis plan<br>outcome measures unlikely to be selected, on the basis of the results, from multiple measurements or multiple analyses&nbsp;</p>",Some concerns,"<p>&nbsp;Eligible participants were randomly assigned in a 1:1 ratio (Figure 1) by a computer-generated sequence using interactive web response systems, with stratification by baseline tau categorization and enrolling sites; the randomization block size was 4</p><p>This is a double-blind study, with design to maintain blinding to treatment. To preserve the blinding of the study, a minimal number of Lilly personnel will see the randomization table and treatment assignments before the study is complete. Investigational product will be prepared by an unblinded pharmacist or other qualified unblinded personnel and will be administered by a blinded nurse or other qualified blinded personnel, as described in the pharmacy preparation instructions. Emergency unblinding at a participant level for AEs may be performed through the IWRS.&nbsp;<br>All unblinding events are recorded and reported by the IWRS. attempts to minimize bias included blinding CDR raters to adverse event information. However, participants experienced side effects or toxicities that carers or people delivering the interventions knew to be specific to one of the interventions but deviation from the intended interventions because of functional unblinding unlikely</p><p>&nbsp;</p><p>The efficacy analyses were conducted by using the evaluable<br>efficacy population (participants with a baseline and at least 1 post baseline efficacy measurement based on randomized treatment</p><p>30% and 23.3% of participants with missing data in the exp and ctrl group, respectively</p><p>% missing balanced between groups</p><p>infusion reaction more frequent in the intervention group that could bring to functional unblinding.</p><p>result analysed in accordance with a pre-specified analysis plan<br>outcome measures unlikely to be selected, on the basis of the results, from multiple measurements or multiple analyses&nbsp;</p>",-86.33,Imbimbo 2024 Table 1,"Donanemab, 76 weeks",2.1,FALSE,FALSE,-0.2931287586575765,0.05651787192464567,0.0031942698468906514,TRUE,TRUE,TRUE,TRUE,TRUE,TRUE,TRUE,TRUE,TRUE,TRUE,TRUE
2,1,CDR-SB scale at 18 months,Solanezumab,4,SUBGROUP_AND_OVERALL,EXPEDITION - EXPEDITION 2 2016,2016,NA,NA,1.53,3.337229,NA,659,1.69,3.347342,NA,663,NA,NA,15.574171082918298,-0.04784395515879964,-0.15567074001790648,0.05998282970030719,NA,Some concerns,"<p>The study was randomized and double-blind, but the method for sequence generation and allocation concealment was not fully described. Baseline characteristics were well balanced with no evidence of a problematic randomization process.</p>",Low risk,"<p>Study was doble blind, however, participants experienced side effects or toxicities that carers or people delivering the interventions knew to be specific to one of the interventions.</p>",Low risk,<p>There is evidence that the result was not biased by missing outcome data.</p>,Some concerns,<p>Infusion reaction more frequent in the intervention group that could bring to functional unblinding.</p>,Low risk,<p>Result analysed in accordance with a pre-specified analysis plan.</p>,Some concerns,"<p>The study was randomized and double-blind, but the method for sequence generation and allocation concealment was not fully described. Baseline characteristics were well balanced with no evidence of a problematic randomization process.</p><p>Study was doble blind, however, participants experienced side effects or toxicities that carers or people delivering the interventions knew to be specific to one of the interventions.</p><p>There is evidence that the result was not biased by missing outcome data.</p><p>Infusion reaction more frequent in the intervention group that could bring to functional unblinding.</p><p>Result analysed in accordance with a pre-specified analysis plan.</p>",NA,Not available,No plaque PET reduction estimate; soluble-Aβ target,2.1,FALSE,FALSE,-0.04784395515879964,0.05501467665203585,0.003026614647128058,FALSE,FALSE,FALSE,FALSE,FALSE,FALSE,FALSE,FALSE,FALSE,FALSE,FALSE
2,1,CDR-SB scale at 18 months,Solanezumab,4,SUBGROUP_AND_OVERALL,EXPEDITION 3 2018,2018,NA,NA,5.72,3.18,NA,1057,6.02,3.38,NA,1072,NA,NA,17.086282522604158,-0.09136907215605586,-0.17637083393918862,-0.00636731037292309,NA,Low risk,<p>Assignment to treatment groups was determined by a computergenerated random sequence using an interactive web response system (IWRS).</p>,Low risk,"<p>patients and site personnel were e blinded to therapy. In order to preserve blinding, a minimal number of Lilly and contract research organization (CRO) personnel saw the randomization table and treatment assignments before the study is complete. However, participants experienced side effects or toxicities that carers or people delivering the interventions knew to be specific to one of the interventions but deviation from the intended interventions because of functional unblinding unlikely</p><p>&nbsp;</p><p>Analyses were conducted on the basis of a modified intention-to-treat principle and involved only patients who had outcome measurements both at and after baseline&nbsp;</p>",Some concerns,"<p>it was stated that ""Analyses were conducted on the basis of a modified intention-to-treat principle and involved only patients who had outcome measurements both at and after baseline"". however, it is not reported in the results whether all the participants provided outcome after baseline</p>",Some concerns,<p>infusion reaction more frequent in the intervention group that could bring to functional unblinding</p>,Low risk,"<p>result analysed in accordance with a pre-specified analysis plan</p><p>outcome measures unlikely to be selected, on the basis of the results, from multiple measurements or multiple analyses&nbsp;</p>",Some concerns,"<p>Assignment to treatment groups was determined by a computer generated random sequence using an interactive web response system (IWRS).</p><p>patients and site personnel were e blinded to therapy. In order to preserve blinding, a minimal number of Lilly and contract research organization (CRO) personnel saw the randomization table and treatment assignments before the study is complete. However, participants experienced side effects or toxicities that carers or people delivering the interventions knew to be specific to one of the interventions but deviation from the intended interventions because of functional unblinding unlikely</p><p>Analyses were conducted on the basis of a modified intention-to-treat principle and involved only patients who had outcome measurements both at and after baseline&nbsp;</p><p>it was stated that ""Analyses were conducted on the basis of a modified intention-to-treat principle and involved only patients who had outcome measurements both at and after baseline"". however, it is not reported in the results whether all the participants provided outcome after baseline</p><p>infusion reaction more frequent in the intervention group that could bring to functional unblinding</p><p>result analysed in accordance with a pre-specified analysis plan</p><p>outcome measures unlikely to be selected, on the basis of the results, from multiple measurements or multiple analyses&nbsp;</p>",NA,Not available,No plaque PET reduction estimate; soluble-Aβ target,2.1,FALSE,FALSE,-0.09136907215605586,0.043369042724058116,0.0018808738668011783,TRUE,FALSE,FALSE,FALSE,FALSE,FALSE,FALSE,FALSE,FALSE,FALSE,FALSE
2,1,CDR-SB scale at 18 months,Lecanemab,5,SUBGROUP_AND_OVERALL,CLARITY AD 2023,2023,NA,NA,1.21,2.34,NA,859,1.66,2.34,NA,875,NA,NA,16.476403070688097,-0.19222440616983708,-0.2865815667072063,-0.09786724563246783,NA,Low risk,"<p>Subjects were assigned to treatments, (allocated 1:1; BAN2401:placebo), based on a computer-generated randomization scheme that was reviewed and approved by an independent statistician.<br>Randomization was performed centrally by an IxRS (INTERACTIVE voice and web response system. The IxRS or clinical supply vendor generated the randomized blister card identification numbers. At enrollment (and after<br>successful completion of Visit 1 and Visit 2), the investigator or designee called the IxRS to register the subject information. At randomization (Visit 3), the IxRS assigned each subject a unique 6-digit randomization number&nbsp;</p>",Low risk,"<p>Randomization was performed centrally by an IxRS (INTERACTIVE voice and web response system. The IxRS or clinical supply vendor generated the randomized blister card identification numbers. At enrollment (and after successful completion of Visit 1 and Visit 2), the investigator or designee called the IxRS to register the subject information. At randomization (Visit 3), the IxRS assigned each subject a unique 6-digit randomization number &nbsp;subjects and all personnel involved with the conduct and interpretation of the study, including investigators, site personnel, and sponsor staff were blinded to the treatment codes. In the event that emergency conditions require knowledge of the study treatment given, the blind may be broken via the code breaker facility within the IxRS. However, participants experienced side effects or toxicities that carers or people delivering the interventions knew to be specific to one of the interventions but deviation from the intended interventions because of functional unblinding unlikely</p><p>Efficacy analyses were performed in the modified intention-to-treat population, which was defined as the group of randomly assigned participants who received at least one dose of lecanemab or placebo and who had a baseline assessment and at least one post-dose primary efficacy (CDR-SB) measurement</p>",Low risk,<p>Less than 5% off participants with missing data ( n.61)&nbsp;</p>,Some concerns,<p>infusion reaction more frequent in the intervention group that could bring to functional unblinding</p>,Low risk,"<p>result analysed in accordance with a pre-specified analysis plan</p><p>outcome measures unlikely to be selected, on the basis of the results, from multiple measurements or multiple analyses&nbsp;</p>",Some concerns,"<p>Subjects were assigned to treatments, (allocated 1:1; BAN2401:placebo), based on a computer-generated randomization scheme that was reviewed and approved by an independent statistician.</p><p>Randomization was performed centrally by an IxRS (INTERACTIVE voice and web response system. The IxRS or clinical supply vendor generated the randomized blister card identification numbers. At enrollment (and after successful completion of Visit 1 and Visit 2), the investigator or designee called the IxRS to register the subject information. At randomization (Visit 3), the IxRS assigned each subject a unique 6-digit randomization number &nbsp;subjects and all personnel involved with the conduct and interpretation of the study, including investigators, site personnel, and sponsor staff were blinded to the treatment codes. In the event that emergency conditions require knowledge of the study treatment given, the blind may be broken via the code breaker facility within the IxRS. However, participants experienced side effects or toxicities that carers or people delivering the interventions knew to be specific to one of the interventions but deviation from the intended interventions because of functional unblinding unlikely</p><p>Efficacy analyses were performed in the modified intention-to-treat population, which was defined as the group of randomly assigned participants who received at least one dose of lecanemab or placebo and who had a baseline assessment and at least one post-dose primary efficacy (CDR-SB) measurement</p><p>Less than 5% off participants with missing data ( n.61)&nbsp;</p><p>infusion reaction more frequent in the intervention group that could bring to functional unblinding</p><p>result analysed in accordance with a pre-specified analysis plan</p><p>outcome measures unlikely to be selected, on the basis of the results, from multiple measurements or multiple analyses&nbsp;</p>",-59.12,Imbimbo 2024 Table 1,Lecanemab 10 mg/kg every 2 weeks,2.1,FALSE,FALSE,-0.19222440616983708,0.048142293063365704,0.0023176803813989896,TRUE,TRUE,TRUE,TRUE,TRUE,TRUE,TRUE,TRUE,TRUE,TRUE,TRUE
2,1,CDR-SB scale at 18 months,Gantenerumab,6,SUBGROUP_AND_OVERALL,SCarlet RoAD 2017,2017,NA,NA,1.73,2.56,NA,167,1.6,2.56,NA,175,NA,NA,9.323530229962463,0.05066915011037523,-0.1613886898232896,0.2627269900440401,NA,Low risk,<p>Central randomization with minimization and stratification is described. Central allocation with a designated unblinded medication preparer not involved in patient care supports concealment.&nbsp;</p>,Low risk,"<p>Study was doble blind, however, participants experienced side effects or toxicities that carers or people delivering the interventions knew to be specific to one of the interventions</p>",Low risk,<p>Availability of data from 95% of the participants.&nbsp;</p>,Some concerns,<p>Infusion reaction more frequent in the intervention group that could bring to functional unblinding</p>,Low risk,<p>Result analysed in accordance with a pre-specified analysis plan.</p>,Some concerns,"<p>Central randomization with minimization (biased-coin) and stratification is described. Central allocation with a designated unblinded medication preparer not involved in patient care supports concealment.&nbsp;</p><p>Study was doble blind, however, participants experienced side effects or toxicities that carers or people delivering the interventions knew to be specific to one of the interventions</p><p>Availability of data from 95% of the participants.&nbsp;</p><p>Infusion reaction more frequent in the intervention group that could bring to functional unblinding</p><p>Result analysed in accordance with a pre-specified analysis plan.</p>",-12.64,Imbimbo 2024 Table 1,Gantenerumab 225 mg every 4 weeks,2.1,FALSE,FALSE,0.05066915011037523,0.1081947635805301,0.0117061068662468,TRUE,FALSE,FALSE,TRUE,TRUE,TRUE,TRUE,TRUE,TRUE,TRUE,FALSE
2,2,CDR-SB scale at 24 months,Gantenerumab,1,SUBGROUP_AND_OVERALL,Marguerite RoAD 2024,2024,-0.125093,0.305765,NA,NA,NA,17,NA,NA,NA,29,NA,NA,19.747878238438208,-0.125093,-0.7243813877328897,0.4741953877328897,NA,Low risk,"<p>The study was randomized and double-blind, but the method for sequence generation and allocation concealment was not fully described. Baseline characteristics were well balanced with no evidence of a problematic randomization process.</p>",Low risk,"<p>Study was double blind, however, participants experienced side effects or toxicities that carers or people delivering the interventions knew to be specific to one of the interventions.</p>",Some concerns,<p>About 69% receiving placebo and 71% receiving gantenerumab completed. There is not evidence that the result was not biased by missing outcome data.</p>,Some concerns,<p>Infusion reaction more frequent in the intervention group that could bring to functional unblinding.</p>,Low risk,<p>Result analysed in accordance with a pre-specified analysis plan.</p>,Some concerns,"<p>The study was randomized and double-blind, but the method for sequence generation and allocation concealment was not fully described. Baseline characteristics were well balanced with no evidence of a problematic randomization process.&nbsp;</p><p>Study was double blind, however, participants experienced side effects or toxicities that carers or people delivering the interventions knew to be specific to one of the interventions.</p><p>About 69% receiving placebo and 71% receiving gantenerumab completed. There is not evidence that the result was not biased by missing outcome data.</p><p>Infusion reaction more frequent in the intervention group that could bring to functional unblinding.</p><p>Result analysed in accordance with a pre-specified analysis plan.</p>",NA,Neve 2024 doi:10.3233/JAD-240221,Prior -59.65 CL mapping quarantined: high-dose extension PET cannot establish placebo-adjusted removal during the low-dose randomized phase; compatible PET estimate unknown,2.2,FALSE,FALSE,-0.125093,0.3057650000000001,0.09349223522500007,TRUE,FALSE,FALSE,FALSE,FALSE,FALSE,FALSE,FALSE,FALSE,FALSE,FALSE
2,2,CDR-SB scale at 24 months,Crenezumab,2,SUBGROUP_AND_OVERALL,CREAD 2022,2022,0.07009,0.151677,NA,NA,NA,86,NA,NA,NA,88,NA,NA,80.2521217615618,0.07009,-0.22719145728308185,0.3673714572830818,NA,Low risk,<p>Central randomisation. The Master Medication List was not available at the study center.</p>,Some concerns,"<p>Study was double blind, however, participants experienced side effects or toxicities that carers or people delivering the interventions knew to be specific to one of the interventions.</p>",Low risk,<p>Included in Modified intention-to-treat analyses (MITT): CRE 21% Placebo 21%. Missingness in the outcome could not depend on its true value.</p>,Some concerns,<p>Infusion reaction more frequent in the intervention group that could bring to functional unblinding.</p>,Low risk,<p>Result analysed in accordance with a pre-specified analysis plan.</p>,Some concerns,"<p>Central randomisation. The Master Medication List was not available at the study center.</p><p>Study was double blind, however, participants experienced side effects or toxicities that carers or people delivering the interventions knew to be specific to one of the interventions.</p><p>Included in Modified intention-to-treat analyses (MITT): CRE 21% Placebo 21%. Missingness in the outcome could not depend on its true value.</p><p>Infusion reaction more frequent in the intervention group that could bring to functional unblinding.</p><p>Result analysed in accordance with a pre-specified analysis plan.</p>",-1.99,Imbimbo 2024 Table 1,"Crenezumab 60 mg/kg, 105 weeks",2.2,FALSE,FALSE,0.07009,0.15167700000000006,0.023005912329000018,TRUE,FALSE,FALSE,FALSE,FALSE,FALSE,FALSE,FALSE,FALSE,FALSE,FALSE
2,3,CDR-SB scale above 24 months,NA,NA,SUBGROUP_AND_OVERALL,GRADUATE I 2023,2023,NA,NA,3.35,3.127363,NA,499,3.65,3.523634,NA,485,NA,NA,50.21864864627823,-0.0900598093928467,-0.21509877720365,0.03497915841795661,NA,Low risk,"<p>Randomization was performed centrally using an interactive voice or Web-based response system (IxRS). The ratio was &nbsp;1:1, one active to one placebo. The randomization method was stratified by &nbsp;block-randomization. Randomization to treatment allocation was stratified by geographic region (Western Europe vs. Rest of the World vs. North America), patient APOE ε4 status (carrier vs. non-carrier), patient stage of disease (prodromal vs. mild AD), use of AD medication (present vs. absent)</p>",Low risk,"<p>Double blind. Placebo of identical composition (except protein) and identical volume to gantenerumab was &nbsp;administered by SC injection to all patients randomized to placebo at the same frequency and using the same route of administration. However, participants experienced side effects or toxicities that carers or people delivering the interventions knew to be specific to one of the interventions but deviation from the intended interventions because of functional unblinding unlikely</p><p>The primary efficacy analysis was &nbsp;based on an intent-to-treat (ITT) population, which &nbsp;included all randomized participants during the global enrollment phase, with participants grouped according to their randomly assigned treatment</p>",Low risk,<p>only 1 patient lost at FU in the placebo group</p>,Some concerns,<p>infusion reaction more frequent in the intervention group that could bring to functional unblinding)</p>,Low risk,"<p>result analysed in accordance with a pre-specified analysis plan</p><p>outcome measures unlikely to be selected, on the basis of the results, from multiple measurements or multiple analyses&nbsp;</p>",Some concerns,"<p>Randomization was performed centrally using an interactive voice or Web-based response system (IxRS). The ratio was 1:1, one active to one placebo. The randomization method was stratified by block-randomization. Randomization to treatment allocation was stratified by geographic region (Western Europe vs. Rest of the World vs. North America), patient APOE ε4 status (carrier vs. non-carrier), patient stage of disease (prodromal vs. mild AD), use of AD medication (present vs. absent),</p><p>Double blind. Placebo of identical composition (except protein) and identical volume to gantenerumab was &nbsp;administered by SC injection to all patients randomized to placebo at the same frequency and using the same route of administration. However, participants experienced side effects or toxicities that carers or people delivering the interventions knew to be specific to one of the interventions but deviation from the intended interventions because of functional unblinding unlikely</p><p>The primary efficacy analysis was &nbsp;based on an intent-to-treat (ITT) population, which &nbsp;included all randomized participants during the global enrollment phase, with participants grouped according to their randomly assigned treatment</p><p>only 1 patient lost at FU in the placebo group</p><p>infusion reaction more frequent in the intervention group that could bring to functional unblinding)</p><p>result analysed in accordance with a pre-specified analysis plan</p><p>outcome measures unlikely to be selected, on the basis of the results, from multiple measurements or multiple analyses&nbsp;</p>",-66.44,Bateman 2023 NEJM,"Adjusted active-placebo Centiloid difference, week 116",2.3,FALSE,FALSE,-0.0900598093928467,0.06379656401704051,0.004070001580380348,TRUE,FALSE,FALSE,TRUE,TRUE,TRUE,TRUE,TRUE,TRUE,TRUE,FALSE
2,3,CDR-SB scale above 24 months,NA,NA,SUBGROUP_AND_OVERALL,GRADUATE II 2023,2023,NA,NA,2.85,3.124228,NA,498,3.01,3.276049,NA,477,NA,NA,49.781351353721774,-0.04997081285137941,-0.175557773481756,0.07561614777899717,NA,Low risk,"<p>Randomization was performed centrally using an interactive voice or Web-based response system (IxRS). The ratio was 1:1, one active to one placebo. The randomization method was stratified by block-randomization. Randomization to treatment allocation was stratified by geographic region (Western Europe vs. Rest of the World vs. North America), patient APOE ε4 status (carrier vs. non-carrier), patient stage of disease (prodromal vs. mild AD), use of AD medication (present vs. absent)</p>",Low risk,"<p>Double blind. Placebo of identical composition (except protein) and identical volume to gantenerumab was &nbsp;administered by SC injection to all patients randomized to placebo at the same frequency and using the same route of administration. However, participants experienced side effects or toxicities that carers or people delivering the interventions knew to be specific to one of the interventions but deviation from the intended interventions because of functional unblinding unlikely</p><p>The primary efficacy analysis was &nbsp;based on an intent-to-treat (ITT) population, which &nbsp;included all randomized participants during the global enrollment phase, with participants grouped according to their randomly assigned treatment</p>",Low risk,<p>no participants lost at follow up</p>,Some concerns,<p>infusion reaction more frequent in the intervention group that could bring to functional unblinding</p>,Low risk,"<p>result analysed in accordance with a pre-specified analysis plan</p><p>outcome measures unlikely to be selected, on the basis of the results, from multiple measurements or multiple analyses&nbsp;</p>",Some concerns,"<p>Randomization was performed centrally using an interactive voice or Web-based response system (IxRS). The ratio was 1:1, one active to one placebo. The randomization method was stratified by block-randomization. Randomization to treatment allocation was stratified by geographic region (Western Europe vs. Rest of the World vs. North America), patient APOE ε4 status (carrier vs. non-carrier), patient stage of disease (prodromal vs. mild AD), use of AD medication (present vs. absent),</p><p>Double blind. Placebo of identical composition (except protein) and identical volume to gantenerumab was &nbsp;administered by SC injection to all patients randomized to placebo at the same frequency and using the same route of administration. However, participants experienced side effects or toxicities that carers or people delivering the interventions knew to be specific to one of the interventions but deviation from the intended interventions because of functional unblinding unlikely</p><p>The primary efficacy analysis was &nbsp;based on an intent-to-treat (ITT) population, which &nbsp;included all randomized participants during the global enrollment phase, with participants grouped according to their randomly assigned treatment</p><p>No participants lost at FU&nbsp;</p><p>infusion reaction more frequent in the intervention group that could bring to functional unblinding)</p><p>result analysed in accordance with a pre-specified analysis plan</p><p>outcome measures unlikely to be selected, on the basis of the results, from multiple measurements or multiple analyses&nbsp;</p>",-56.46,Bateman 2023 NEJM,"Adjusted active-placebo Centiloid difference, week 116",2.3,FALSE,FALSE,-0.04997081285137941,0.06407615732788487,0.004105753937907853,TRUE,FALSE,FALSE,TRUE,TRUE,TRUE,TRUE,TRUE,TRUE,TRUE,FALSE
2,4,CDR-SB 24 months mean difference,NA,NA,SUBGROUP_AND_OVERALL,CREAD 2022,2022,0.17,0.42,NA,NA,NA,NA,NA,NA,NA,NA,NA,NA,67.11409395973153,0.17,-0.6531848735068227,0.9931848735068228,NA,Low risk,<p>Central randomisation. The Master Medication List was not available at the study center.</p>,NA,NA,NA,NA,NA,NA,NA,NA,NA,NA,-1.99,Imbimbo 2024 Table 1,"Crenezumab 60 mg/kg, 105 weeks",2.4,FALSE,TRUE,0.17,0.42000000000000015,0.17640000000000014,TRUE,FALSE,FALSE,FALSE,FALSE,FALSE,FALSE,FALSE,FALSE,FALSE,FALSE
2,4,CDR-SB 24 months mean difference,NA,NA,SUBGROUP_AND_OVERALL,Marguerite RoAD 2024,2024,-0.25,0.6,NA,NA,NA,NA,NA,NA,NA,NA,NA,NA,32.88590604026845,-0.25,-1.4259783907240324,0.9259783907240324,NA,Low risk,"<p>The study was randomized and double-blind, but the method for sequence generation and allocation concealment was not fully described. Baseline characteristics were well balanced with no evidence of a problematic randomization process.</p>",NA,NA,NA,NA,NA,NA,NA,NA,NA,NA,NA,Neve 2024 doi:10.3233/JAD-240221,Prior -59.65 CL mapping quarantined: high-dose extension PET cannot establish placebo-adjusted removal during the low-dose randomized phase; compatible PET estimate unknown,2.4,FALSE,TRUE,-0.25,0.6000000000000001,0.3600000000000001,TRUE,FALSE,FALSE,FALSE,FALSE,FALSE,FALSE,FALSE,FALSE,FALSE,FALSE
3,1,DAD total score at 18 months,NA,NA,SUBGROUP_AND_OVERALL,3000 Non Carriers 2016,2016,NA,NA,-19.1,18.097204,NA,213,-18.8,18.301352,NA,155,NA,NA,22.539901454935013,-0.01646474960027812,-0.22339481859563692,0.19046531939508063,NA,Low risk,<p>Allocation of patients to treatment groups using stratified block randomization proceeded through the entering of subject information by the study coordinator or delegate and the dispenser (unblinded pharmacist) into an interactive voice/web response system.&nbsp;</p>,NA,NA,NA,NA,NA,NA,NA,NA,NA,NA,6.52,Imbimbo 2024 Table 1,Highest-dose bapineuzumab arm,3.1,FALSE,FALSE,-0.01646474960027812,0.10557850584377917,0.011146820896204914,FALSE,FALSE,FALSE,FALSE,FALSE,FALSE,FALSE,FALSE,FALSE,FALSE,FALSE
3,1,DAD total score at 18 months,NA,NA,SUBGROUP_AND_OVERALL,3001 Carriers 2016,2016,NA,NA,-10.1,15.056235,NA,198,-10.7,15.466299,NA,146,NA,NA,21.694962823845017,0.03930575318456895,-0.17451986528750046,0.2531313716566384,NA,Low risk,<p>Allocation of patients to treatment groups using stratified block randomization proceeded through the entering of subject information by the study coordinator or delegate and the dispenser (unblinded pharmacist) into an interactive voice/web response system.&nbsp;</p>,NA,NA,NA,NA,NA,NA,NA,NA,NA,NA,-9.6,Imbimbo 2024 Table 1,Bapineuzumab 0.5 mg/kg arm,3.1,FALSE,FALSE,0.03930575318456895,0.10909670797968671,0.011902091692005037,FALSE,FALSE,FALSE,TRUE,TRUE,TRUE,TRUE,FALSE,FALSE,FALSE,FALSE
3,1,DAD total score at 18 months,NA,NA,SUBGROUP_AND_OVERALL,Bapineuzumab-301 2014,2014,NA,NA,-8.4,19.56,NA,201,-12.5,19.37,NA,334,NA,NA,26.887868108840628,0.21059205769464584,0.03516825669746185,0.38601585869182986,NA,Low risk,<p>A large multicentre trial run by the sponsor and academic centres experienced in clinical trials.</p>,NA,NA,NA,NA,NA,NA,NA,NA,NA,NA,NA,Not available,No unambiguous matched trial-level estimate,3.1,FALSE,FALSE,0.21059205769464584,0.08950358393363583,0.008010891536965395,FALSE,FALSE,FALSE,FALSE,FALSE,FALSE,FALSE,FALSE,FALSE,FALSE,FALSE
3,1,DAD total score at 18 months,NA,NA,SUBGROUP_AND_OVERALL,Bapineuzumab-302 2014,2014,NA,NA,-12.8,18.411953,NA,339,-11.5,19.124853,NA,254,NA,NA,28.877267612379335,-0.06935457343093947,-0.23205452598178591,0.093345379119907,NA,Low risk,<p>A large multicentre trial run by the sponsor and academic centres experienced in clinical trials&nbsp;</p>,NA,NA,NA,NA,NA,NA,NA,NA,NA,NA,NA,Not available,No unambiguous matched trial-level estimate,3.1,FALSE,FALSE,-0.06935457343093947,0.08301170523244457,0.006890943205598265,FALSE,FALSE,FALSE,FALSE,FALSE,FALSE,FALSE,FALSE,FALSE,FALSE,FALSE
3,2,ADCS-ADL score at 18 months,Crenezumab,1,SUBGROUP_AND_OVERALL,CREAD 2 2022,2022,NA,NA,-6.31,7.29,NA,12,-8.83,7.57,NA,15,NA,NA,0.7559274621206095,0.3280886894908053,-0.4368849247052403,1.093062303686851,NA,Low risk,<p>Central randomisation. The Master Medication List was not available at the study center.</p>,Some concerns,"<p>Study was double blind, however, participants experienced side effects or toxicities that carers or people delivering the interventions knew to be specific to one of the interventions.</p>",Low risk,<p>Included in Modified intention-to-treat analyses (MITT): CRE 3% Placebo 4%. Missingness in the outcome could not depend on its true value.</p>,Some concerns,<p>Infusion reaction more frequent in the intervention group that could bring to functional unblinding.</p>,Low risk,<p>Result analysed in accordance with a pre-specified analysis plan.</p>,Some concerns,"<p>Central randomisation. The Master Medication List was not available at the study center.</p><p>Study was double blind, however, participants experienced side effects or toxicities that carers or people delivering the interventions knew to be specific to one of the interventions.</p><p>Included in Modified intention-to-treat analyses (MITT): CRE 3% Placebo 4%. Missingness in the outcome could not depend on its true value.</p><p>Infusion reaction more frequent in the intervention group that could bring to functional unblinding.</p><p>Result analysed in accordance with a pre-specified analysis plan.</p>",-3.79,Imbimbo 2024 Table 1,"Crenezumab 60 mg/kg, 53 weeks",3.2,FALSE,FALSE,0.3280886894908053,0.3902998321551111,0.1523339589803079,TRUE,FALSE,FALSE,TRUE,FALSE,FALSE,FALSE,FALSE,FALSE,FALSE,FALSE
3,2,ADCS-ADL score at 18 months,Solanezumab,2,SUBGROUP_AND_OVERALL,EXPEDITION - EXPEDITION 2 2016,2016,NA,NA,-7.13,14.632467,NA,659,-8.55,14.41932,NA,663,NA,NA,38.012367415341146,0.09770045367477606,-0.01017535340074431,0.20557626075029645,NA,Some concerns,"<p>The study was randomized and double-blind, but the method for sequence generation and allocation concealment was not fully described. Baseline characteristics were well balanced with no evidence of a problematic randomization process.</p>",Low risk,"<p>The study was randomized and double-blind, but the method for sequence generation and allocation concealment was not fully described. Baseline characteristics were well balanced with no evidence of a problematic randomization process.</p>",Low risk,<p>There is evidence that the result was not biased by missing outcome data.</p>,Some concerns,<p>Infusion reaction more frequent in the intervention group that could bring to functional unblinding.</p>,Low risk,<p>Result analysed in accordance with a pre-specified analysis plan.</p>,Some concerns,"<p>The study was randomized and double-blind, but the method for sequence generation and allocation concealment was not fully described. Baseline characteristics were well balanced with no evidence of a problematic randomization process.</p><p>Study was double blind, however, participants experienced side effects or toxicities that carers or people delivering the interventions knew to be specific to one of the interventions.</p><p>There is evidence that the result was not biased by missing outcome data.</p><p>Infusion reaction more frequent in the intervention group that could bring to functional unblinding.</p><p>Result analysed in accordance with a pre-specified analysis plan.</p>",NA,Not available,No plaque PET reduction estimate; soluble-Aβ target,3.2,FALSE,FALSE,0.09770045367477606,0.05503968844653832,0.0030293673042920033,FALSE,FALSE,FALSE,FALSE,FALSE,FALSE,FALSE,FALSE,FALSE,FALSE,FALSE
3,2,ADCS-ADL score at 18 months,Solanezumab,2,SUBGROUP_AND_OVERALL,EXPEDITION 3 2018,2018,NA,NA,60.2,13.52,NA,1057,59,14.61,NA,1072,NA,NA,61.23170512253824,0.08520087771527177,2.0490657405015e-4,0.1701968488564934,NA,Low risk,<p>Assignment to treatment groups was determined by a computergenerated random sequence using an interactive web response system (IWRS).</p>,Low risk,"<p>patients and site personnel were e blinded to therapy. In order to preserve blinding, a minimal number of Lilly and contract research organization (CRO) personnel saw the randomization table and treatment assignments before the study is complete. However, participants experienced side effects or toxicities that carers or people delivering the interventions knew to be specific to one of the interventions but deviation from the intended interventions because of functional unblinding unlikely</p><p>Analyses were conducted on the basis of a modified intention-to-treat principle and involved only patients who had outcome measurements both at and after baseline&nbsp;</p>",Some concerns,"<p>it was stated that ""Analyses were conducted on the basis of a modified intention-to-treat principle and involved only patients who had outcome measurements both at and after baseline"". however, it is not reported in the results whether all the participants provided outcome after baseline</p>",Some concerns,<p>infusion reaction more frequent in the intervention group that could bring to functional unblinding</p>,Low risk,"<p>result analysed in accordance with a pre-specified analysis plan</p><p>outcome measures unlikely to be selected, on the basis of the results, from multiple measurements or multiple analyses&nbsp;</p>",Some concerns,"<p>Assignment to treatment groups was determined by a computer generated random sequence using an interactive web response system (IWRS).</p><p>patients and site personnel were e blinded to therapy. In order to preserve blinding, a minimal number of Lilly and contract research organization (CRO) personnel saw the randomization table and treatment assignments before the study is complete. However, participants experienced side effects or toxicities that carers or people delivering the interventions knew to be specific to one of the interventions but deviation from the intended interventions because of functional unblinding unlikely</p><p>&nbsp;</p><p>Analyses were conducted on the basis of a modified intention-to-treat principle and involved only patients who had outcome measurements both at and after baseline&nbsp;</p><p>it was stated that ""Analyses were conducted on the basis of a modified intention-to-treat principle and involved only patients who had outcome measurements both at and after baseline"". however, it is not reported in the results whether all the participants provided outcome after baseline</p><p>infusion reaction more frequent in the intervention group that could bring to functional unblinding</p><p>result analysed in accordance with a pre-specified analysis plan</p><p>outcome measures&nbsp;</p>",NA,Not available,No plaque PET reduction estimate; soluble-Aβ target,3.2,FALSE,FALSE,0.08520087771527177,0.04336608826063082,0.0018806176110288222,TRUE,FALSE,FALSE,FALSE,FALSE,FALSE,FALSE,FALSE,FALSE,FALSE,FALSE
3,3,ADCS-ADL score at 24 months,Gantenerumab,1,SUBGROUP_AND_OVERALL,Marguerite RoAD 2024,2024,0.46747,0.324312,NA,NA,NA,15,NA,NA,NA,28,NA,NA,39.59686480393027,0.46747,-0.16816983975415406,1.103109839754154,NA,Low risk,"<p>The study was randomized and double-blind, but the method for sequence generation and allocation concealment was not fully described. Baseline characteristics were well balanced with no evidence of a problematic randomization process.</p>",Low risk,"<p>Study was double blind, however, participants experienced side effects or toxicities that carers or people delivering the interventions knew to be specific to one of the interventions.</p>",Some concerns,<p>About 69% receiving placebo and 71% receiving gantenerumab completed. There is not evidence that the result was not biased by missing outcome data.</p>,Some concerns,<p>Infusion reaction more frequent in the intervention group that could bring to functional unblinding.</p>,Low risk,<p>Result analysed in accordance with a pre-specified analysis plan.</p>,Some concerns,"<p>The study was randomized and double-blind, but the method for sequence generation and allocation concealment was not fully described. Baseline characteristics were well balanced with no evidence of a problematic randomization process.&nbsp;</p><p>Study was double blind, however, participants experienced side effects or toxicities that carers or people delivering the interventions knew to be specific to one of the interventions.</p><p>About 69% receiving placebo and 71% receiving gantenerumab completed. There is not evidence that the result was not biased by missing outcome data.</p><p>Infusion reaction more frequent in the intervention group that could bring to functional unblinding.</p><p>Result analysed in accordance with a pre-specified analysis plan.</p>",NA,Neve 2024 doi:10.3233/JAD-240221,Prior -59.65 CL mapping quarantined: high-dose extension PET cannot establish placebo-adjusted removal during the low-dose randomized phase; compatible PET estimate unknown,3.3,FALSE,FALSE,0.46747,0.3243120000000001,0.10517827334400007,TRUE,FALSE,FALSE,FALSE,FALSE,FALSE,FALSE,FALSE,FALSE,FALSE,FALSE
3,3,ADCS-ADL score at 24 months,Crenezumab,2,SUBGROUP_AND_OVERALL,CREAD 2022,2022,-0.162711,0.150169,NA,NA,NA,88,NA,NA,NA,90,NA,NA,60.4031351960697,-0.162711,-0.4570368315943954,0.1316148315943954,NA,Low risk,<p>Central randomisation. The Master Medication List was not available at the study center.</p>,Some concerns,"<p>Study was double blind, however, participants experienced side effects or toxicities that carers or people delivering the interventions knew to be specific to one of the interventions.</p>",Low risk,<p>Included in Modified intention-to-treat analyses (MITT): CRE 21% Placebo 21%. Missingness in the outcome could not depend on its true value.</p>,Some concerns,<p>Infusion reaction more frequent in the intervention group that could bring to functional unblinding.</p>,Low risk,<p>Result analysed in accordance with a pre-specified analysis plan.</p>,Some concerns,"<p>Central randomisation. The Master Medication List was not available at the study center.</p><p>Study was double blind, however, participants experienced side effects or toxicities that carers or people delivering the interventions knew to be specific to one of the interventions.</p><p>Included in Modified intention-to-treat analyses (MITT): CRE 21% Placebo 21%. Missingness in the outcome could not depend on its true value.</p><p>Infusion reaction more frequent in the intervention group that could bring to functional unblinding.</p><p>Result analysed in accordance with a pre-specified analysis plan.</p>",-1.99,Imbimbo 2024 Table 1,"Crenezumab 60 mg/kg, 105 weeks",3.3,FALSE,FALSE,-0.162711,0.15016900000000005,0.022550728561000016,TRUE,FALSE,FALSE,FALSE,FALSE,FALSE,FALSE,FALSE,FALSE,FALSE,FALSE
3,4,ADCS-ADL score above 24 months,NA,NA,SUBGROUP_AND_OVERALL,GRADUATE I 2023,2023,NA,NA,-11.21,13.402985,NA,499,-12.32,15.39798,NA,498,NA,NA,50.56287461117292,0.07684384019854736,-0.04734757707930692,0.20103525747640164,NA,Low risk,"<p>Randomization was performed centrally using an interactive voice or Web-based response system (IxRS). The ratio was &nbsp;1:1, one active to one placebo. The randomization method was stratified by &nbsp;block-randomization. Randomization to treatment allocation was stratified by geographic region (Western Europe vs. Rest of the World vs. North America), patient APOE ε4 status (carrier vs. non-carrier), patient stage of disease (prodromal vs. mild AD), use of AD medication (present vs. absent)</p>",Low risk,"<p>Double blind. Placebo of identical composition (except protein) and identical volume to gantenerumab was &nbsp;administered by SC injection to all patients randomized to placebo at the same frequency and using the same route of administration. However, participants experienced side effects or toxicities that carers or people delivering the interventions knew to be specific to one of the interventions but deviation from the intended interventions because of functional unblinding unlikely</p><p>The primary efficacy analysis was &nbsp;based on an intent-to-treat (ITT) population, which &nbsp;included all randomized participants during the global enrollment phase, with participants grouped according to their randomly assigned treatment</p>",Low risk,<p>only 1 patient lost at FU in the placebo group</p>,Some concerns,<p>infusion reaction more frequent in the intervention group that could bring to functional unblinding)</p>,Low risk,"<p>result analysed in accordance with a pre-specified analysis plan</p><p>outcome measures unlikely to be selected, on the basis of the results, from multiple measurements or multiple analyses&nbsp;</p>",Some concerns,"<p>Randomization was performed centrally using an interactive voice or Web-based response system (IxRS). The ratio was 1:1, one active to one placebo. The randomization method was stratified by block-randomization. Randomization to treatment allocation was stratified by geographic region (Western Europe vs. Rest of the World vs. North America), patient APOE ε4 status (carrier vs. non-carrier), patient stage of disease (prodromal vs. mild AD), use of AD medication (present vs. absent),</p><p>Double blind. Placebo of identical composition (except protein) and identical volume to gantenerumab was &nbsp;administered by SC injection to all patients randomized to placebo at the same frequency and using the same route of administration. However, participants experienced side effects or toxicities that carers or people delivering the interventions knew to be specific to one of the interventions but deviation from the intended interventions because of functional unblinding unlikely</p><p>The primary efficacy analysis was &nbsp;based on an intent-to-treat (ITT) population, which &nbsp;included all randomized participants during the global enrollment phase, with participants grouped according to their randomly assigned treatment</p><p>only 1 patient lost at FU in the placebo group</p><p>infusion reaction more frequent in the intervention group that could bring to functional unblinding)</p><p>result analysed in accordance with a pre-specified analysis plan</p><p>outcome measures unlikely to be selected, on the basis of the results, from multiple measurements or multiple analyses&nbsp;</p>",-66.44,Bateman 2023 NEJM,"Adjusted active-placebo Centiloid difference, week 116",3.4,FALSE,FALSE,0.07684384019854736,0.06336413232970624,0.004015013265896523,TRUE,FALSE,FALSE,TRUE,TRUE,TRUE,TRUE,TRUE,TRUE,TRUE,FALSE
3,4,ADCS-ADL score above 24 months,NA,NA,SUBGROUP_AND_OVERALL,GRADUATE II 2023,2023,NA,NA,-8.44,12.94323,NA,498,-9.26,13.541004,NA,477,NA,NA,49.43712538882707,0.06189027591099735,-0.06370718408733608,0.1874877359093308,NA,Low risk,"<p>Randomization was performed centrally using an interactive voice or Web-based response system (IxRS). The ratio was 1:1, one active to one placebo. The randomization method was stratified by block-randomization. Randomization to treatment allocation was stratified by geographic region (Western Europe vs. Rest of the World vs. North America), patient APOE ε4 status (carrier vs. non-carrier), patient stage of disease (prodromal vs. mild AD), use of AD medication (present vs. absent)</p>",Low risk,"<p>Double blind. Placebo of identical composition (except protein) and identical volume to gantenerumab was &nbsp;administered by SC injection to all patients randomized to placebo at the same frequency and using the same route of administration. However, participants experienced side effects or toxicities that carers or people delivering the interventions knew to be specific to one of the interventions but deviation from the intended interventions because of functional unblinding unlikely</p><p>The primary efficacy analysis was &nbsp;based on an intent-to-treat (ITT) population, which &nbsp;included all randomized participants during the global enrollment phase, with participants grouped according to their randomly assigned treatment</p>",Low risk,<p>no participants lost at follow up</p>,Some concerns,<p>infusion reaction more frequent in the intervention group that could bring to functional unblinding</p>,Low risk,"<p>result analysed in accordance with a pre-specified analysis plan</p><p>outcome measures unlikely to be selected, on the basis of the results, from multiple measurements or multiple analyses&nbsp;</p>",Some concerns,"<p>Randomization was performed centrally using an interactive voice or Web-based response system (IxRS). The ratio was 1:1, one active to one placebo. The randomization method was stratified by block-randomization. Randomization to treatment allocation was stratified by geographic region (Western Europe vs. Rest of the World vs. North America), patient APOE ε4 status (carrier vs. non-carrier), patient stage of disease (prodromal vs. mild AD), use of AD medication (present vs. absent),</p><p>Double blind. Placebo of identical composition (except protein) and identical volume to gantenerumab was &nbsp;administered by SC injection to all patients randomized to placebo at the same frequency and using the same route of administration. However, participants experienced side effects or toxicities that carers or people delivering the interventions knew to be specific to one of the interventions but deviation from the intended interventions because of functional unblinding unlikely</p><p>The primary efficacy analysis was &nbsp;based on an intent-to-treat (ITT) population, which &nbsp;included all randomized participants during the global enrollment phase, with participants grouped according to their randomly assigned treatment</p><p>no participants lost at FU&nbsp;</p><p>infusion reaction more frequent in the intervention group that could bring to functional unblinding)</p><p>result analysed in accordance with a pre-specified analysis plan</p><p>outcome measures unlikely to be selected, on the basis of the results, from multiple measurements or multiple analyses&nbsp;</p>",-56.46,Bateman 2023 NEJM,"Adjusted active-placebo Centiloid difference, week 116",3.4,FALSE,FALSE,0.06189027591099735,0.06408151424670566,0.004106440468150741,TRUE,FALSE,FALSE,TRUE,TRUE,TRUE,TRUE,TRUE,TRUE,TRUE,FALSE
3,5,ADCS-ADL-MCI score at 18 months,Aducanumab,1,SUBGROUP_AND_OVERALL,EMERGE 2022,2022,0.274858,0.082955,NA,NA,NA,299,NA,NA,NA,288,NA,NA,20.911556791927104,0.274858,0.1122691876624798,0.4374468123375202,NA,Some concerns,<p>Subjects were randomized to receive aducanumab low dose : aducanumab high dose : placebo in a 1:1:1 ratio. The randomization were &nbsp;stratified by site and ApoE ε4 status (carrier or non-carrier). No further information provided on methods for random sequence generation and allocation concealment</p>,Low risk,<p>Subjects were randomized to receive aducanumab low dose : aducanumab high dose : placebo in a 1:1:1 ratio. The randomization were stratified by site and ApoE ε4 status (carrier or non-carrier). No further information provided on methods for random sequence generation and allocation concealment</p>,Low risk,<p>participants lost at FU were less thn 5% of the overall sample</p>,Some concerns,<p>infusion reaction more frequent in the intervention group that could bring to functional unblinding</p>,Low risk,"<p>result analysed in accordance with a pre-specified analysis plan<br>outcome measures unlikely to be selected, on the basis of the results, from multiple measurements or multiple analyses&nbsp;</p>",Some concerns,"<p>Subjectswere randomized to receive aducanumab low dose : aducanumab high dose : placebo in a 1:1:1 ratio. The randomization was stratified by site and ApoE ε4 status (carrier or non-carrier). No further information provided on methods for random sequence generation and allocation concealment</p><p>Investigators, study site staff (except for the designated unblinded pharmacist/technician), and study subjects will be blinded to the subjects’ randomized treatment assignment for the placebocontrolled<br>period. However, participants experienced side effects or toxicities that carers or people delivering the interventions knew to be specific to one of the interventions but deviation from the intended interventions beacuse of functional unblinding unlikely</p><p>randomized and dosed population analysed were all randomized patients who had received ≥1 dose of study treatment)</p><p>particioants lost at FU were less thn 5% of the overall sample</p><p>infusion reaction more frequent in the intervention group that could bring to functional unblinding</p><p>result analysed in accordance with a pre-specified analysis plan<br>outcome measures unlikely to be selected, on the basis of the results, from multiple measurements or mulptiple analyses&nbsp;</p>",-48.74,Imbimbo 2024 Table 1,"High-dose aducanumab, 78 weeks",3.5,FALSE,FALSE,0.274858,0.08295500000000003,0.006881532025000005,TRUE,TRUE,FALSE,TRUE,TRUE,TRUE,TRUE,TRUE,TRUE,TRUE,TRUE
3,5,ADCS-ADL-MCI score at 18 months,Aducanumab,1,SUBGROUP_AND_OVERALL,ENGAGE 2022,2022,0.121525,0.080029,NA,NA,NA,295,NA,NA,NA,333,NA,NA,22.46863662284363,0.121525,-0.03532895771875602,0.278378957718756,NA,Some concerns,<p>Subjects were randomized to receive aducanumab low dose : aducanumab high dose : placebo in a 1:1:1 ratio. The randomization was stratified by site and ApoE ε4 status (carrier or non-carrier). No further information provided on methods for random sequence generation and allocation concealment</p>,Low risk,"<p>Investigators, study site staff (except for the designated unblinded pharmacist/technician), and study subjects were blinded to the subjects’ randomized treatment assignment for the placebo controlled<br>period. However, participants experienced side effects or toxicities that carers or people delivering the interventions knew to be specific to one of the interventions but deviation from the intended interventions because of functional unblinding unlikely</p><p>randomized and dosed population analysed were all randomized patients who had received ≥1 dose of study treatment)</p>",Low risk,<p>participants lost at FU were less than 5% of the overall sample</p>,Some concerns,<p>infusion reaction more frequent in the intervention group that could bring to functional unblinding</p>,Low risk,"<p>result analysed in accordance with a pre-specified analysis plan<br>outcome measures unlikely to be selected, on the basis of the results, from multiple measurements or multiple analyses&nbsp;</p>",Some concerns,"<p>Subjects were randomized to receive aducanumab low dose : aducanumab high dose : placebo in a 1:1:1 ratio. The randomization was stratified by site and ApoE ε4 status (carrier or non-carrier). No further information provided on methods for random sequence generation and allocation concealment&nbsp;</p><p>Investigators, study site staff (except for the designated unblinded pharmacist/technician), and study subjects were blinded to the subjects’ randomized treatment assignment for the placebo controlled<br>period. However, participants experienced side effects or toxicities that carers or people delivering the interventions knew to be specific to one of the interventions but deviation from the intended interventions because of functional unblinding unlikely</p><p>randomized and dosed population analysed were all randomized patients who had received ≥1 dose of study treatment)</p><p>participants lost at FU were less than 5% of the overall sample</p><p>infusion reaction more frequent in the intervention group that could bring to functional unblinding</p><p>result analysed in accordance with a pre-specified analysis plan<br>outcome measures unlikely to be selected, on the basis of the results, from multiple measurements or multiple analyses&nbsp;</p>",-42.24,Imbimbo 2024 Table 1,"High-dose aducanumab, 78 weeks",3.5,FALSE,FALSE,0.121525,0.08002900000000002,0.006404640841000003,TRUE,TRUE,FALSE,TRUE,TRUE,TRUE,TRUE,TRUE,TRUE,TRUE,TRUE
3,5,ADCS-ADL-MCI score at 18 months,Aducanumab,1,SUBGROUP_AND_OVERALL,ENVISION,2022,0.611056,0.76112899999999994,NA,NA,NA,5,NA,NA,NA,3,NA,NA,0.24840192789568505,0.611056,-0.8807294275889868,2.102841427588987,NA,Some concerns,"<p>The study was labeled randomized, but no details on sequence generation or allocation concealment were available. Baseline characteristics were not reported.</p>",High risk,"<p>Study was doble blind, however, participants experienced side effects or toxicities that carers or people delivering the interventions knew to be specific to one of the interventions. No information about analysis methods.</p>",Some concerns,<p>The trial report provides no information about the extent of missing outcome data.</p>,Some concerns,<p>Infusion reaction more frequent in the intervention group that could bring to functional unblinding</p>,Some concerns,"<p>The prespecified statistical analysis plan was not publicly available. Multiple potential clinical outcomes and analyses existed, creating some uncertainty regarding selective reporting.</p>",High risk,"<p>The study was labeled randomized, but no details on sequence generation or allocation concealment were available. Baseline characteristics were not reported.&nbsp;</p><p>Study was doble blind, however, participants experienced side effects or toxicities that carers or people delivering the interventions knew to be specific to one of the interventions. No information about analysis methods.</p><p>The trial report provides no information about the extent of missing outcome data.</p><p>Infusion reaction more frequent in the intervention group that could bring to functional unblinding</p><p>The prespecified statistical analysis plan was not publicly available. Multiple potential clinical outcomes and analyses existed, creating some uncertainty regarding selective reporting.</p>",NA,Not available,No matched trial-level Centiloid estimate,3.5,FALSE,FALSE,0.611056,0.7611290000000003,0.5793173546410004,TRUE,TRUE,FALSE,FALSE,FALSE,FALSE,FALSE,FALSE,FALSE,FALSE,FALSE
3,5,ADCS-ADL-MCI score at 18 months,Lecanemab,2,SUBGROUP_AND_OVERALL,CLARITY AD 2023,2023,0.246614,0.050525,NA,NA,NA,783,NA,NA,NA,796,NA,NA,56.37140465733358,0.246614,0.14758681968111376,0.34564118031888624,NA,Low risk,"<p>Subjects were assigned to treatments, (allocated 1:1; BAN2401:placebo), based on a computer-generated randomization scheme that was reviewed and approved by an independent statistician.<br>Randomization was performed centrally by an IxRS (INTERACTIVE voice and web response system. The IxRS or clinical supply vendor generated the randomized blister card identification numbers. At enrollment (and after<br>successful completion of Visit 1 and Visit 2), the investigator or designee called the IxRS to register the subject information. At randomization (Visit 3), the IxRS assigned each subject a unique 6-digit randomization number&nbsp;</p>",Low risk,"<p>subjects and all personnel involved with the conduct and<br>interpretation of the study, including investigators, site personnel, and sponsor staff will be blinded to the treatment codes. In the event that emergency conditions require knowledge of the study treatment given, the blind may be broken via the code breaker facility within the IxRS. However, participants experienced side effects or toxicities that carers or people delivering the interventions knew to be specific to one of the interventions</p><p>Efficacy analyses were performed in the modified intention-to-treat population, which was defined as the group of randomly assigned participants who received at least one dose of lecanemab or placebo and who had a baseline assessment<br>and at least one postdose primary efficacy (CDR-SB) measurement</p>",Low risk,"<p>More than 5% off participants eiwh missing data ( 12%, n.216)&nbsp;<br>The following sensitivity analyses will be conducted to assess the robustness of the primary analysis to missing data:<br>• The sensitivity analysis using rank ANCOVA after multiple imputations (MIs) at 18 months will be<br>performed. The imputation model will be a regression model including the following variables:<br>baseline and post baseline observed values, treatment group, and stratification variables (ie, clinical<br>subgroup, use of AD symptomatic medication at baseline, APOE4 carrier status, and geographical region)<br>&nbsp;</p>",Some concerns,"<p><br>infusion reaction more frequent in the intervention group that could bring to functional unblinding<br>Clinical assessment raters were unaware of the safety assessments and the trial group assignments.&nbsp;<br>The clinician responsible for CDR assessment must not participate in the medical management of the subjects and must be blinded to results of safety assessments (including but not limited to results of safety MRI, clinical laboratory assessments, and adverse events [AEs]). Every effort should be made to keep the site staff responsible for reviewing laboratory reports (including MRI reports) and assessing AEs separate from the site staff responsible for the MMSE and ADAS-Cog14</p>",Low risk,"<p>result analysed in accordance with a pre-specified analysis plan</p><p>outcome measures unlikely to be selected, on the basis of the results, from multiple measurements or multiple analyses</p>",Some concerns,"<p>Subjects will be assigned to treatments, (allocated 1:1; BAN2401:placebo), based on a computer-generated randomization scheme that will be reviewed and approved by an independent statistician.<br>Randomization will be performed centrally by an IxRS (INTERACTIVE voice and web response system. The IxRS or clinical supply vendor will generate the randomized blister card identification numbers. At enrollment (and after<br>successful completion of Visit 1 and Visit 2), the investigator or designee will call the IxRS to register the subject information. At randomization (Visit 3), the IxRS will assign each subject a unique 6-digit randomization number</p><p>subjects and all personnel involved with the conduct and<br>interpretation of the study, including investigators, site personnel, and sponsor staff will be blinded to the treatment codes. In the event that emergency conditions require knowledge of the study treatment given, the blind may be broken via the code breaker facility within the IxRS. However, participants experienced side effects or toxicities that carers or people delivering the interventions knew to be specific to one of the interventions</p><p>&nbsp;</p><p>Efficacy analyses were performed in the modified intention-to-treat population, which was defined as the group of randomly assigned participants who received at least one dose of lecanemab or placebo and who had a baseline assessment<br>and at least one postdose primary efficacy (CDR-SB) measurement</p><p>More than 5% off participants eiwh missing data ( 12%, n.216)&nbsp;<br>The following sensitivity analyses will be conducted to assess the robustness of the primary analysis to<br>missing data:<br>• The sensitivity analysis using rank ANCOVA after multiple imputations (MIs) at 18 months will be<br>performed. The imputation model will be a regression model including the following variables:<br>baseline and post baseline observed values, treatment group, and stratification variables (ie, clinical<br>subgroup, use of AD symptomatic medication at baseline, APOE4 carrier status, and geographical region)</p><p><br>infusion reaction more frequent in the intervention group that could bring to functional unblinding<br>Clinical assessment raters were unaware of the safety assessments and the trial group assignments.&nbsp;<br>The clinician responsible for CDR assessment must not participate in the medical management of the subjects and must be blinded to results of safety assessments (including but not limited to results of safety MRI, clinical laboratory assessments, and adverse events [AEs]). Every effort should be made to keep the site staff responsible for reviewing laboratory reports (including MRI reports) and assessing AEs separate from the site staff responsible for the MMSE and ADAS-Cog14<br>&nbsp;</p>",-59.12,Imbimbo 2024 Table 1,Lecanemab 10 mg/kg every 2 weeks,3.5,FALSE,FALSE,0.246614,0.050525000000000014,0.0025527756250000016,TRUE,TRUE,TRUE,TRUE,TRUE,TRUE,TRUE,TRUE,TRUE,TRUE,TRUE
3,6,ADCS-iADL score at 18 months,NA,NA,SUBGROUP_AND_OVERALL,TRAILBLAZER-ALZ 2 2023,2023,NA,NA,-4.57,8.265567,NA,591,-6.32,8.484274,NA,661,NA,NA,100,0.2086615152924401,0.09740270301361308,0.31992032757126704,NA,Low risk,"<p>Eligible participants were randomly assigned in a 1:1 ratio (Figure 1) by a computer-generated sequence using interactive web response systems, with stratification by baseline tau categorization and enrolling sites; the randomization block size was 4</p>",Low risk,"<p>This is a double-blind study, with design to maintain blinding to treatment. To preserve the blinding of the study, a minimal number of Lilly personnel will see the randomization table and treatment assignments before the study is complete. Investigational product will be prepared by an unblinded pharmacist or other qualified unblinded personnel and will be administered by a blinded nurse or other qualified blinded personnel, as described in the pharmacy preparation instructions. Emergency unblinding at a participant level for AEs may be performed through the IWRS.&nbsp;<br>All unblinding events are recorded and reported by the IWRS. attempts to<br>minimize bias included blinding CDR raters to adverse event<br>information. However, participants experienced side effects or toxicities that carers or people delivering the interventions knew to be specific to one of the interventions but deviation from the intended interventions because of functional unblinding unlikely</p><p>&nbsp;</p><p>The efficacy analyses were conducted by using the evaluable<br>efficacy population (participants with a baseline and at least 1 post baseline efficacy measurement based onrandomized treatment</p>",Some concerns,"<p>29% and 22.7% of participants with missing data in the exp and ctrl group, respectively</p><p>% missing balanced between groups</p>",Some concerns,<p>infusion reaction more frequent in the intervention group that could bring to functional unblinding.</p>,Low risk,"<p>result analysed in accordance with a pre-specified analysis plan<br>outcome measures unlikely to be selected, on the basis of the results, from multiple measurements or multiple analyses&nbsp;</p>",Some concerns,"<p>Eligible participants were randomly assigned in a 1:1 ratio<br>(Figure 1) by a computer-generated sequence using interactive<br>web response systems, with stratification by baseline<br>tau categorization and enrolling sites; the randomization<br>block size was 4</p><p>This is a double-blind study, with design to maintain blinding to treatment. To preserve the blinding of the study, a minimal number of Lilly personnel will see the randomization table and treatment assignments before the study is complete. Investigational product will be prepared by an unblinded pharmacist or other qualified unblinded personnel and will be administered by a blinded nurse or other qualified blinded personnel, as<br>described in the pharmacy preparation instructions. Emergency unblinding at a participant level for AEs may be performed through the IWRS.&nbsp;<br>All unblinding events are recorded and reported by the IWRS. attempts to<br>minimize bias included blinding CDR raters to adverse event<br>information. However, participants experienced side effects or toxicities that carers or people delivering the interventions knew to be specific to one of the interventions but deviation from the intended interventions because of functional unblinding unlikely</p><p>&nbsp;</p><p>The efficacy analyses were conducted by using the evaluable<br>efficacy population (participants with a baseline and at least 1 post baseline efficacy measurement based onrandomized treatment</p><p>29% and 22.7% of participants with missing data in the exp and ctrl group, respectively</p><p>% missing balanced between groups</p><p>infusion reaction more frequent in the intervention group that could bring to functional unblinding.</p><p>result analysed in accordance with a pre-specified analysis plan<br>outcome measures unlikely to be selected, on the basis of the results, from multiple measurements or multiple analyses&nbsp;</p>",-86.33,Imbimbo 2024 Table 1,"Donanemab, 76 weeks",3.6,FALSE,FALSE,0.2086615152924401,0.056765743226111456,0.0032223496040128187,TRUE,TRUE,TRUE,TRUE,TRUE,TRUE,TRUE,TRUE,TRUE,TRUE,TRUE
3,7,ADCS-ADL 24 months mean difference,NA,NA,SUBGROUP_AND_OVERALL,CREAD 2022,2022,-1.88,1.69,NA,NA,NA,NA,NA,NA,NA,NA,NA,NA,55.80758839063035,-1.88,-5.192339133872691,1.4323391338726918,NA,Low risk,<p>Central randomisation. The Master Medication List was not available at the study center.</p>,NA,NA,NA,NA,NA,NA,NA,NA,NA,NA,-1.99,Imbimbo 2024 Table 1,"Crenezumab 60 mg/kg, 105 weeks",3.7,FALSE,TRUE,-1.88,1.6900000000000004,2.8561000000000014,TRUE,FALSE,FALSE,FALSE,FALSE,FALSE,FALSE,FALSE,FALSE,FALSE,FALSE
3,7,ADCS-ADL 24 months mean difference,NA,NA,SUBGROUP_AND_OVERALL,Marguerite RoAD 2024,2024,3.84,2.58,NA,NA,NA,NA,NA,NA,NA,NA,NA,NA,44.19241160936965,3.84,-1.2167070801133404,8.896707080113341,NA,Low risk,"<p>The study was randomized and double-blind, but the method for sequence generation and allocation concealment was not fully described. Baseline characteristics were well balanced with no evidence of a problematic randomization process.</p>",NA,NA,NA,NA,NA,NA,NA,NA,NA,NA,NA,Neve 2024 doi:10.3233/JAD-240221,Prior -59.65 CL mapping quarantined: high-dose extension PET cannot establish placebo-adjusted removal during the low-dose randomized phase; compatible PET estimate unknown,3.7,FALSE,TRUE,3.84,2.5800000000000014,6.656400000000008,TRUE,FALSE,FALSE,FALSE,FALSE,FALSE,FALSE,FALSE,FALSE,FALSE,FALSE
3,8,ADCS-ADL-MCI 18 months mean difference,NA,NA,SUBGROUP_AND_OVERALL,CLARITY AD 2023,2023,2,0.41,NA,NA,NA,NA,NA,NA,NA,NA,NA,NA,60.16967024521652,2,1.1964147663385778,2.803585233661422,NA,Low risk,"<p>Subjects were assigned to treatments, (allocated 1:1; BAN2401:placebo), based on a computer-generated randomization scheme that was reviewed and approved by an independent statistician.<br>Randomization was performed centrally by an IxRS (INTERACTIVE voice and web response system. The IxRS or clinical supply vendor generated the randomized blister card identification numbers. At enrollment (and after<br>successful completion of Visit 1 and Visit 2), the investigator or designee called the IxRS to register the subject information. At randomization (Visit 3), the IxRS assigned each subject a unique 6-digit randomization number&nbsp;</p>",NA,NA,NA,NA,NA,NA,NA,NA,NA,NA,-59.12,Imbimbo 2024 Table 1,Lecanemab 10 mg/kg every 2 weeks,3.8,FALSE,TRUE,2,0.41000000000000014,0.1681000000000001,TRUE,TRUE,TRUE,TRUE,TRUE,TRUE,TRUE,TRUE,TRUE,TRUE,TRUE
3,8,ADCS-ADL-MCI 18 months mean difference,NA,NA,SUBGROUP_AND_OVERALL,EMERGE 2022,2022,1.7,0.51,NA,NA,NA,NA,NA,NA,NA,NA,NA,NA,38.88704947412878,1.7,0.7004183678845722,2.699581632115428,NA,Some concerns,<p>Subjects were randomized to receive aducanumab low dose : aducanumab high dose : placebo in a 1:1:1 ratio. The randomization were &nbsp;stratified by site and ApoE ε4 status (carrier or non-carrier). No further information provided on methods for random sequence generation and allocation concealment</p>,NA,NA,NA,NA,NA,NA,NA,NA,NA,NA,-48.74,Imbimbo 2024 Table 1,"High-dose aducanumab, 78 weeks",3.8,FALSE,TRUE,1.7,0.5100000000000002,0.2601000000000002,TRUE,TRUE,FALSE,TRUE,TRUE,TRUE,TRUE,TRUE,TRUE,TRUE,TRUE
3,8,ADCS-ADL-MCI 18 months mean difference,NA,NA,SUBGROUP_AND_OVERALL,ENGAGE 2022,2022,0.7,5.74,NA,NA,NA,NA,NA,NA,NA,NA,NA,NA,0.3069881134960026,0.7,-10.550193271259912,11.950193271259913,NA,Some concerns,<p>Subjects were randomized to receive aducanumab low dose : aducanumab high dose : placebo in a 1:1:1 ratio. The randomization was stratified by site and ApoE ε4 status (carrier or non-carrier). No further information provided on methods for random sequence generation and allocation concealment</p>,NA,NA,NA,NA,NA,NA,NA,NA,NA,NA,-42.24,Imbimbo 2024 Table 1,"High-dose aducanumab, 78 weeks",3.8,FALSE,TRUE,0.7,5.740000000000003,32.94760000000003,TRUE,TRUE,FALSE,TRUE,TRUE,TRUE,TRUE,TRUE,TRUE,TRUE,TRUE
3,8,ADCS-ADL-MCI 18 months mean difference,NA,NA,SUBGROUP_AND_OVERALL,ENVISION,2022,4.6,3.986983,NA,NA,NA,NA,NA,NA,NA,NA,NA,NA,0.6362921671586784,4.6,-3.214343086973459,12.414343086973458,NA,Some concerns,"<p>The study was labeled randomized, but no details on sequence generation or allocation concealment were available. Baseline characteristics were not reported.</p>",NA,NA,NA,NA,NA,NA,NA,NA,NA,NA,NA,Not available,No matched trial-level Centiloid estimate,3.8,FALSE,TRUE,4.6,3.9869830000000013,15.89603344228901,TRUE,TRUE,FALSE,FALSE,FALSE,FALSE,FALSE,FALSE,FALSE,FALSE,FALSE
4,1,Any ARIA at 18 months,Donanemab,1,SUBGROUP_AND_OVERALL,TRAILBLAZER-ALZ 2 2023,2023,NA,NA,NA,NA,314,853,NA,NA,130,874,NA,NA,63.22509125769958,2.4748489494093246,2.0643954576213117,2.9669108696110937,NA,Low risk,"<p>Eligible participants were randomly assigned in a 1:1 ratio (Figure 1) by a computer-generated sequence using interactive web response systems, with stratification by baseline tau categorization and enrolling sites; the randomization block size was 4</p>",NA,NA,NA,NA,NA,NA,NA,NA,NA,NA,-86.33,Imbimbo 2024 Table 1,"Donanemab, 76 weeks",4.1,TRUE,FALSE,0.9061793636165273,0.09252309639124053,0.008560523365822786,TRUE,TRUE,TRUE,TRUE,TRUE,TRUE,TRUE,TRUE,TRUE,TRUE,TRUE
4,1,Any ARIA at 18 months,Lecanemab,2,SUBGROUP_AND_OVERALL,CLARITY AD 2023,2023,NA,NA,NA,NA,193,898,NA,NA,85,897,NA,NA,36.77490874230041,2.2680597406000262,1.788092097826977,2.8768624352079777,NA,Low risk,"<p>Subjects were assigned to treatments, (allocated 1:1; BAN2401:placebo), based on a computer-generated randomization scheme that was reviewed and approved by an independent statistician.<br>Randomization was performed centrally by an IxRS (INTERACTIVE voice and web response system. The IxRS or clinical supply vendor generated the randomized blister card identification numbers. At enrollment (and after<br>successful completion of Visit 1 and Visit 2), the investigator or designee called the IxRS to register the subject information. At randomization (Visit 3), the IxRS assigned each subject a unique 6-digit randomization number&nbsp;</p>",NA,NA,NA,NA,NA,NA,NA,NA,NA,NA,-59.12,Imbimbo 2024 Table 1,Lecanemab 10 mg/kg every 2 weeks,4.1,TRUE,FALSE,0.8189247261711656,0.12131628120217765,0.014717640084725842,TRUE,TRUE,TRUE,TRUE,TRUE,TRUE,TRUE,TRUE,TRUE,TRUE,TRUE
4,2,Any ARIA E at 18 months,Aducanumab,1,SUBGROUP_AND_OVERALL,EMERGE 2022,2022,NA,NA,NA,NA,188,541,NA,NA,13,544,NA,NA,16.60588841588002,14.54173183563202,8.395438070409726,25.18772254717064,NA,Some concerns,<p>Subjects were randomized to receive aducanumab low dose : aducanumab high dose : placebo in a 1:1:1 ratio. The randomization were &nbsp;stratified by site and ApoE ε4 status (carrier or non-carrier). No further information provided on methods for random sequence generation and allocation concealment</p>,Low risk,"<p>Investigators, study site staff (except for the designated unblinded pharmacist/technician), and study subjects were blinded to the subjects’ randomized treatment assignment for the placebo controlled<br>period. However, participants experienced side effects or toxicities that carers or people delivering the interventions knew to be specific to one of the interventions but deviation from the intended interventions because of functional unblinding unlikely</p><p>randomized and dosed population analysed were all randomized patients who had received ≥1 dose of study treatment)</p>",Low risk,<p>n of event were more than double than n of participants lost at FU</p>,Low risk,<p>investigatros were blind to treatment assignment</p>,Low risk,"<p>result analysed in accordance with a pre-specified analysis plan<br>outcome measures unlikely to be selected, on the basis of the results, from multiple measurements or multiple analyses&nbsp;</p>",Some concerns,"<p>Subjects were randomized to receive aducanumab low dose : aducanumab high dose : placebo in a 1:1:1 ratio. The randomization was stratified by site and ApoE ε4 status (carrier or non-carrier). No further information provided on methods for random sequence generation and allocation concealment&nbsp;</p><p>Investigators, study site staff (except for the designated unblinded pharmacist/technician), and study subjects were blinded to the subjects’ randomized treatment assignment for the placebo controlled<br>period. However, participants experienced side effects or toxicities that carers or people delivering the interventions knew to be specific to one of the interventions but deviation from the intended interventions because of functional unblinding unlikely</p><p>randomized and dosed population analysed were all randomized patients who had received ≥1 dose of study treatment)</p><p>n of event were more than double than n of participants lost at FU</p><p>investigatros were blind to treatment assignment</p><p>result analysed in accordance with a pre-specified analysis plan<br>outcome measures unlikely to be selected, on the basis of the results, from multiple measurements or multiple analyses&nbsp;</p>",-48.74,Imbimbo 2024 Table 1,"High-dose aducanumab, 78 weeks",4.2,TRUE,FALSE,2.6770225733778736,0.2802776511419341,0.0785555617296397,TRUE,TRUE,FALSE,TRUE,TRUE,TRUE,TRUE,TRUE,TRUE,TRUE,TRUE
4,2,Any ARIA E at 18 months,Aducanumab,1,SUBGROUP_AND_OVERALL,ENGAGE 2022,2022,NA,NA,NA,NA,199,554,NA,NA,16,532,NA,NA,18.675745452522232,11.943592057761732,7.27888447064231,19.59769959498222,NA,Some concerns,<p>Subjects were randomized to receive aducanumab low dose : aducanumab high dose : placebo in a 1:1:1 ratio. The randomization was stratified by site and ApoE ε4 status (carrier or non-carrier). No further information provided on methods for random sequence generation and allocation concealment</p>,Low risk,"<p>Investigators, study site staff (except for the designated unblinded pharmacist/technician), and study subjects were blinded to the subjects’ randomized treatment assignment for the placebo controlled<br>period. However, participants experienced side effects or toxicities that carers or people delivering the interventions knew to be specific to one of the interventions but deviation from the intended interventions because of functional unblinding unlikely</p><p>randomized and dosed population analysed were all randomized patients who had received ≥1 dose of study treatment)</p>",Low risk,<p>n of event were more than double than n of participants lost at FU</p>,Low risk,<p>investigators were blind to treatment assignment</p>,Low risk,"<p>result analysed in accordance with a pre-specified analysis plan<br>outcome measures unlikely to be selected, on the basis of the results, from multiple measurements or multiple analyses&nbsp;</p>",Some concerns,"<p>Subjects were randomized to receive aducanumab low dose : aducanumab high dose : placebo in a 1:1:1 ratio. The randomization was stratified by site and ApoE ε4 status (carrier or non-carrier). No further information provided on methods for random sequence generation and allocation concealment&nbsp;</p><p>Investigators, study site staff (except for the designated unblinded pharmacist/technician), and study subjects were blinded to the subjects’ randomized treatment assignment for the placebo controlled<br>period. However, participants experienced side effects or toxicities that carers or people delivering the interventions knew to be specific to one of the interventions but deviation from the intended interventions because of functional unblinding unlikely</p><p>randomized and dosed population analysed were all randomized patients who had received ≥1 dose of study treatment)</p><p>n of event were more than double than n of participants lost at FU</p><p>investigators were blind to treatment assignment</p><p>result analysed in accordance with a pre-specified analysis plan<br>outcome measures unlikely to be selected, on the basis of the results, from multiple measurements or multiple analyses&nbsp;</p>",-42.24,Imbimbo 2024 Table 1,"High-dose aducanumab, 78 weeks",4.2,TRUE,FALSE,2.4801949050790717,0.25266652375887855,0.06384037222839593,TRUE,TRUE,FALSE,TRUE,TRUE,TRUE,TRUE,TRUE,TRUE,TRUE,TRUE
4,2,Any ARIA E at 18 months,Bapineuzumab,2,SUBGROUP_AND_OVERALL,3000 Non Carriers 2016,2016,NA,NA,NA,NA,13,267,NA,NA,2,344,NA,NA,3.530552403893457,8.374531835205993,1.9061840798702407,36.792240686247254,NA,Low risk,<p>Allocation of patients to treatment groups using stratified block randomization proceeded through the entering of subject information by the study coordinator or delegate and the dispenser (unblinded pharmacist) into an interactive voice/web response system.&nbsp;</p>,Some concerns,"<p>Participants who shifted to the lower dose group, likely affected the safety outcome.</p>",Low risk,<p>In the safety analysis all randomised participants were included.</p>,Low risk,<p>The assessment of the outcome could not have been influenced by knowledge of the intervention received.ARIA was monitored by MRI and discussed as being more detectable with central reading of every MRI scan.&nbsp;</p>,Some concerns,"<p>There is no information on whether the result being assessed is likely to have been selected, on the basis of the results, from multiple eligible outcome measurements within the outcome domain AND from multiple eligible analyses of the data.</p>",Some concerns,"<p>Allocation of patients to treatment groups using stratified block randomization proceeded through the entering of subject information by the study coordinator or delegate and the dispenser (unblinded pharmacist) into an interactive voice/web response system.&nbsp;</p><p>Participants who shifted to the lower dose group, likely affected the safety outcome.</p><p>In the safety analysis all randomised participants were included.</p><p>The assessment of the outcome could not have been influenced by knowledge of the intervention received. ARIA was monitored by MRI and discussed as being more detectable with central reading of every MRI scan.&nbsp;</p><p>There is no information on whether the result being assessed is likely to have been selected, on the basis of the results, from multiple eligible outcome measurements within the outcome domain AND from multiple eligible analyses of the data.</p>",6.52,Imbimbo 2024 Table 1,Highest-dose bapineuzumab arm,4.2,TRUE,FALSE,2.1251951758747403,0.7551627518799052,0.5702707818268313,FALSE,FALSE,FALSE,FALSE,FALSE,FALSE,FALSE,FALSE,FALSE,FALSE,FALSE
4,2,Any ARIA E at 18 months,Bapineuzumab,2,SUBGROUP_AND_OVERALL,3001 Carriers 2016,2016,NA,NA,NA,NA,109,654,NA,NA,9,439,NA,NA,12.916575252372478,8.12962962962963,4.164517402934319,15.869996813648651,NA,Low risk,<p>Allocation of patients to treatment groups using stratified block randomization proceeded through the entering of subject information by the study coordinator or delegate and the dispenser (unblinded pharmacist) into an interactive voice/web response system.&nbsp;</p>,Some concerns,"<p>Study was doble blind, however, participants experienced side effects or toxicities that carers or people delivering the interventions knew to be specific to one of the interventions</p>",Low risk,<p>Number of event were more than double than number of participants lost at Follow up.</p>,Low risk,<p>The assessment of the outcome could not have been influenced by knowledge of the intervention received.</p>,Some concerns,"<p>There is no information on whether the result being assessed is likely to have been selected, on the basis of the results, from multiple eligible outcome measurements within the outcome domain AND from multiple eligible analyses of the data.</p>",Some concerns,"<p>Allocation of patients to treatment groups using stratified block randomization proceeded through the entering of subject information by the study coordinator or delegate and the dispenser (unblinded pharmacist) into an interactive voice/web response system.&nbsp;</p><p>Study was doble blind, however, participants experienced side effects or toxicities that carers or people delivering the interventions knew to be specific to one of the interventions</p><p>Number of event were more than double than number of participants lost at Follow up.</p><p>The assessment of the outcome could not have been influenced by knowledge of the intervention received.ARIA was monitored by MRI and discussed as being more detectable with central reading of every MRI scan.&nbsp;</p><p>There is no information on whether the result being assessed is likely to have been selected, on the basis of the results, from multiple eligible outcome measurements within the outcome domain AND from multiple eligible analyses of the data.</p>",-9.6,Imbimbo 2024 Table 1,Bapineuzumab 0.5 mg/kg arm,4.2,TRUE,FALSE,2.095515366510897,0.3412894178288141,0.11647846672193087,FALSE,FALSE,FALSE,TRUE,TRUE,TRUE,TRUE,FALSE,FALSE,FALSE,FALSE
4,2,Any ARIA E at 18 months,Bapineuzumab,2,SUBGROUP_AND_OVERALL,Bapineuzumab-301 2014,2014,NA,NA,NA,NA,31,329,NA,NA,1,524,NA,NA,2.0385846122483935,49.37386018237081,6.772524886743063,359.95114231032983,NA,Low risk,<p>A large multicentre trial run by the sponsor and academic centres experienced in clinical trials.</p>,Some concerns,"<p>Participants who shifted to the lower dose group, likely affected the safety outcome.</p>",Low risk,<p>In the safety analysis all randomised participants were included</p>,Low risk,<p>The assessment of the outcome could not have been influenced by knowledge of the intervention received.</p>,Low risk,<p>Result analysed in accordance with a pre-specified analysis plan.</p>,Some concerns,"<p>A large multicentre trial run by the sponsor and academic centres experienced in clinical trials.</p><p>Participants who shifted to the lower dose group, likely affected the safety outcome.</p><p>In the safety analysis all randomised participants were included.</p><p>The assessment of the outcome could not have been influenced by knowledge of the intervention received.</p><p>Result analysed in accordance with a pre-specified analysis plan.</p>",NA,Not available,No unambiguous matched trial-level estimate,4.2,TRUE,FALSE,3.8994211380408164,1.0135630981304289,1.0273101538917535,FALSE,FALSE,FALSE,FALSE,FALSE,FALSE,FALSE,FALSE,FALSE,FALSE,FALSE
4,2,Any ARIA E at 18 months,Bapineuzumab,2,SUBGROUP_AND_OVERALL,Bapineuzumab-302 2014,2014,NA,NA,NA,NA,103,673,NA,NA,1,448,NA,NA,2.079578041289255,68.56463595839523,9.60180290996349,489.606936133741,NA,Low risk,<p>A large multicentre trial run by the sponsor and academic centres experienced in clinical trials&nbsp;</p>,Low risk,"<p>Study was doble blind, however, participants experienced side effects or toxicities that carers or people delivering the interventions knew to be specific to one of the interventions</p>",Low risk,<p>Number of event were more than double than number of participants lost at Follow up.</p>,Low risk,<p>The assessment of the outcome could not have been influenced by knowledge of the intervention received.</p>,Low risk,<p>Result analysed in accordance with a pre-specified analysis plan.</p>,Low risk,"<p>A large multicentre trial run by the sponsor and academic centres experienced in clinical trials.</p><p>Study was doble blind, however, participants experienced side effects or toxicities that carers or people delivering the interventions knew to be specific to one of the interventions</p><p>Number of event were more than double than number of participants lost at Follow up.</p><p>The assessment of the outcome could not have been influenced by knowledge of the intervention received.</p><p>Result analysed in accordance with a pre-specified analysis plan.</p>",NA,Not available,No unambiguous matched trial-level estimate,4.2,TRUE,FALSE,4.227776890999893,1.0029908827630962,1.005990710905895,FALSE,FALSE,FALSE,FALSE,FALSE,FALSE,FALSE,FALSE,FALSE,FALSE,FALSE
4,2,Any ARIA E at 18 months,Crenezumab,3,SUBGROUP_AND_OVERALL,CREAD 2 2022,2022,NA,NA,NA,NA,1,398,NA,NA,0,388,NA,NA,0.8118334703289259,2.9248120300751883,0.11951309131104863,71.57814526785407,NA,Low risk,<p>Central randomisation. The Master Medication List was not available at the study center.</p>,Low risk,"<p>Study was doble blind, however, participants experienced side effects or toxicities that carers or people delivering the interventions knew to be specific to one of the interventions.</p>",Low risk,<p>In the safety analysis all randomised participants were included.</p>,Low risk,<p>MRI readers and assessors were blinded.</p>,Low risk,<p>Result analysed in accordance with a pre-specified analysis plan.</p>,Low risk,"<p>Central randomisation. The Master Medication List was not available at the study center.</p><p>Study was doble blind, however, participants experienced side effects or toxicities that carers or people delivering the interventions knew to be specific to one of the interventions.</p><p>In the safety analysis all randomised participants were included.</p><p>MRI readers and assessors were blinded.</p><p>Result analysed in accordance with a pre-specified analysis plan.</p>",-3.79,Imbimbo 2024 Table 1,"Crenezumab 60 mg/kg, 53 weeks",4.2,TRUE,FALSE,1.0732302153966926,1.6314379261605707,2.6615897069151035,TRUE,FALSE,FALSE,TRUE,FALSE,FALSE,FALSE,FALSE,FALSE,FALSE,FALSE
4,2,Any ARIA E at 18 months,Donanemab,4,SUBGROUP_AND_OVERALL,TRAILBLAZER-ALZ 2 2023,2023,NA,NA,NA,NA,205,853,NA,NA,18,874,NA,NA,19.627261194728444,11.66927185098346,7.275124533987975,18.717467295025138,NA,Low risk,"<p>Eligible participants were randomly assigned in a 1:1 ratio (Figure 1) by a computer-generated sequence using interactive web response systems, with stratification by baseline tau categorization and enrolling sites; the randomization block size was 4</p>",Low risk,"<p>This is a double-blind study, with design to maintain blinding to treatment. To preserve the blinding of the study, a minimal number of Lilly personnel will see the randomization table and treatment assignments before the study is complete. Investigational product will be prepared by an unblinded pharmacist or other qualified unblinded personnel and will be administered by a blinded nurse or other qualified blinded personnel, as described in the pharmacy preparation instructions. Emergency unblinding at a participant level for AEs may be performed through the IWRS.&nbsp;<br>All unblinding events are recorded and reported by the IWRS. attempts to minimize bias included blinding CDR raters to adverse event information. However, participants experienced side effects or toxicities that carers or people delivering the interventions knew to be specific to one of the interventions but deviation from the intended interventions because of functional unblinding unlikely</p>",Low risk,<p>n of events were more than double of missing participants (n:9)</p>,Low risk,<p>Central evaluation of MRI scans</p>,Low risk,"<p>result analysed in accordance with a pre-specified analysis plan<br>outcome measures unlikely to be selected, on the basis of the results, from multiple measurements or multiple analyses&nbsp;</p>",Low risk,"<p>&nbsp;Eligible participants were randomly assigned in a 1:1 ratio (Figure 1) by a computer-generated sequence using interactive web response systems, with stratification by baseline tau categorization and enrolling sites; the randomization block size was 4</p><p>This is a double-blind study, with design to maintain blinding to treatment. To preserve the blinding of the study, a minimal number of Lilly personnel will see the randomization table and treatment assignments before the study is complete. Investigational product will be prepared by an unblinded pharmacist or other qualified unblinded personnel and will be administered by a blinded nurse or other qualified blinded personnel, as described in the pharmacy preparation instructions. Emergency unblinding at a participant level for AEs may be performed through the IWRS.&nbsp;<br>All unblinding events are recorded and reported by the IWRS. attempts to minimize bias included blinding CDR raters to adverse event information. However, participants experienced side effects or toxicities that carers or people delivering the interventions knew to be specific to one of the interventions but deviation from the intended interventions because of functional unblinding unlikely</p><p>&nbsp;The efficacy analyses were conducted by using the evaluable<br>efficacy population (participants with a baseline and at least 1 post baseline efficacy measurement based on randomized treatment</p><p>n of events were more than double of missing participants (n:9)</p><p>Central evaluation of MRI scans</p><p>result analysed in accordance with a pre-specified analysis plan<br>outcome measures unlikely to be selected, on the basis of the results, from multiple measurements or multiple analyses&nbsp;</p>",-86.33,Imbimbo 2024 Table 1,"Donanemab, 76 weeks",4.2,TRUE,FALSE,2.4569590494061,0.24107489839002802,0.058117106633762336,TRUE,TRUE,TRUE,TRUE,TRUE,TRUE,TRUE,TRUE,TRUE,TRUE,TRUE
4,2,Any ARIA E at 18 months,Lecanemab,5,SUBGROUP_AND_OVERALL,CLARITY AD 2023,2023,NA,NA,NA,NA,113,898,NA,NA,15,897,NA,NA,17.291954293883474,7.524944320712696,4.426580621513425,12.791992707560029,NA,Low risk,"<p>Subjects were assigned to treatments, (allocated 1:1; BAN2401:placebo), based on a computer-generated randomization scheme that was reviewed and approved by an independent statistician.<br>Randomization was performed centrally by an IxRS (INTERACTIVE voice and web response system. The IxRS or clinical supply vendor generated the randomized blister card identification numbers. At enrollment (and after<br>successful completion of Visit 1 and Visit 2), the investigator or designee called the IxRS to register the subject information. At randomization (Visit 3), the IxRS assigned each subject a unique 6-digit randomization number&nbsp;</p>",Low risk,"<p>Subjects and all personnel involved with the conduct and interpretation of the study, including investigators, site personnel, and sponsor staff were blinded to the treatment codes. In the event that emergency conditions require knowledge of the study treatment given, the blind may be broken via the code breaker facility within the IxRS. However, participants experienced side effects or toxicities that carers or people delivering the interventions knew to be specific to one of the interventions but deviation from the intended interventions because of functional unblinding unlikely</p><p>&nbsp;</p><p>Efficacy analyses were performed in the modified intention-to-treat population, which was defined as the group of randomly assigned participants who received at least one dose of lecanemab or placebo and who had a baseline assessment and at least one post-dose primary efficacy (CDR-SB) measurement</p>",Low risk,<p>n.of events more than double tha n of lost at FU (9 participants lost at FU&nbsp;</p>,Low risk,"<p>An indipendent medical monitoring team, unaware of the trial-group assignments, reviewed ARIA, infusion related reactions, and hypersensitivity reations</p>",Low risk,"<p>result analysed in accordance with a pre-specified analysis plan</p><p>outcome measures unlikely to be selected, on the basis of the results, from multiple measurements or multiple analyses&nbsp;</p>",Low risk,"<p>Subjects were assigned to treatments, (allocated 1:1; BAN2401:placebo), based on a computer-generated randomization scheme that was reviewed and approved by an independent statistician.</p><p>Randomization was performed centrally by an IxRS (INTERACTIVE voice and web response system. The IxRS or clinical supply vendor generated the randomized blister card identification numbers. At enrollment (and after successful completion of Visit 1 and Visit 2), the investigator or designee called the IxRS to register the subject information. At randomization (Visit 3), the IxRS assigned each subject a unique 6-digit randomization number &nbsp;</p><p>Subjects and all personnel involved with the conduct and interpretation of the study, including investigators, site personnel, and sponsor staff were blinded to the treatment codes. In the event that emergency conditions require knowledge of the study treatment given, the blind may be broken via the code breaker facility within the IxRS. However, participants experienced side effects or toxicities that carers or people delivering the interventions knew to be specific to one of the interventions but deviation from the intended interventions because of functional unblinding unlikely</p><p>Efficacy analyses were performed in the modified intention-to-treat population, which was defined as the group of randomly assigned participants who received at least one dose of lecanemab or placebo and who had a baseline assessment and at least one post-dose primary efficacy (CDR-SB) measurement</p><p>n.of events more than double tha n of lost at FU (9 participants lost at FU&nbsp;</p><p>An indipendent medical monitoring team, unaware of the trial-group assignments, reviewed ARIA, infusion related reactions, and hypersensitivity reations</p><p>result analysed in accordance with a pre-specified analysis plan</p><p>outcome measures unlikely to be selected, on the basis of the results, from multiple measurements or multiple analyses&nbsp;</p>",-59.12,Imbimbo 2024 Table 1,Lecanemab 10 mg/kg every 2 weeks,4.2,TRUE,FALSE,2.0182234113667272,0.2707172163732932,0.07328781124090446,TRUE,TRUE,TRUE,TRUE,TRUE,TRUE,TRUE,TRUE,TRUE,TRUE,TRUE
4,2,Any ARIA E at 18 months,Solanezumab,6,SUBGROUP_AND_OVERALL,EXPEDITION - EXPEDITION 2 2016,2016,NA,NA,NA,NA,9,654,NA,NA,4,660,NA,NA,5.347745836025777,2.270642201834862,0.7027499679306088,7.336629304923097,NA,Some concerns,"<p>The study was randomized and double-blind, but the method for sequence generation and allocation concealment was not fully described. Baseline characteristics were well balanced with no evidence of a problematic randomization process.</p>",Low risk,"<p>Study was doble blind, however, participants experienced side effects or toxicities that carers or people delivering the interventions knew to be specific to one of the interventions.</p>",Low risk,<p>All safety analyses were performed using data from all randomized subjects with mild AD in EXPEDITION and EXPEDITION2 who had received at least one dose of study medication.&nbsp;</p>,Low risk,<p>The assessment of the outcome could not have been influenced by knowledge of the intervention received.</p>,Low risk,<p>Result analysed in accordance with a pre-specified analysis plan.</p>,Some concerns,"<p>The study was randomized and double-blind, but the method for sequence generation and allocation concealment was not fully described. Baseline characteristics were well balanced with no evidence of a problematic randomization process.</p><p>Study was doble blind, however, participants experienced side effects or toxicities that carers or people delivering the interventions knew to be specific to one of the interventions.</p><p>All safety analyses were performed using data from all randomized subjects with mild AD in EXPEDITION and EXPEDITION2 who had received at least one dose of study medication.&nbsp;</p><p>The assessment of the outcome could not have been influenced by knowledge of the intervention received.</p><p>Result analysed in accordance with a pre-specified analysis plan.</p>",NA,Not available,No plaque PET reduction estimate; soluble-Aβ target,4.2,TRUE,FALSE,0.8200626997796012,0.5983869213211399,0.3580669076081921,FALSE,FALSE,FALSE,FALSE,FALSE,FALSE,FALSE,FALSE,FALSE,FALSE,FALSE
4,2,Any ARIA E at 18 months,Solanezumab,6,SUBGROUP_AND_OVERALL,EXPEDITION 3 2018,2018,NA,NA,NA,NA,1,1057,NA,NA,1,1067,NA,NA,1.074281026827561,1.009460737937559,0.06322306747084956,16.117708649731046,NA,Low risk,<p>Assignment to treatment groups was determined by a computergenerated random sequence using an interactive web response system (IWRS).</p>,Low risk,"<p>patients and site personnel were e blinded to therapy. In order to preserve blinding, a minimal number of Lilly and contract research organization (CRO) personnel saw the randomization table and treatment assignments before the study is complete. However, participants experienced side effects or toxicities that carers or people delivering the interventions knew to be specific to one of the interventions but deviation from the intended interventions because of functional unblinding unlikely</p><p>Analyses were conducted on the basis of a modified intention-to-treat principle and involved only patients who had outcome measurements both at and after baseline&nbsp;</p>",Some concerns,<p>n of events are less than double of the participants lost at FU; n of lost at FU balanced in numbers between groups</p>,Low risk,<p>site personnel blind to therapy</p>,Low risk,"<p>result analysed in accordance with a pre-specified analysis plan</p><p>outcome measures unlikely to be selected, on the basis of the results, from multiple measurements or multiple analyses</p>",Some concerns,"<p>Assignment to treatment groups was determined by a computer generated random sequence using an interactive web response system (IWRS).</p><p>patients and site personnel were e blinded to therapy. In order to preserve blinding, a minimal number of Lilly and contract research organization (CRO) personnel saw the randomization table and treatment assignments before the study is complete. However, participants experienced side effects or toxicities that carers or people delivering the interventions knew to be specific to one of the interventions but deviation from the intended interventions because of functional unblinding unlikely</p><p>&nbsp;</p><p>Analyses were conducted on the basis of a modified intention-to-treat principle and involved only patients who had outcome measurements both at and after baseline&nbsp;</p><p>n of events are less than double of the participants lost at FU; n of lost at FU balanced in numbers between groups</p><p>&nbsp;</p><p>site personnel blind to therapy</p><p>result analysed in accordance with a pre-specified analysis plan</p><p>outcome measures unlikely to be selected, on the basis of the results, from multiple measurements or multiple analyses</p>",NA,Not available,No plaque PET reduction estimate; soluble-Aβ target,4.2,TRUE,FALSE,0.009416265431515686,1.4135475652002205,1.9981167190834717,TRUE,FALSE,FALSE,FALSE,FALSE,FALSE,FALSE,FALSE,FALSE,FALSE,FALSE
4,3,Any ARIA E at 24 months,Aducanumab,1,SUBGROUP_AND_OVERALL,ENVISION,2022,NA,NA,NA,NA,7,680,NA,NA,0,344,NA,NA,9.857683250594222,7.599118942731277,0.435288259576443,132.66291344950963,NA,Some concerns,"<p>The study was labeled randomized, but no details on sequence generation or allocation concealment were available. Baseline characteristics were not reported.</p>",High risk,"<p>Study was doble blind, however, participants experienced side effects or toxicities that carers or people delivering the interventions knew to be specific to one of the interventions. No information about analysis methods.</p>",Some concerns,<p>The trial report provides no information about the extent of missing outcome data.</p>,Some concerns,<p>There is no information on whether the measurement or ascertainment of the outcome could have differed between intervention groups</p>,Some concerns,"<p>The prespecified statistical analysis plan was not publicly available. Multiple potential clinical outcomes and analyses existed, creating some uncertainty regarding selective reporting.</p>",High risk,"<p>The study was labeled randomized, but no details on sequence generation or allocation concealment were available. Baseline characteristics were not reported.&nbsp;</p><p>Study was doble blind, however, participants experienced side effects or toxicities that carers or people delivering the interventions knew to be specific to one of the interventions. No information about analysis methods.</p><p>The trial report provides no information about the extent of missing outcome data.</p><p>There is no information on whether the measurement or ascertainment of the outcome could have differed between intervention groups</p><p>The prespecified statistical analysis plan was not publicly available. Multiple potential clinical outcomes and analyses existed, creating some uncertainty regarding selective reporting.</p>",NA,Not available,No matched trial-level Centiloid estimate,4.3,TRUE,FALSE,2.0280323119840573,1.459097787616544,2.1289663538274937,TRUE,TRUE,FALSE,FALSE,FALSE,FALSE,FALSE,FALSE,FALSE,FALSE,FALSE
4,3,Any ARIA E at 24 months,Crenezumab,2,SUBGROUP_AND_OVERALL,CREAD 2022,2022,NA,NA,NA,NA,1,399,NA,NA,1,397,NA,NA,10.483839446652851,0.9949874686716792,0.06245253801815224,15.852038911948236,NA,Low risk,<p>Central randomisation. The Master Medication List was not available at the study center.</p>,Low risk,"<p>Study was doble blind, however, participants experienced side effects or toxicities that carers or people delivering the interventions knew to be specific to one of the interventions.</p>",Low risk,<p>In the safety analysis all randomised participants were included&nbsp;</p>,Low risk,<p>MRI readers and assessors were blinded.</p>,Low risk,<p>Result analysed in accordance with a pre-specified analysis plan.</p>,Low risk,"<p>Central randomisation. The Master Medication List was not available at the study center.</p><p>Study was doble blind, however, participants experienced side effects or toxicities that carers or people delivering the interventions knew to be specific to one of the interventions.</p><p>In the safety analysis all randomised participants were included&nbsp;</p><p>MRI readers and assessors were blinded.</p><p>Result analysed in accordance with a pre-specified analysis plan.</p>",-1.99,Imbimbo 2024 Table 1,"Crenezumab 60 mg/kg, 105 weeks",4.3,TRUE,FALSE,-0.005025136202673043,1.412435783548471,1.9949748426481835,TRUE,FALSE,FALSE,FALSE,FALSE,FALSE,FALSE,FALSE,FALSE,FALSE,FALSE
4,3,Any ARIA E at 24 months,Gantenerumab,3,SUBGROUP_AND_OVERALL,Marguerite RoAD 2024,2024,NA,NA,NA,NA,18,192,NA,NA,3,195,NA,NA,44.85570687574518,6.09375,1.8246064064892265,20.35167087566579,NA,Low risk,"<p>The study was randomized and double-blind, but the method for sequence generation and allocation concealment was not fully described. Baseline characteristics were well balanced with no evidence of a problematic randomization process.</p>",Low risk,"<p>The study was double-blind for participants, investigators, and outcome assessors.&nbsp;<br>ARIA outcomes were assessed according to randomized assignment, irrespective of dose modifications or temporary interruptions mandated by protocol-defined ARIA management rules.</p>",Some concerns,<p>There is not evidence that the result was not biased by missing outcome data.</p>,Low risk,"<p>All MRI scans were evaluated by a central blinded reader, minimizing differential ascertainment.</p>",Low risk,<p>Result analysed in accordance with a pre-specified analysis plan.</p>,Some concerns,"<p>The study was randomized and double-blind, but the method for sequence generation and allocation concealment was not fully described. Baseline characteristics were well balanced with no evidence of a problematic randomization process.&nbsp;</p><p>The study was double-blind for participants, investigators, and outcome assessors.&nbsp;<br>ARIA outcomes were assessed according to randomized assignment, irrespective of dose modifications or temporary interruptions mandated by protocol-defined ARIA management rules.</p><p>There is not evidence that the result was not biased by missing outcome data.</p><p>All MRI scans were evaluated by a central blinded reader, minimizing differential ascertainment.</p><p>Result analysed in accordance with a pre-specified analysis plan.</p>",NA,Neve 2024 doi:10.3233/JAD-240221,Prior -59.65 CL mapping quarantined: high-dose extension PET cannot establish placebo-adjusted removal during the low-dose randomized phase; compatible PET estimate unknown,4.3,TRUE,FALSE,1.8072636557640203,0.6152660809985796,0.3785523504273507,TRUE,FALSE,FALSE,FALSE,FALSE,FALSE,FALSE,FALSE,FALSE,FALSE,FALSE
4,3,Any ARIA E at 24 months,Gantenerumab,3,SUBGROUP_AND_OVERALL,SCarlet RoAD 2017,2017,NA,NA,NA,NA,35,260,NA,NA,2,266,NA,NA,34.80277042700775,17.903846153846153,4.350772528839474,73.67604373150134,NA,Low risk,<p>Central randomization with minimization and stratification is described. Central allocation with a designated unblinded medication preparer not involved in patient care supports concealment.&nbsp;</p>,Low risk,"<p>Study was doble blind, however, participants experienced side effects or toxicities that carers or people delivering the interventions knew to be specific to one of the interventions</p>",Low risk,<p>Number of event were more than double than number of participants lost at Follow up.</p>,Low risk,<p>All MRIs were centrally read by blinded neuroradiologists.</p>,Low risk,<p>Result analysed in accordance with a pre-specified analysis plan.</p>,Low risk,"<p>Central randomization with minimization (biased-coin) and stratification is described. Central allocation with a designated unblinded medication preparer not involved in patient care supports concealment.&nbsp;</p><p>Study was doble blind, however, participants experienced side effects or toxicities that carers or people delivering the interventions knew to be specific to one of the interventions</p><p>Number of event were more than double than number of participants lost at Follow up.</p><p>All MRIs were centrally read by blinded neuroradiologists.</p><p>Result analysed in accordance with a pre-specified analysis plan.</p>",-12.64,Imbimbo 2024 Table 1,Gantenerumab 225 mg every 4 weeks,4.3,TRUE,FALSE,2.8850155586956396,0.7217796590574125,0.5209658762290346,TRUE,FALSE,FALSE,TRUE,TRUE,TRUE,TRUE,TRUE,TRUE,TRUE,FALSE
4,4,Any ARIA E above 24 months,NA,NA,SUBGROUP_AND_OVERALL,GRADUATE I 2023,2023,NA,NA,NA,NA,119,497,NA,NA,8,476,NA,NA,43.75015620623899,14.246478873239433,7.041110513979182,28.82530530982341,NA,Low risk,"<p>Randomization was performed centrally using an interactive voice or Web-based response system (IxRS). The ratio was &nbsp;1:1, one active to one placebo. The randomization method was stratified by &nbsp;block-randomization. Randomization to treatment allocation was stratified by geographic region (Western Europe vs. Rest of the World vs. North America), patient APOE ε4 status (carrier vs. non-carrier), patient stage of disease (prodromal vs. mild AD), use of AD medication (present vs. absent)</p>",Some concerns,"<p>Double blind. Placebo of identical composition (except protein) and identical volume to gantenerumab was &nbsp;administered by SC injection to all patients randomized to placebo at the same frequency and using the same route of administration. However, participants experienced side effects or toxicities that carers or people delivering the interventions knew to be specific to one of the interventions but deviation from the intended interventions because of functional unblinding unlikely</p><p>as treated analysis: those who had received at least one dose of gantenerumab were included in the gantenerumab group, regardless of the trial-group assignment. only 4 participants crossed over from placebo to intervention group</p>",Low risk,<p>n of events at least twice respect to the number of patients with missing data</p>,Low risk,<p>site staff &nbsp;blinded to treatment allocation&nbsp;</p>,Low risk,"<p>result analysed in accordance with a pre-specified analysis plan</p><p>outcome measures unlikely to be selected, on the basis of the results, from multiple measurements or multiple analyses&nbsp;</p>",Some concerns,"<p>Randomization was performed centrally using an interactive voice or Web-based response system (IxRS). The ratio was 1:1, one active to one placebo. The randomization method was stratified by block-randomization. Randomization to treatment allocation was stratified by geographic region (Western Europe vs. Rest of the World vs. North America), patient APOE ε4 status (carrier vs. non-carrier), patient stage of disease (prodromal vs. mild AD), use of AD medication (present vs. absent),</p><p>Double blind. Placebo of identical composition (except protein) and identical volume to gantenerumab was &nbsp;administered by SC injection to all patients randomized to placebo at the same frequency and using the same route of administration. However, participants experienced side effects or toxicities that carers or people delivering the interventions knew to be specific to one of the interventions but deviation from the intended interventions because of functional unblinding unlikely</p><p>as treated analysis: those who had received at least one dose of gantenerumab were included in the gantenerumab group, regardless of the trial-group assignment. only 4 participants crossed over from placebo to intervention group</p><p>n of events at least twice respect to the number of patients with missing data</p><p>&nbsp;site staff &nbsp;blinded to treatment allocation&nbsp;</p><p>result analysed in accordance with a pre-specified analysis plan</p><p>outcome measures unlikely to be selected, on the basis of the results, from multiple measurements or multiple analyses&nbsp;</p>",-66.44,Bateman 2023 NEJM,"Adjusted active-placebo Centiloid difference, week 116",4.4,TRUE,FALSE,2.6565097795664845,0.3595698104315709,0.12929044857379582,TRUE,FALSE,FALSE,TRUE,TRUE,TRUE,TRUE,TRUE,TRUE,TRUE,FALSE
4,4,Any ARIA E above 24 months,NA,NA,SUBGROUP_AND_OVERALL,GRADUATE II 2023,2023,NA,NA,NA,NA,128,496,NA,NA,18,470,NA,NA,56.24984379376101,6.738351254480287,4.18220125755483,10.85681315473154,NA,Low risk,"<p>Randomization was performed centrally using an interactive voice or Web-based response system (IxRS). The ratio was 1:1, one active to one placebo. The randomization method was stratified by block-randomization. Randomization to treatment allocation was stratified by geographic region (Western Europe vs. Rest of the World vs. North America), patient APOE ε4 status (carrier vs. non-carrier), patient stage of disease (prodromal vs. mild AD), use of AD medication (present vs. absent)</p>",Some concerns,"<p>Double blind. Placebo of identical composition (except protein) and identical volume to gantenerumab was &nbsp;administered by SC injection to all patients randomized to placebo at the same frequency and using the same route of administration. However, participants experienced side effects or toxicities that carers or people delivering the interventions knew to be specific to one of the interventions but deviation from the intended interventions because of functional unblinding unlikely</p><p>as treated analysis: those who had received at least one dose of gantenerumab were included in the gantenerumab group, regardless of the trial-group assignment. only 3 participants crossed over from placebo to intervention group</p>",Low risk,<p>n of events at least twice respect to the number of patients with missing data</p>,Low risk,<p>site staff &nbsp;blinded to treatment allocation&nbsp;</p>,Low risk,"<p>result analysed in accordance with a pre-specified analysis plan</p><p>outcome measures unlikely to be selected, on the basis of the results, from multiple measurements or multiple analyses&nbsp;</p>",Some concerns,"<p>Randomization was performed centrally using an interactive voice or Web-based response system (IxRS). The ratio was 1:1, one active to one placebo. The randomization method was stratified by block-randomization. Randomization to treatment allocation was stratified by geographic region (Western Europe vs. Rest of the World vs. North America), patient APOE ε4 status (carrier vs. non-carrier), patient stage of disease (prodromal vs. mild AD), use of AD medication (present vs. absent),</p><p>Double blind. Placebo of identical composition (except protein) and identical volume to gantenerumab was &nbsp;administered by SC injection to all patients randomized to placebo at the same frequency and using the same route of administration. However, participants experienced side effects or toxicities that carers or people delivering the interventions knew to be specific to one of the interventions but deviation from the intended interventions because of functional unblinding unlikely</p><p>as treated analysis: those who had received at least one dose of gantenerumab were included in the gantenerumab group, regardless of the trial-group assignment. only 3 participants crossed over from placebo to intervention group</p><p>n of events at least twice respect to the number of patients with missing data</p><p>&nbsp;site staff &nbsp;blinded to treatment allocation&nbsp;</p><p>result analysed in accordance with a pre-specified analysis plan</p><p>outcome measures unlikely to be selected, on the basis of the results, from multiple measurements or multiple analyses&nbsp;</p>",-56.46,Bateman 2023 NEJM,"Adjusted active-placebo Centiloid difference, week 116",4.4,TRUE,FALSE,1.9078152740026293,0.24336036437519865,0.05922426694882946,TRUE,FALSE,FALSE,TRUE,TRUE,TRUE,TRUE,TRUE,TRUE,TRUE,FALSE
4,5,Symptomatic ARIA E at 18 months,Donanemab,1,SUBGROUP_AND_OVERALL,TRAILBLAZER-ALZ 2 2023,2023,NA,NA,NA,NA,52,853,NA,NA,1,874,NA,NA,66.70117124826962,53.2801875732708,7.382367491768026,384.5349599580896,NA,Low risk,"<p>Eligible participants were randomly assigned in a 1:1 ratio (Figure 1) by a computer-generated sequence using interactive web response systems, with stratification by baseline tau categorization and enrolling sites; the randomization block size was 4</p>",Low risk,"<p>This is a double-blind study, with design to maintain blinding to treatment. To preserve the blinding of the study, a minimal number of Lilly personnel will see the randomization table and treatment assignments before the study is complete. Investigational product will be prepared by an unblinded pharmacist or other qualified unblinded personnel and will be administered by a blinded nurse or other qualified blinded personnel, as described in the pharmacy preparation instructions. Emergency unblinding at a participant level for AEs may be performed through the IWRS.&nbsp;<br>All unblinding events are recorded and reported by the IWRS. attempts to minimize bias included blinding CDR raters to adverse event information. However, participants experienced side effects or toxicities that carers or people delivering the interventions knew to be specific to one of the interventions but deviation from the intended interventions because of functional unblinding unlikely</p><p>&nbsp;The efficacy analyses were conducted by using the evaluable<br>efficacy population (participants with a baseline and at least 1 post baseline efficacy measurement based on randomized treatment</p>",Low risk,<p>n of events were more than double of missing participants (n:9)</p>,Low risk,<p>Central evaluation of MRI scans</p>,Low risk,"<p>result analysed in accordance with a pre-specified analysis plan<br>outcome measures unlikely to be selected, on the basis of the results, from multiple measurements or multiple analyses&nbsp;</p>",Low risk,"<p>Eligible participants were randomly assigned in a 1:1 ratio (Figure 1) by a computer-generated sequence using interactive web response systems, with stratification by baseline tau categorization and enrolling sites; the randomization block size was 4</p><p>This is a double-blind study, with design to maintain blinding to treatment. To preserve the blinding of the study, a minimal number of Lilly personnel will see the randomization table and treatment assignments before the study is complete. Investigational product will be prepared by an unblinded pharmacist or other qualified unblinded personnel and will be administered by a blinded nurse or other qualified blinded personnel, as described in the pharmacy preparation instructions. Emergency unblinding at a participant level for AEs may be performed through the IWRS.&nbsp;<br>All unblinding events are recorded and reported by the IWRS. attempts to minimize bias included blinding CDR raters to adverse event information. However, participants experienced side effects or toxicities that carers or people delivering the interventions knew to be specific to one of the interventions but deviation from the intended interventions because of functional unblinding unlikely</p><p>&nbsp;The efficacy analyses were conducted by using the evaluable<br>efficacy population (participants with a baseline and at least 1 post baseline efficacy measurement based on randomized treatment</p><p>n of events were more than double of missing participants (n:9)</p><p>Central evaluation of MRI scans</p><p>result analysed in accordance with a pre-specified analysis plan<br>outcome measures unlikely to be selected, on the basis of the results, from multiple measurements or multiple analyses&nbsp;</p>",-86.33,Imbimbo 2024 Table 1,"Donanemab, 76 weeks",4.5,TRUE,FALSE,3.9755645467452836,1.008421673472208,1.0169142715284885,TRUE,TRUE,TRUE,TRUE,TRUE,TRUE,TRUE,TRUE,TRUE,TRUE,TRUE
4,5,Symptomatic ARIA E at 18 months,Lecanemab,2,SUBGROUP_AND_OVERALL,CLARITY AD 2023,2023,NA,NA,NA,NA,25,898,NA,NA,0,897,NA,NA,33.298828751730376,50.943270300333715,3.1061696077410943,835.5038895574628,NA,Low risk,"<p>Subjects were assigned to treatments, (allocated 1:1; BAN2401:placebo), based on a computer-generated randomization scheme that was reviewed and approved by an independent statistician.<br>Randomization was performed centrally by an IxRS (INTERACTIVE voice and web response system. The IxRS or clinical supply vendor generated the randomized blister card identification numbers. At enrollment (and after<br>successful completion of Visit 1 and Visit 2), the investigator or designee called the IxRS to register the subject information. At randomization (Visit 3), the IxRS assigned each subject a unique 6-digit randomization number&nbsp;</p>",Low risk,"<p>Subjects and all personnel involved with the conduct and interpretation of the study, including investigators, site personnel, and sponsor staff were blinded to the treatment codes. In the event that emergency conditions require knowledge of the study treatment given, the blind may be broken via the code breaker facility within the IxRS. However, participants experienced side effects or toxicities that carers or people delivering the interventions knew to be specific to one of the interventions but deviation from the intended interventions because of functional unblinding unlikely</p><p>&nbsp;</p><p>Efficacy analyses were performed in the modified intention-to-treat population, which was defined as the group of randomly assigned participants who received at least one dose of lecanemab or placebo and who had a baseline assessment and at least one post-dose primary efficacy (CDR-SB) measurement</p>",Low risk,<p>n.of events more than double than of lost at FU (9 participants lost at FU&nbsp;</p>,Low risk,"<p>An indipendent medical monitoring team, unaware of the trial-group assignments, reviewed ARIA, infusion related reactions, and hypersensitivity reations</p>",Low risk,"<p>result analysed in accordance with a pre-specified analysis plan</p><p>outcome measures unlikely to be selected, on the basis of the results, from multiple measurements or multiple analyses&nbsp;</p>",Low risk,"<p>Subjects were assigned to treatments, (allocated 1:1; BAN2401:placebo), based on a computer-generated randomization scheme that was reviewed and approved by an independent statistician.</p><p>Randomization was performed centrally by an IxRS (INTERACTIVE voice and web response system. The IxRS or clinical supply vendor generated the randomized blister card identification numbers. At enrollment (and after successful completion of Visit 1 and Visit 2), the investigator or designee called the IxRS to register the subject information. At randomization (Visit 3), the IxRS assigned each subject a unique 6-digit randomization number &nbsp;</p><p>Subjects and all personnel involved with the conduct and interpretation of the study, including investigators, site personnel, and sponsor staff were blinded to the treatment codes. In the event that emergency conditions require knowledge of the study treatment given, the blind may be broken via the code breaker facility within the IxRS. However, participants experienced side effects or toxicities that carers or people delivering the interventions knew to be specific to one of the interventions but deviation from the intended interventions because of functional unblinding unlikely</p><p>&nbsp;</p><p>Efficacy analyses were performed in the modified intention-to-treat population, which was defined as the group of randomly assigned participants who received at least one dose of lecanemab or placebo and who had a baseline assessment and at least one post-dose primary efficacy (CDR-SB) measurement</p><p>n.of events more than double than of lost at FU (9 participants lost at FU&nbsp;</p><p>An indipendent medical monitoring team, unaware of the trial-group assignments, reviewed ARIA, infusion related reactions, and hypersensitivity reations</p><p>result analysed in accordance with a pre-specified analysis plan</p><p>outcome measures unlikely to be selected, on the basis of the results, from multiple measurements or multiple analyses&nbsp;</p>",-59.12,Imbimbo 2024 Table 1,Lecanemab 10 mg/kg every 2 weeks,4.5,TRUE,FALSE,3.9307126665549053,1.4272314996089908,2.0369897534761288,TRUE,TRUE,TRUE,TRUE,TRUE,TRUE,TRUE,TRUE,TRUE,TRUE,TRUE
4,6,Symptomatic ARIA E above 24 months,NA,NA,SUBGROUP_AND_OVERALL,GRADUATE I 2023,2023,NA,NA,NA,NA,26,497,NA,NA,0,476,NA,NA,20.905897660289497,50.76506024096386,3.10245243246334,830.662644268968,NA,Low risk,"<p>Randomization was performed centrally using an interactive voice or Web-based response system (IxRS). The ratio was &nbsp;1:1, one active to one placebo. The randomization method was stratified by &nbsp;block-randomization. Randomization to treatment allocation was stratified by geographic region (Western Europe vs. Rest of the World vs. North America), patient APOE ε4 status (carrier vs. non-carrier), patient stage of disease (prodromal vs. mild AD), use of AD medication (present vs. absent)</p>",Some concerns,"<p>Double blind. Placebo of identical composition (except protein) and identical volume to gantenerumab was administered by SC injection to all patients randomized to placebo at the same frequency and using the same route of administration. However, participants experienced side effects or toxicities that carers or people delivering the interventions knew to be specific to one of the interventions but deviation from the intended interventions because of functional unblinding unlikely</p><p>The primary efficacy analysis was based on an intent-to-treat (ITT) population, which included all randomized participants during the global enrollment phase, with participants grouped according to their randomly assigned treatment</p>",Low risk,<p>only 1 patient lost at FU in the placebo group</p>,Low risk,<p>infusion reaction more frequent in the intervention group that could bring to functional unblinding)</p>,Low risk,"<p>result analysed in accordance with a pre-specified analysis plan</p><p>outcome measures unlikely to be selected, on the basis of the results, from multiple measurements or multiple analyses&nbsp;</p>",Some concerns,"<p>Randomization was performed centrally using an interactive voice or Web-based response system (IxRS). The ratio was 1:1, one active to one placebo. The randomization method was stratified by block-randomization. Randomization to treatment allocation was stratified by geographic region (Western Europe vs. Rest of the World vs. North America), patient APOE ε4 status (carrier vs. non-carrier), patient stage of disease (prodromal vs. mild AD), use of AD medication (present vs. absent),</p><p>Double blind. Placebo of identical composition (except protein) and identical volume to gantenerumab was administered by SC injection to all patients randomized to placebo at the same frequency and using the same route of administration. However, participants experienced side effects or toxicities that carers or people delivering the interventions knew to be specific to one of the interventions but deviation from the intended interventions because of functional unblinding unlikely</p><p>The primary efficacy analysis was based on an intent-to-treat (ITT) population, which included all randomized participants during the global enrollment phase, with participants grouped according to their randomly assigned treatment</p><p>only 1 patient lost at FU in the placebo group</p><p>infusion reaction more frequent in the intervention group that could bring to functional unblinding)</p><p>result analysed in accordance with a pre-specified analysis plan</p><p>outcome measures unlikely to be selected, on the basis of the results, from multiple measurements or multiple analyses&nbsp;</p>",-66.44,Bateman 2023 NEJM,"Adjusted active-placebo Centiloid difference, week 116",4.6,TRUE,FALSE,3.9272083274158103,1.4260544803300437,2.033631380869391,TRUE,FALSE,FALSE,TRUE,TRUE,TRUE,TRUE,TRUE,TRUE,TRUE,FALSE
4,6,Symptomatic ARIA E above 24 months,NA,NA,SUBGROUP_AND_OVERALL,GRADUATE II 2023,2023,NA,NA,NA,NA,24,496,NA,NA,2,470,NA,NA,79.0941023397105,11.370967741935486,2.7022835331981745,47.8480166124948,NA,Low risk,"<p>Randomization was performed centrally using an interactive voice or Web-based response system (IxRS). The ratio was 1:1, one active to one placebo. The randomization method was stratified by block-randomization. Randomization to treatment allocation was stratified by geographic region (Western Europe vs. Rest of the World vs. North America), patient APOE ε4 status (carrier vs. non-carrier), patient stage of disease (prodromal vs. mild AD), use of AD medication (present vs. absent)</p>",Some concerns,"<p>Double blind. Placebo of identical composition (except protein) and identical volume to gantenerumab was administered by SC injection to all patients randomized to placebo at the same frequency and using the same route of administration. However, participants experienced side effects or toxicities that carers or people delivering the interventions knew to be specific to one of the interventions but deviation from the intended interventions because of functional unblinding unlikely</p><p>The primary efficacy analysis was based on an intent-to-treat (ITT) population, which included all randomized participants during the global enrollment phase, with participants grouped according to their randomly assigned treatment</p>",Low risk,<p>no participants lost at follow up</p>,Low risk,<p>infusion reaction more frequent in the intervention group that could bring to functional unblinding</p>,Low risk,"<p>result analysed in accordance with a pre-specified analysis plan</p><p>outcome measures unlikely to be selected, on the basis of the results, from multiple measurements or multiple analyses&nbsp;</p>",Some concerns,"<p>Randomization was performed centrally using an interactive voice or Web-based response system (IxRS). The ratio was 1:1, one active to one placebo. The randomization method was stratified by block-randomization. Randomization to treatment allocation was stratified by geographic region (Western Europe vs. Rest of the World vs. North America), patient APOE ε4 status (carrier vs. non-carrier), patient stage of disease (prodromal vs. mild AD), use of AD medication (present vs. absent),</p><p>Double blind. Placebo of identical composition (except protein) and identical volume to gantenerumab was administered by SC injection to all patients randomized to placebo at the same frequency and using the same route of administration. However, participants experienced side effects or toxicities that carers or people delivering the interventions knew to be specific to one of the interventions but deviation from the intended interventions because of functional unblinding unlikely</p><p>The primary efficacy analysis was based on an intent-to-treat (ITT) population, which included all randomized participants during the global enrollment phase, with participants grouped according to their randomly assigned treatment</p><p>No participants lost at FU&nbsp;</p><p>infusion reaction more frequent in the intervention group that could bring to functional unblinding)</p><p>result analysed in accordance with a pre-specified analysis plan</p><p>outcome measures unlikely to be selected, on the basis of the results, from multiple measurements or multiple analyses&nbsp;</p>",-56.46,Bateman 2023 NEJM,"Adjusted active-placebo Centiloid difference, week 116",4.6,TRUE,FALSE,2.4310634177671773,0.7331595174721126,0.537522878059941,TRUE,FALSE,FALSE,TRUE,TRUE,TRUE,TRUE,TRUE,TRUE,TRUE,FALSE
4,7,Any ARIA H at 18 months,Donanemab,1,SUBGROUP_AND_OVERALL,TRAILBLAZER-ALZ 2 2023,2023,NA,NA,NA,NA,268,853,NA,NA,119,874,NA,NA,100,2.3075452924428856,1.9002351235087331,2.802161275096992,NA,Low risk,"<p>Eligible participants were randomly assigned in a 1:1 ratio (Figure 1) by a computer-generated sequence using interactive web response systems, with stratification by baseline tau categorization and enrolling sites; the randomization block size was 4</p>",Low risk,"<p>This is a double-blind study, with design to maintain blinding to treatment. To preserve the blinding of the study, a minimal number of Lilly personnel will see the randomization table and treatment assignments before the study is complete. Investigational product will be prepared by an unblinded pharmacist or other qualified unblinded personnel and will be administered by a blinded nurse or other qualified blinded personnel, as described in the pharmacy preparation instructions. Emergency unblinding at a participant level for AEs may be performed through the IWRS.&nbsp;<br>All unblinding events are recorded and reported by the IWRS. attempts to minimize bias included blinding CDR raters to adverse event information. However, participants experienced side effects or toxicities that carers or people delivering the interventions knew to be specific to one of the interventions but deviation from the intended interventions because of functional unblinding unlikely</p><p>&nbsp;The efficacy analyses were conducted by using the evaluable<br>efficacy population (participants with a baseline and at least 1 post baseline efficacy measurement based on randomized treatment</p>",Low risk,<p>n of events were more than double of missing participants (n:9)</p>,Low risk,<p>Central evaluation of MRI scans</p>,Low risk,"<p>Central evaluation of MRI scans</p><p>result analysed in accordance with a pre-specified analysis plan<br>outcome measures unlikely to be selected, on the basis of the results, from multiple measurements or multiple analyses&nbsp;</p>",Low risk,"<p>Eligible participants were randomly assigned in a 1:1 ratio (Figure 1) by a computer-generated sequence using interactive web response systems, with stratification by baseline tau categorization and enrolling sites; the randomization block size was 4</p><p>This is a double-blind study, with design to maintain blinding to treatment. To preserve the blinding of the study, a minimal number of Lilly personnel will see the randomization table and treatment assignments before the study is complete. Investigational product will be prepared by an unblinded pharmacist or other qualified unblinded personnel and will be administered by a blinded nurse or other qualified blinded personnel, as described in the pharmacy preparation instructions. Emergency unblinding at a participant level for AEs may be performed through the IWRS.&nbsp;<br>All unblinding events are recorded and reported by the IWRS. attempts to minimize bias included blinding CDR raters to adverse event information. However, participants experienced side effects or toxicities that carers or people delivering the interventions knew to be specific to one of the interventions but deviation from the intended interventions because of functional unblinding unlikely</p><p>&nbsp;The efficacy analyses were conducted by using the evaluable<br>efficacy population (participants with a baseline and at least 1 post baseline efficacy measurement based on randomized treatment</p><p>n of events were more than double of missing participants (n:9)</p><p>Central evaluation of MRI scans</p><p>result analysed in accordance with a pre-specified analysis plan<br>outcome measures unlikely to be selected, on the basis of the results, from multiple measurements or multiple analyses&nbsp;</p>",-86.33,Imbimbo 2024 Table 1,"Donanemab, 76 weeks",4.7,TRUE,FALSE,0.8361843155631836,0.09908686555663584,0.009818206925838827,TRUE,TRUE,TRUE,TRUE,TRUE,TRUE,TRUE,TRUE,TRUE,TRUE,TRUE
4,7,Any ARIA H at 18 months,Lecanemab,2,SUBGROUP_AND_OVERALL,CLARITY AD 2023,2023,NA,NA,NA,NA,155,898,NA,NA,81,897,NA,NA,100,1.911449311226594,1.4852377835816704,2.4599687065446343,NA,Low risk,"<p>Subjects were assigned to treatments, (allocated 1:1; BAN2401:placebo), based on a computer-generated randomization scheme that was reviewed and approved by an independent statistician.<br>Randomization was performed centrally by an IxRS (INTERACTIVE voice and web response system. The IxRS or clinical supply vendor generated the randomized blister card identification numbers. At enrollment (and after<br>successful completion of Visit 1 and Visit 2), the investigator or designee called the IxRS to register the subject information. At randomization (Visit 3), the IxRS assigned each subject a unique 6-digit randomization number&nbsp;</p>",Low risk,"<p>Subjects and all personnel involved with the conduct and interpretation of the study, including investigators, site personnel, and sponsor staff were blinded to the treatment codes. In the event that emergency conditions require knowledge of the study treatment given, the blind may be broken via the code breaker facility within the IxRS. However, participants experienced side effects or toxicities that carers or people delivering the interventions knew to be specific to one of the interventions but deviation from the intended interventions because of functional unblinding unlikely</p><p>&nbsp;</p><p>Efficacy analyses were performed in the modified intention-to-treat population, which was defined as the group of randomly assigned participants who received at least one dose of lecanemab or placebo and who had a baseline assessment and at least one post-dose primary efficacy (CDR-SB) measurement</p>",Low risk,<p>n.of events more than double than of n of participants lost at FU (n: 9)</p>,Low risk,"<p>An indipendent medical monitoring team, unaware of the trial-group assignments, reviewed ARIA, infusion related reactions, and hypersensitivity reations</p>",Low risk,"<p>result analysed in accordance with a pre-specified analysis plan</p><p>outcome measures unlikely to be selected, on the basis of the results, from multiple measurements or multiple analyses&nbsp;</p>",Low risk,"<p>Subjects were assigned to treatments, (allocated 1:1; BAN2401:placebo), based on a computer-generated randomization scheme that was reviewed and approved by an independent statistician.</p><p>Randomization was performed centrally by an IxRS (INTERACTIVE voice and web response system. The IxRS or clinical supply vendor generated the randomized blister card identification numbers. At enrollment (and after successful completion of Visit 1 and Visit 2), the investigator or designee called the IxRS to register the subject information. At randomization (Visit 3), the IxRS assigned each subject a unique 6-digit randomization number &nbsp;</p><p>Subjects and all personnel involved with the conduct and interpretation of the study, including investigators, site personnel, and sponsor staff were blinded to the treatment codes. In the event that emergency conditions require knowledge of the study treatment given, the blind may be broken via the code breaker facility within the IxRS. However, participants experienced side effects or toxicities that carers or people delivering the interventions knew to be specific to one of the interventions but deviation from the intended interventions because of functional unblinding unlikely</p><p>&nbsp;</p><p>Efficacy analyses were performed in the modified intention-to-treat population, which was defined as the group of randomly assigned participants who received at least one dose of lecanemab or placebo and who had a baseline assessment and at least one post-dose primary efficacy (CDR-SB) measurement</p><p>n.of events more than double than of n of participants lost at FU (n: 9)</p><p>An indipendent medical monitoring team, unaware of the trial-group assignments, reviewed ARIA, infusion related reactions, and hypersensitivity reations</p><p>result analysed in accordance with a pre-specified analysis plan</p><p>outcome measures unlikely to be selected, on the basis of the results, from multiple measurements or multiple analyses&nbsp;</p>",-59.12,Imbimbo 2024 Table 1,Lecanemab 10 mg/kg every 2 weeks,4.7,TRUE,FALSE,0.6478617560034043,0.12872015758103053,0.016568878967685333,TRUE,TRUE,TRUE,TRUE,TRUE,TRUE,TRUE,TRUE,TRUE,TRUE,TRUE
4,7,Any ARIA H at 18 months,Crenezumab,3,SUBGROUP_AND_OVERALL,CREAD 2 2022,2022,NA,NA,NA,NA,20,398,NA,NA,23,388,NA,NA,100,0.8477168450950404,0.4733550733408244,1.5181496722661432,NA,Low risk,<p>Central randomisation. The Master Medication List was not available at the study center.</p>,Low risk,"<p>Study was double blind, however, participants experienced side effects or toxicities that carers or people delivering the interventions knew to be specific to one of the interventions.</p>",Low risk,<p>In the safety analysis all randomised participants were included.</p>,Low risk,<p>MRI readers and assessors were blinded.</p>,Low risk,<p>Result analysed in accordance with a pre-specified analysis plan.</p>,Low risk,"<p>Central randomisation. The Master Medication List was not available at the study center.</p><p>Study was double blind, however, participants experienced side effects or toxicities that carers or people delivering the interventions knew to be specific to one of the interventions.</p><p>In the safety analysis all randomised participants were included.</p><p>MRI readers and assessors were blinded.</p><p>Result analysed in accordance with a pre-specified analysis plan.</p>",-3.79,Imbimbo 2024 Table 1,"Crenezumab 60 mg/kg, 53 weeks",4.7,TRUE,FALSE,-0.16520860803632295,0.29730183058277,0.08838837846786607,TRUE,FALSE,FALSE,TRUE,FALSE,FALSE,FALSE,FALSE,FALSE,FALSE,FALSE
4,8,Any ARIA H at 24 months,Gantenerumab,1,SUBGROUP_AND_OVERALL,Marguerite RoAD 2024,2024,NA,NA,NA,NA,12,192,NA,NA,8,195,NA,NA,10.811577174046064,1.5234375,0.6368936685216413,3.644033425223771,NA,Low risk,"<p>The study was randomized and double-blind, but the method for sequence generation and allocation concealment was not fully described. Baseline characteristics were well balanced with no evidence of a problematic randomization process.</p>",Low risk,"<p>The study was double-blind for participants, investigators, and outcome assessors.&nbsp;<br>ARIA outcomes were assessed according to randomized assignment, irrespective of dose modifications or temporary interruptions mandated by protocol-defined ARIA management rules.</p>",Some concerns,<p>There is not evidence that the result was not biased by missing outcome data.</p>,Low risk,"<p>All MRI scans were evaluated by a central blinded reader, minimizing differential ascertainment.</p>",Low risk,<p>Result analysed in accordance with a pre-specified analysis plan.</p>,Some concerns,"<p>The study was randomized and double-blind, but the method for sequence generation and allocation concealment was not fully described. Baseline characteristics were well balanced with no evidence of a problematic randomization process.&nbsp;</p><p>The study was double-blind for participants, investigators, and outcome assessors.&nbsp;<br>ARIA outcomes were assessed according to randomized assignment, irrespective of dose modifications or temporary interruptions mandated by protocol-defined ARIA management rules.</p><p>There is not evidence that the result was not biased by missing outcome data.</p><p>All MRI scans were evaluated by a central blinded reader, minimizing differential ascertainment.</p><p>Result analysed in accordance with a pre-specified analysis plan.</p>",NA,Neve 2024 doi:10.3233/JAD-240221,Prior -59.65 CL mapping quarantined: high-dose extension PET cannot establish placebo-adjusted removal during the low-dose randomized phase; compatible PET estimate unknown,4.8,TRUE,FALSE,0.42096929464412963,0.4449683077161732,0.197996794871795,TRUE,FALSE,FALSE,FALSE,FALSE,FALSE,FALSE,FALSE,FALSE,FALSE,FALSE
4,8,Any ARIA H at 24 months,Gantenerumab,1,SUBGROUP_AND_OVERALL,SCarlet RoAD 2017,2017,NA,NA,NA,NA,42,260,NA,NA,35,266,NA,NA,47.80878844469888,1.2276923076923076,0.8109117597692889,1.858683616569678,NA,Low risk,<p>Central randomization with minimization and stratification is described. Central allocation with a designated unblinded medication preparer not involved in patient care supports concealment.&nbsp;</p>,Low risk,"<p>Study was doble blind, however, participants experienced side effects or toxicities that carers or people delivering the interventions knew to be specific to one of the interventions</p>",Low risk,<p>Number of event were more than double than number of participants lost at Follow up.</p>,Low risk,<p>All MRIs were centrally read by blinded neuroradiologists.</p>,Low risk,<p>Result analysed in accordance with a pre-specified analysis plan.</p>,Low risk,"<p>Central randomization with minimization (biased-coin) and stratification is described. Central allocation with a designated unblinded medication preparer not involved in patient care supports concealment.&nbsp;</p><p>Study was doble blind, however, participants experienced side effects or toxicities that carers or people delivering the interventions knew to be specific to one of the interventions</p><p>Number of event were more than double than number of participants lost at Follow up.</p><p>All MRIs were centrally read by blinded neuroradiologists.</p><p>Result analysed in accordance with a pre-specified analysis plan.</p>",-12.64,Imbimbo 2024 Table 1,Gantenerumab 225 mg every 4 weeks,4.8,TRUE,FALSE,0.20513623456012592,0.211601984958927,0.04477540003855796,TRUE,FALSE,FALSE,TRUE,TRUE,TRUE,TRUE,TRUE,TRUE,TRUE,FALSE
4,8,Any ARIA H at 24 months,Aducanumab,2,SUBGROUP_AND_OVERALL,ENVISION,2022,NA,NA,NA,NA,2,680,NA,NA,0,344,NA,NA,0.8935665895641287,2.5330396475770924,0.1219456991199386,52.61595859880877,NA,Some concerns,"<p>The study was labeled randomized, but no details on sequence generation or allocation concealment were available. Baseline characteristics were not reported.</p>",High risk,"<p>Study was doble blind, however, participants experienced side effects or toxicities that carers or people delivering the interventions knew to be specific to one of the interventions. No information about analysis methods.</p>",Some concerns,<p>The trial report provides no information about the extent of missing outcome data.</p>,Some concerns,<p>There is no information on whether the measurement or ascertainment of the outcome could have differed between intervention groups</p>,Some concerns,"<p>The prespecified statistical analysis plan was not publicly available. Multiple potential clinical outcomes and analyses existed, creating some uncertainty regarding selective reporting.</p>",High risk,"<p>The study was labeled randomized, but no details on sequence generation or allocation concealment were available. Baseline characteristics were not reported.&nbsp;</p><p>Study was doble blind, however, participants experienced side effects or toxicities that carers or people delivering the interventions knew to be specific to one of the interventions. No information about analysis methods.</p><p>The trial report provides no information about the extent of missing outcome data.</p><p>There is no information on whether the measurement or ascertainment of the outcome could have differed between intervention groups</p><p>The prespecified statistical analysis plan was not publicly available. Multiple potential clinical outcomes and analyses existed, creating some uncertainty regarding selective reporting.</p>",NA,Not available,No matched trial-level Centiloid estimate,4.8,TRUE,FALSE,0.9294200233159478,1.5477832601802362,2.3956330204941607,TRUE,TRUE,FALSE,FALSE,FALSE,FALSE,FALSE,FALSE,FALSE,FALSE,FALSE
4,8,Any ARIA H at 24 months,Crenezumab,3,SUBGROUP_AND_OVERALL,CREAD 2022,2022,NA,NA,NA,NA,39,399,NA,NA,31,397,NA,NA,40.48606779169093,1.2517584283288867,0.7976133438745941,1.9644846402403753,NA,Low risk,<p>Central randomisation. The Master Medication List was not available at the study center.</p>,Low risk,"<p>Study was doble blind, however, participants experienced side effects or toxicities that carers or people delivering the interventions knew to be specific to one of the interventions.</p>",Low risk,<p>In the safety analysis all randomised participants were included&nbsp;</p>,Low risk,<p>MRI readers and assessors were blinded.</p>,Low risk,<p>Result analysed in accordance with a pre-specified analysis plan.</p>,Low risk,"<p>Central randomisation. The Master Medication List was not available at the study center.</p><p>Study was doble blind, however, participants experienced side effects or toxicities that carers or people delivering the interventions knew to be specific to one of the interventions.</p><p>In the safety analysis all randomised participants were included&nbsp;</p><p>MRI readers and assessors were blinded.</p><p>Result analysed in accordance with a pre-specified analysis plan.</p>",-1.99,Imbimbo 2024 Table 1,"Crenezumab 60 mg/kg, 105 weeks",4.8,TRUE,FALSE,0.22454930544182714,0.22994332520283528,0.052873932805336865,TRUE,FALSE,FALSE,FALSE,FALSE,FALSE,FALSE,FALSE,FALSE,FALSE,FALSE
4,9,Any ARIA H above 24 months,NA,NA,SUBGROUP_AND_OVERALL,GRADUATE I 2023,2023,NA,NA,NA,NA,118,497,NA,NA,59,476,NA,NA,51.43962765879749,1.9154929577464788,1.438865656839604,2.550004063086318,NA,Low risk,"<p>Randomization was performed centrally using an interactive voice or Web-based response system (IxRS). The ratio was &nbsp;1:1, one active to one placebo. The randomization method was stratified by &nbsp;block-randomization. Randomization to treatment allocation was stratified by geographic region (Western Europe vs. Rest of the World vs. North America), patient APOE ε4 status (carrier vs. non-carrier), patient stage of disease (prodromal vs. mild AD), use of AD medication (present vs. absent)</p>",Some concerns,"<p>Double blind. Placebo of identical composition (except protein) and identical volume to gantenerumab was &nbsp;administered by SC injection to all patients randomized to placebo at the same frequency and using the same route of administration. However, participants experienced side effects or toxicities that carers or people delivering the interventions knew to be specific to one of the interventions but deviation from the intended interventions because of functional unblinding unlikely</p><p>as treated analysis: those who had received at least one dose of gantenerumab were included in the gantenerumab group, regardless of the trial-group assignment. only 4 participants crossed over from placebo to intervention group</p>",Low risk,<p>n of events at least twice respect to the number of patients with missing data</p>,Low risk,"<p>result analysed in accordance with a pre-specified analysis plan</p><p>outcome measures unlikely to be selected, on the basis of the results, from multiple measurements or multiple analyses&nbsp;</p>",Low risk,"<p>result analysed in accordance with a pre-specified analysis plan</p><p>outcome measures unlikely to be selected, on the basis of the results, from multiple measurements or multiple analyses&nbsp;</p>",Some concerns,"<p>Randomization was performed centrally using an interactive voice or Web-based response system (IxRS). The ratio was 1:1, one active to one placebo. The randomization method was stratified by block-randomization. Randomization to treatment allocation was stratified by geographic region (Western Europe vs. Rest of the World vs. North America), patient APOE ε4 status (carrier vs. non-carrier), patient stage of disease (prodromal vs. mild AD), use of AD medication (present vs. absent),</p><p>Double blind. Placebo of identical composition (except protein) and identical volume to gantenerumab was &nbsp;administered by SC injection to all patients randomized to placebo at the same frequency and using the same route of administration. However, participants experienced side effects or toxicities that carers or people delivering the interventions knew to be specific to one of the interventions but deviation from the intended interventions because of functional unblinding unlikely</p><p>as treated analysis: those who had received at least one dose of gantenerumab were included in the gantenerumab group, regardless of the trial-group assignment. only 4 participants crossed over from placebo to intervention group</p><p>n of events at least twice respect to the number of patients with missing data</p><p>&nbsp;site staff &nbsp;blinded to treatment allocation&nbsp;</p><p>result analysed in accordance with a pre-specified analysis plan</p><p>outcome measures unlikely to be selected, on the basis of the results, from multiple measurements or multiple analyses&nbsp;</p>",-66.44,Bateman 2023 NEJM,"Adjusted active-placebo Centiloid difference, week 116",4.9,TRUE,FALSE,0.6499750086947366,0.14598224564246584,0.021310816042817236,TRUE,FALSE,FALSE,TRUE,TRUE,TRUE,TRUE,TRUE,TRUE,TRUE,FALSE
4,9,Any ARIA H above 24 months,NA,NA,SUBGROUP_AND_OVERALL,GRADUATE II 2023,2023,NA,NA,NA,NA,109,496,NA,NA,57,470,NA,NA,48.56037234120252,1.812040181097906,1.3498226667565718,2.4325340644953624,NA,Low risk,"<p>Randomization was performed centrally using an interactive voice or Web-based response system (IxRS). The ratio was 1:1, one active to one placebo. The randomization method was stratified by block-randomization. Randomization to treatment allocation was stratified by geographic region (Western Europe vs. Rest of the World vs. North America), patient APOE ε4 status (carrier vs. non-carrier), patient stage of disease (prodromal vs. mild AD), use of AD medication (present vs. absent)</p>",Some concerns,"<p>Double blind. Placebo of identical composition (except protein) and identical volume to gantenerumab was administered by SC injection to all patients randomized to placebo at the same frequency and using the same route of administration. However, participants experienced side effects or toxicities that carers or people delivering the interventions knew to be specific to one of the interventions but deviation from the intended interventions because of functional unblinding unlikely</p><p>as treated analysis: those who had received at least one dose of gantenerumab were included in the gantenerumab group, regardless of the trial-group assignment. only 3 participants crossed over from placebo to intervention group</p>",Low risk,<p>&nbsp;of events at least twice respect to the number of patients with missing data</p>,Low risk,<p>&nbsp;site staff blinded to treatment allocation&nbsp;</p>,Low risk,"<p>&nbsp;result analysed in accordance with a pre-specified analysis plan</p><p>outcome measures unlikely to be selected, on the basis of the results, from multiple measurements or multiple analyses&nbsp;</p>",Some concerns,"<p>Randomization was performed centrally using an interactive voice or Web-based response system (IxRS). The ratio was 1:1, one active to one placebo. The randomization method was stratified by block-randomization. Randomization to treatment allocation was stratified by geographic region (Western Europe vs. Rest of the World vs. North America), patient APOE ε4 status (carrier vs. non-carrier), patient stage of disease (prodromal vs. mild AD), use of AD medication (present vs. absent),</p><p>Double blind. Placebo of identical composition (except protein) and identical volume to gantenerumab was &nbsp;administered by SC injection to all patients randomized to placebo at the same frequency and using the same route of administration. However, participants experienced side effects or toxicities that carers or people delivering the interventions knew to be specific to one of the interventions but deviation from the intended interventions because of functional unblinding unlikely</p><p>as treated analysis: those who had received at least one dose of gantenerumab were included in the gantenerumab group, regardless of the trial-group assignment. only 3 participants crossed over from placebo to intervention group</p><p>n of events at least twice respect to the number of patients with missing data</p><p>&nbsp;site staff &nbsp;blinded to treatment allocation&nbsp;</p><p>result analysed in accordance with a pre-specified analysis plan</p><p>outcome measures unlikely to be selected, on the basis of the results, from multiple measurements or multiple analyses&nbsp;</p>",-56.46,Bateman 2023 NEJM,"Adjusted active-placebo Centiloid difference, week 116",4.9,TRUE,FALSE,0.5944533823737703,0.15024773864854735,0.022574382969002188,TRUE,FALSE,FALSE,TRUE,TRUE,TRUE,TRUE,TRUE,TRUE,TRUE,FALSE
4,10,Symptomatic ARIA H at 18 months,NA,NA,SUBGROUP_AND_OVERALL,CLARITY AD 2023,2023,NA,NA,NA,NA,6,898,NA,NA,2,897,NA,NA,100,2.9966592427616927,0.606452442031973,14.807371518104375,NA,Low risk,"<p>Subjects were assigned to treatments, (allocated 1:1; BAN2401:placebo), based on a computer-generated randomization scheme that was reviewed and approved by an independent statistician.<br>Randomization was performed centrally by an IxRS (INTERACTIVE voice and web response system. The IxRS or clinical supply vendor generated the randomized blister card identification numbers. At enrollment (and after<br>successful completion of Visit 1 and Visit 2), the investigator or designee called the IxRS to register the subject information. At randomization (Visit 3), the IxRS assigned each subject a unique 6-digit randomization number&nbsp;</p>",Low risk,"<p>Subjects and all personnel involved with the conduct and interpretation of the study, including investigators, site personnel, and sponsor staff were blinded to the treatment codes. In the event that emergency conditions require knowledge of the study treatment given, the blind may be broken via the code breaker facility within the IxRS. However, participants experienced side effects or toxicities that carers or people delivering the interventions knew to be specific to one of the interventions but deviation from the intended interventions because of functional unblinding unlikely.</p><p>Efficacy analyses were performed in the modified intention-to-treat population, which was defined as the group of randomly assigned participants who received at least one dose of lecanemab or placebo and who had a baseline assessment and at least one post-dose primary efficacy (CDR-SB) measurement</p>",Low risk,<p>n.of events more than double than of n of participants lost at FU (n: 9)</p>,Low risk,"<p>An indipendent medical monitoring team, unaware of the trial-group assignments, reviewed ARIA, infusion related reactions, and hypersensitivity reations</p>",Low risk,"<p>result analysed in accordance with a pre-specified analysis plan</p><p>outcome measures unlikely to be selected, on the basis of the results, from multiple measurements or multiple analyses&nbsp;</p>",Low risk,"<p>Subjects were assigned to treatments, (allocated 1:1; BAN2401:placebo), based on a computer-generated randomization scheme that was reviewed and approved by an independent statistician.</p><p>Randomization was performed centrally by an IxRS (INTERACTIVE voice and web response system. The IxRS or clinical supply vendor generated the randomized blister card identification numbers. At enrollment (and after successful completion of Visit 1 and Visit 2), the investigator or designee called the IxRS to register the subject information. At randomization (Visit 3), the IxRS assigned each subject a unique 6-digit randomization number &nbsp;</p><p>Subjects and all personnel involved with the conduct and interpretation of the study, including investigators, site personnel, and sponsor staff were blinded to the treatment codes. In the event that emergency conditions require knowledge of the study treatment given, the blind may be broken via the code breaker facility within the IxRS. However, participants experienced side effects or toxicities that carers or people delivering the interventions knew to be specific to one of the interventions but deviation from the intended interventions because of functional unblinding unlikely</p><p>Efficacy analyses were performed in the modified intention-to-treat population, which was defined as the group of randomly assigned participants who received at least one dose of lecanemab or placebo and who had a baseline assessment and at least one post-dose primary efficacy (CDR-SB) measurement</p><p>n.of events more than double than of n of participants lost at FU (n: 9)</p><p>An indipendent medical monitoring team, unaware of the trial-group assignments, reviewed ARIA, infusion related reactions, and hypersensitivity reations</p><p>result analysed in accordance with a pre-specified analysis plan</p><p>outcome measures unlikely to be selected, on the basis of the results, from multiple measurements or multiple analyses&nbsp;</p>",-59.12,Imbimbo 2024 Table 1,Lecanemab 10 mg/kg every 2 weeks,4.10,TRUE,FALSE,1.0974980824247063,0.815130820003011,0.6644382537187811,TRUE,TRUE,TRUE,TRUE,TRUE,TRUE,TRUE,TRUE,TRUE,TRUE,TRUE
5,1,SAE at 18 months,Aducanumab,1,SUBGROUP_AND_OVERALL,EMERGE 2022,2022,NA,NA,NA,NA,73,541,NA,NA,81,544,NA,NA,9.117306298193188,0.9062321717897812,0.6760266152665722,1.2148290180305752,NA,Some concerns,<p>Subjects were randomized to receive aducanumab low dose : aducanumab high dose : placebo in a 1:1:1 ratio. The randomization were &nbsp;stratified by site and ApoE ε4 status (carrier or non-carrier). No further information provided on methods for random sequence generation and allocation concealment</p>,Low risk,"<p>Investigators, study site staff (except for the designated unblinded pharmacist/technician), and study subjects were blinded to the subjects’ randomized treatment assignment for the placebo controlled<br>period. However, participants experienced side effects or toxicities that carers or people delivering the interventions knew to be specific to one of the interventions but deviation from the intended interventions because of functional unblinding unlikely</p><p>randomized and dosed population analysed were all randomized patients who had received ≥1 dose of study treatment)</p>",Low risk,<p>n of event were more than double than n of participants lost at FU</p>,Low risk,<p>nvestigators were blind to treatment assignment</p>,Low risk,"<p>result analysed in accordance with a pre-specified analysis plan<br>outcome measures unlikely to be selected, on the basis of the results, from multiple measurements or multiple analyses&nbsp;</p>",Some concerns,"<p>Subjects were randomized to receive aducanumab low dose : aducanumab high dose : placebo in a 1:1:1 ratio. The randomization was stratified by site and ApoE ε4 status (carrier or non-carrier). No further information provided on methods for random sequence generation and allocation concealment&nbsp;</p><p>Investigators, study site staff (except for the designated unblinded pharmacist/technician), and study subjects were blinded to the subjects’ randomized treatment assignment for the placebo controlled<br>period. However, participants experienced side effects or toxicities that carers or people delivering the interventions knew to be specific to one of the interventions but deviation from the intended interventions because of functional unblinding unlikely</p><p>randomized and dosed population analysed were all randomized patients who had received ≥1 dose of study treatment)</p><p>n of event were more than double than n of participants lost at FU</p><p>investigators were blind to treatment assignment</p><p>result analysed in accordance with a pre-specified analysis plan<br>outcome measures unlikely to be selected, on the basis of the results, from multiple measurements or multiple analyses&nbsp;</p>",-48.74,Imbimbo 2024 Table 1,"High-dose aducanumab, 78 weeks",5.1,TRUE,FALSE,-0.09845974551458646,0.14952473046196915,0.022357645019724526,TRUE,TRUE,FALSE,TRUE,TRUE,TRUE,TRUE,TRUE,TRUE,TRUE,TRUE
5,1,SAE at 18 months,Aducanumab,1,SUBGROUP_AND_OVERALL,ENGAGE 2022,2022,NA,NA,NA,NA,74,554,NA,NA,70,532,NA,NA,8.65081550448172,1.0151624548736462,0.7487793461127739,1.376313082265327,NA,Some concerns,<p>Subjects were randomized to receive aducanumab low dose : aducanumab high dose : placebo in a 1:1:1 ratio. The randomization was stratified by site and ApoE ε4 status (carrier or non-carrier). No further information provided on methods for random sequence generation and allocation concealment</p>,Low risk,"<p>Investigators, study site staff (except for the designated unblinded pharmacist/technician), and study subjects were blinded to the subjects’ randomized treatment assignment for the placebo controlled<br>period. However, participants experienced side effects or toxicities that carers or people delivering the interventions knew to be specific to one of the interventions but deviation from the intended interventions because of functional unblinding unlikely</p><p>randomized and dosed population analysed were all randomized patients who had received ≥1 dose of study treatment)</p>",Low risk,<p>n of event were more than double than n of participants lost at FU</p>,Low risk,<p>investigators were blind to treatment assignment</p>,Low risk,"<p>result analysed in accordance with a pre-specified analysis plan<br>outcome measures unlikely to be selected, on the basis of the results, from multiple measurements or multiple analyses&nbsp;</p>",Some concerns,"<p>Subjects were randomized to receive aducanumab low dose : aducanumab high dose : placebo in a 1:1:1 ratio. The randomization was stratified by site and ApoE ε4 status (carrier or non-carrier). No further information provided on methods for random sequence generation and allocation concealment&nbsp;</p><p>Investigators, study site staff (except for the designated unblinded pharmacist/technician), and study subjects were blinded to the subjects’ randomized treatment assignment for the placebo controlled<br>period. However, participants experienced side effects or toxicities that carers or people delivering the interventions knew to be specific to one of the interventions but deviation from the intended interventions because of functional unblinding unlikely</p><p>randomized and dosed population analysed were all randomized patients who had received ≥1 dose of study treatment)</p><p>n of event were more than double than n of participants lost at FU</p><p>investigators were blind to treatment assignment</p><p>result analysed in accordance with a pre-specified analysis plan<br>outcome measures unlikely to be selected, on the basis of the results, from multiple measurements or multiple analyses&nbsp;</p>",-42.24,Imbimbo 2024 Table 1,"High-dose aducanumab, 78 weeks",5.1,TRUE,FALSE,0.015048653749171333,0.1552883588666033,0.024114474399482975,TRUE,TRUE,FALSE,TRUE,TRUE,TRUE,TRUE,TRUE,TRUE,TRUE,TRUE
5,1,SAE at 18 months,Bapineuzumab,2,SUBGROUP_AND_OVERALL,Bapineuzumab-301 2014,2014,NA,NA,NA,NA,76,329,NA,NA,108,524,NA,NA,10.726818423486808,1.120792525047844,0.865009427672188,1.4522106280200846,NA,Low risk,<p>A large multicentre trial run by the sponsor and academic centres experienced in clinical trials.</p>,Some concerns,"<p>Participants who shifted to the lower dose group, likely affected the safety outcome.</p>",Low risk,<p>Number of event were more than double than number of participants lost at Follow up.</p>,Low risk,<p>The assessment of the outcome could not have been influenced by knowledge of the intervention received.</p>,Low risk,<p>Result analysed in accordance with a pre-specified analysis plan.</p>,Some concerns,"<p>A large multicentre trial run by the sponsor and academic centres experienced in clinical trials.</p><p>Participants who shifted to the lower dose group, likely affected the safety outcome.</p><p>Number of event were more than double than number of participants lost at Follow up.</p><p>The assessment of the outcome could not have been influenced by knowledge of the intervention received.</p><p>Result analysed in accordance with a pre-specified analysis plan.</p>",NA,Not available,No unambiguous matched trial-level estimate,5.1,TRUE,FALSE,0.11403604671778157,0.13217126530273113,0.017469243371724938,FALSE,FALSE,FALSE,FALSE,FALSE,FALSE,FALSE,FALSE,FALSE,FALSE,FALSE
5,1,SAE at 18 months,Bapineuzumab,2,SUBGROUP_AND_OVERALL,Bapineuzumab-302 2014,2014,NA,NA,NA,NA,176,673,NA,NA,89,448,NA,NA,12.682203335409833,1.3163931415596777,1.0509714998443778,1.6488467131620164,NA,Low risk,<p>A large multicentre trial run by the sponsor and academic centres experienced in clinical trials&nbsp;</p>,Low risk,"<p>Study was doble blind, however, participants experienced side effects or toxicities that carers or people delivering the interventions knew to be specific to one of the interventions</p>",Low risk,<p>Number of event were more than double than number of participants lost at Follow up.</p>,Low risk,<p>The assessment of the outcome could not have been influenced by knowledge of the intervention received.</p>,Low risk,<p>Result analysed in accordance with a pre-specified analysis plan.</p>,Low risk,"<p>A large multicentre trial run by the sponsor and academic centres experienced in clinical trials.</p><p>Study was doble blind, however, participants experienced side effects or toxicities that carers or people delivering the interventions knew to be specific to one of the interventions</p><p>Number of event were more than double than number of participants lost at Follow up.</p><p>The assessment of the outcome could not have been influenced by knowledge of the intervention received.</p><p>Result analysed in accordance with a pre-specified analysis plan.</p>",NA,Not available,No unambiguous matched trial-level estimate,5.1,TRUE,FALSE,0.2748955280762695,0.11489014875007776,0.013199746279814994,FALSE,FALSE,FALSE,FALSE,FALSE,FALSE,FALSE,FALSE,FALSE,FALSE,FALSE
5,1,SAE at 18 months,Crenezumab,3,SUBGROUP_AND_OVERALL,CREAD 2 2022,2022,NA,NA,NA,NA,33,404,NA,NA,42,398,NA,NA,5.005122829790988,0.7740452616690241,0.5013086222133811,1.1951640976508928,NA,Low risk,<p>Central randomisation. The Master Medication List was not available at the study center.</p>,Low risk,"<p>Study was doble blind, however, participants experienced side effects or toxicities that carers or people delivering the interventions knew to be specific to one of the interventions.</p>",Low risk,<p>Number of event were more than double than number of participants lost at Follow up.</p>,Low risk,<p>The assessment of the outcome could not have been influenced by knowledge of the intervention received.</p>,Low risk,<p>Result analysed in accordance with a pre-specified analysis plan.</p>,Low risk,"<p>Central randomisation. The Master Medication List was not available at the study center.</p><p>Study was doble blind, however, participants experienced side effects or toxicities that carers or people delivering the interventions knew to be specific to one of the interventions.</p><p>Number of event were more than double than number of participants lost at Follow up.</p><p>The assessment of the outcome could not have been influenced by knowledge of the intervention received.</p><p>Result analysed in accordance with a pre-specified analysis plan.</p>",-3.79,Imbimbo 2024 Table 1,"Crenezumab 60 mg/kg, 53 weeks",5.1,TRUE,FALSE,-0.2561249294936004,0.22164102457291454,0.04912474377373131,TRUE,FALSE,FALSE,TRUE,FALSE,FALSE,FALSE,FALSE,FALSE,FALSE,FALSE
5,1,SAE at 18 months,Donanemab,4,SUBGROUP_AND_OVERALL,TRAILBLAZER-ALZ 2 2023,2023,NA,NA,NA,NA,148,853,NA,NA,138,874,NA,NA,13.558102563507674,1.0988667448221965,0.8890498331464223,1.3582007193035028,NA,Low risk,"<p>Eligible participants were randomly assigned in a 1:1 ratio (Figure 1) by a computer-generated sequence using interactive web response systems, with stratification by baseline tau categorization and enrolling sites; the randomization block size was 4</p>",Low risk,"<p>This is a double-blind study, with design to maintain blinding to treatment. To preserve the blinding of the study, a minimal number of Lilly personnel will see the randomization table and treatment assignments before the study is complete. Investigational product will be prepared by an unblinded pharmacist or other qualified unblinded personnel and will be administered by a blinded nurse or other qualified blinded personnel, as described in the pharmacy preparation instructions. Emergency unblinding at a participant level for AEs may be performed through the IWRS.&nbsp;<br>All unblinding events are recorded and reported by the IWRS. attempts to minimize bias included blinding CDR raters to adverse event information. However, participants experienced side effects or toxicities that carers or people delivering the interventions knew to be specific to one of the interventions but deviation from the intended interventions because of functional unblinding unlikely</p><p>&nbsp;The efficacy analyses were conducted by using the evaluable<br>efficacy population (participants with a baseline and at least 1 post baseline efficacy measurement based on randomized treatment</p>",Low risk,<p>n of events were more than double of missing participants (n:9)</p>,Low risk,<p>study personnel blind to treatment assignment</p>,Low risk,"<p>result analysed in accordance with a pre-specified analysis plan<br>outcome measures unlikely to be selected, on the basis of the results, from multiple measurements or multiple analyses&nbsp;</p>",Low risk,"<p>Eligible participants were randomly assigned in a 1:1 ratio (Figure 1) by a computer-generated sequence using interactive web response systems, with stratification by baseline tau categorization and enrolling sites; the randomization block size was 4</p><p>This is a double-blind study, with design to maintain blinding to treatment. To preserve the blinding of the study, a minimal number of Lilly personnel will see the randomization table and treatment assignments before the study is complete. Investigational product will be prepared by an unblinded pharmacist or other qualified unblinded personnel and will be administered by a blinded nurse or other qualified blinded personnel, as described in the pharmacy preparation instructions. Emergency unblinding at a participant level for AEs may be performed through the IWRS.&nbsp;<br>All unblinding events are recorded and reported by the IWRS. attempts to minimize bias included blinding CDR raters to adverse event information. However, participants experienced side effects or toxicities that carers or people delivering the interventions knew to be specific to one of the interventions but deviation from the intended interventions because of functional unblinding unlikely</p><p>&nbsp;The efficacy analyses were conducted by using the evaluable<br>efficacy population (participants with a baseline and at least 1 post baseline efficacy measurement based on randomized treatment</p><p>n of events were more than double of missing participants (n:9)</p><p>study personnel blind to treatment assignment</p><p>result analysed in accordance with a pre-specified analysis plan<br>outcome measures unlikely to be selected, on the basis of the results, from multiple measurements or multiple analyses&nbsp;</p>",-86.33,Imbimbo 2024 Table 1,"Donanemab, 76 weeks",5.1,TRUE,FALSE,0.094279416770767,0.10810474488231255,0.01168663586606988,TRUE,TRUE,TRUE,TRUE,TRUE,TRUE,TRUE,TRUE,TRUE,TRUE,TRUE
5,1,SAE at 18 months,Lecanemab,5,SUBGROUP_AND_OVERALL,CLARITY AD 2023,2023,NA,NA,NA,NA,126,898,NA,NA,101,897,NA,NA,11.49928855963713,1.246135526692981,0.975482057916536,1.5918834572960012,NA,Low risk,"<p>Subjects were assigned to treatments, (allocated 1:1; BAN2401:placebo), based on a computer-generated randomization scheme that was reviewed and approved by an independent statistician.<br>Randomization was performed centrally by an IxRS (INTERACTIVE voice and web response system. The IxRS or clinical supply vendor generated the randomized blister card identification numbers. At enrollment (and after<br>successful completion of Visit 1 and Visit 2), the investigator or designee called the IxRS to register the subject information. At randomization (Visit 3), the IxRS assigned each subject a unique 6-digit randomization number&nbsp;</p>",Low risk,"<p>Subjects and all personnel involved with the conduct and interpretation of the study, including investigators, site personnel, and sponsor staff were blinded to the treatment codes. In the event that emergency conditions require knowledge of the study treatment given, the blind may be broken via the code breaker facility within the IxRS. However, participants experienced side effects or toxicities that carers or people delivering the interventions knew to be specific to one of the interventions but deviation from the intended interventions because of functional unblinding unlikely</p><p>Efficacy analyses were performed in the modified intention-to-treat population, which was defined as the group of randomly assigned participants who received at least one dose of lecanemab or placebo and who had a baseline assessment and at least one post-dose primary efficacy (CDR-SB) measurement</p>",Low risk,<p>n.of events more than double than of n of participants lost at FU (n: 9)</p>,Low risk,<p>study personnel blind to treatment assignment</p>,Low risk,"<p>result analysed in accordance with a pre-specified analysis plan</p><p>outcome measures unlikely to be selected, on the basis of the results, from multiple measurements or multiple analyses&nbsp;</p>",Low risk,"<p>Subjects were assigned to treatments, (allocated 1:1; BAN2401:placebo), based on a computer-generated randomization scheme that was reviewed and approved by an independent statistician.</p><p>Randomization was performed centrally by an IxRS (INTERACTIVE voice and web response system. The IxRS or clinical supply vendor generated the randomized blister card identification numbers. At enrollment (and after successful completion of Visit 1 and Visit 2), the investigator or designee called the IxRS to register the subject information. At randomization (Visit 3), the IxRS assigned each subject a unique 6-digit randomization number &nbsp;</p><p>Subjects and all personnel involved with the conduct and interpretation of the study, including investigators, site personnel, and sponsor staff were blinded to the treatment codes. In the event that emergency conditions require knowledge of the study treatment given, the blind may be broken via the code breaker facility within the IxRS. However, participants experienced side effects or toxicities that carers or people delivering the interventions knew to be specific to one of the interventions but deviation from the intended interventions because of functional unblinding unlikely</p><p>&nbsp;</p><p>Efficacy analyses were performed in the modified intention-to-treat population, which was defined as the group of randomly assigned participants who received at least one dose of lecanemab or placebo and who had a baseline assessment and at least one post-dose primary efficacy (CDR-SB) measurement</p><p>n.of events more than double than of n of participants lost at FU (n: 9)</p><p>study personnel blind to treatment assignment</p><p>result analysed in accordance with a pre-specified analysis plan</p><p>outcome measures unlikely to be selected, on the basis of the results, from multiple measurements or multiple analyses&nbsp;</p>",-59.12,Imbimbo 2024 Table 1,Lecanemab 10 mg/kg every 2 weeks,5.1,TRUE,FALSE,0.220047183866815,0.12493632413206203,0.015609085087631666,TRUE,TRUE,TRUE,TRUE,TRUE,TRUE,TRUE,TRUE,TRUE,TRUE,TRUE
5,1,SAE at 18 months,Solanezumab,6,SUBGROUP_AND_OVERALL,EXPEDITION - EXPEDITION 2 2016,2016,NA,NA,NA,NA,127,654,NA,NA,132,660,NA,NA,13.127324069580668,0.970948012232416,0.780528740300206,1.2078223309182492,NA,Some concerns,"<p>The study was randomized and double-blind, but the method for sequence generation and allocation concealment was not fully described. Baseline characteristics were well balanced with no evidence of a problematic randomization process.</p>",Low risk,"<p>Study was doble blind, however, participants experienced side effects or toxicities that carers or people delivering the interventions knew to be specific to one of the interventions.</p>",Low risk,<p>Number of event were more than double than number of participants lost at Follow up.</p>,Low risk,<p>The assessment of the outcome could not have been influenced by knowledge of the intervention received.</p>,Low risk,<p>Result analysed in accordance with a pre-specified analysis plan.</p>,Some concerns,"<p>The study was randomized and double-blind, but the method for sequence generation and allocation concealment was not fully described. Baseline characteristics were well balanced with no evidence of a problematic randomization process.</p><p>Study was doble blind, however, participants experienced side effects or toxicities that carers or people delivering the interventions knew to be specific to one of the interventions.</p><p>Number of event were more than double than number of participants lost at Follow up.</p><p>The assessment of the outcome could not have been influenced by knowledge of the intervention received.</p><p>Result analysed in accordance with a pre-specified analysis plan.</p>",NA,Not available,No plaque PET reduction estimate; soluble-Aβ target,5.1,TRUE,FALSE,-0.02948235256450695,0.11138029368281437,0.012405569820869978,FALSE,FALSE,FALSE,FALSE,FALSE,FALSE,FALSE,FALSE,FALSE,FALSE,FALSE
5,1,SAE at 18 months,Solanezumab,6,SUBGROUP_AND_OVERALL,EXPEDITION 3 2018,2018,NA,NA,NA,NA,175,1054,NA,NA,202,1067,NA,NA,15.633018415912009,0.8770220001127248,0.7298891601778754,1.053814237348417,NA,Low risk,<p>Assignment to treatment groups was determined by a computergenerated random sequence using an interactive web response system (IWRS).</p>,Low risk,"<p>patients and site personnel were e blinded to therapy. In order to preserve blinding, a minimal number of Lilly and contract research organization (CRO) personnel saw the randomization table and treatment assignments before the study is complete. However, participants experienced side effects or toxicities that carers or people delivering the interventions knew to be specific to one of the interventions but deviation from the intended interventions because of functional unblinding unlikely</p><p>Analyses were conducted on the basis of a modified intention-to-treat principle and involved only patients who had outcome measurements both at and after baseline&nbsp;</p>",Low risk,<p>n of events are more than double of the participants lost at FU</p>,Low risk,<p>site personnel blind to treatment assignment</p>,Low risk,"<p>result analysed in accordance with a pre-specified analysis plan</p><p>outcome measures unlikely to be selected, on the basis of the results, from multiple measurements or multiple analyses&nbsp;</p>",Low risk,"<p>Assignment to treatment groups was determined by a computer generated random sequence using an interactive web response system (IWRS).</p><p>patients and site personnel were e blinded to therapy. In order to preserve blinding, a minimal number of Lilly and contract research organization (CRO) personnel saw the randomization table and treatment assignments before the study is complete. However, participants experienced side effects or toxicities that carers or people delivering the interventions knew to be specific to one of the interventions but deviation from the intended interventions because of functional unblinding unlikely</p><p>Analyses were conducted on the basis of a modified intention-to-treat principle and involved only patients who had outcome measurements both at and after baseline&nbsp;</p><p>n of events are less than double of the participants lost at FU; n of lost at FU balanced in numbers between groups</p><p>site personnel blind to treatment assignment</p><p>result analysed in accordance with a pre-specified analysis plan</p><p>outcome measures unlikely to be selected, on the basis of the results, from multiple measurements or multiple analyses&nbsp;</p>",NA,Not available,No plaque PET reduction estimate; soluble-Aβ target,5.1,TRUE,FALSE,-0.1312232012772449,0.09369528823586049,0.008778807037600976,TRUE,FALSE,FALSE,FALSE,FALSE,FALSE,FALSE,FALSE,FALSE,FALSE,FALSE
5,2,SAE at 24 months,Aducanumab,1,SUBGROUP_AND_OVERALL,ENVISION,2022,NA,NA,NA,NA,59,680,NA,NA,23,344,NA,NA,17.69396378954126,1.29769820971867,0.8159302297730878,2.0639272600248817,NA,Some concerns,"<p>The study was labeled randomized, but no details on sequence generation or allocation concealment were available. Baseline characteristics were not reported.</p>",High risk,"<p>Study was doble blind, however, participants experienced side effects or toxicities that carers or people delivering the interventions knew to be specific to one of the interventions. No information about analysis methods.</p>",Some concerns,<p>The trial report provides no information about the extent of missing outcome data.</p>,Some concerns,<p>There is no information on whether the measurement or ascertainment of the outcome could have differed between intervention groups</p>,Some concerns,"<p>The prespecified statistical analysis plan was not publicly available. Multiple potential clinical outcomes and analyses existed, creating some uncertainty regarding selective reporting.</p>",High risk,"<p>The study was labeled randomized, but no details on sequence generation or allocation concealment were available. Baseline characteristics were not reported.&nbsp;</p><p>Study was doble blind, however, participants experienced side effects or toxicities that carers or people delivering the interventions knew to be specific to one of the interventions. No information about analysis methods.</p><p>The trial report provides no information about the extent of missing outcome data.</p><p>There is no information on whether the measurement or ascertainment of the outcome could have differed between intervention groups</p><p>The prespecified statistical analysis plan was not publicly available. Multiple potential clinical outcomes and analyses existed, creating some uncertainty regarding selective reporting.</p>",NA,Not available,No matched trial-level Centiloid estimate,5.2,TRUE,FALSE,0.2605920871798157,0.23674849193280614,0.05604984843245798,TRUE,TRUE,FALSE,FALSE,FALSE,FALSE,FALSE,FALSE,FALSE,FALSE,FALSE
5,2,SAE at 24 months,Crenezumab,2,SUBGROUP_AND_OVERALL,CREAD 2022,2022,NA,NA,NA,NA,67,404,NA,NA,63,405,NA,NA,38.3593939308086,1.0661244695898162,0.7779320705599281,1.4610805077621585,NA,Low risk,<p>Central randomisation. The Master Medication List was not available at the study center.</p>,Low risk,"<p>Study was doble blind, however, participants experienced side effects or toxicities that carers or people delivering the interventions knew to be specific to one of the interventions.</p>",Low risk,<p>Number of event were more than double than number of participants lost at Follow up.</p>,Low risk,<p>The assessment of the outcome could not have been influenced by knowledge of the intervention received.</p>,Low risk,<p>Result analysed in accordance with a pre-specified analysis plan.</p>,Low risk,"<p>Central randomisation. The Master Medication List was not available at the study center.</p><p>Study was doble blind, however, participants experienced side effects or toxicities that carers or people delivering the interventions knew to be specific to one of the interventions.</p><p>Number of event were more than double than number of participants lost at Follow up.</p><p>The assessment of the outcome could not have been influenced by knowledge of the intervention received.</p><p>Result analysed in accordance with a pre-specified analysis plan.</p>",-1.99,Imbimbo 2024 Table 1,"Crenezumab 60 mg/kg, 105 weeks",5.2,TRUE,FALSE,0.06403008214482253,0.16079180849820254,0.025854005680122638,TRUE,FALSE,FALSE,FALSE,FALSE,FALSE,FALSE,FALSE,FALSE,FALSE,FALSE
5,2,SAE at 24 months,Gantenerumab,3,SUBGROUP_AND_OVERALL,Marguerite RoAD 2024,2024,NA,NA,NA,NA,24,192,NA,NA,23,195,NA,NA,13.257122641458926,1.059782608695652,0.6200170226845111,1.811465067250676,NA,Low risk,"<p>The study was randomized and double-blind, but the method for sequence generation and allocation concealment was not fully described. Baseline characteristics were well balanced with no evidence of a problematic randomization process.</p>",Low risk,"<p>The study was double-blind for participants, investigators, and outcome assessors.&nbsp;</p>",Low risk,<p>There is not evidence that the result was not biased by missing outcome data.</p>,Low risk,<p>The assessment of the outcome could not have been influenced by knowledge of the intervention received.</p>,Low risk,<p>Result analysed in accordance with a pre-specified analysis plan.</p>,Low risk,"<p>The study was randomized and double-blind, but the method for sequence generation and allocation concealment was not fully described. Baseline characteristics were well balanced with no evidence of a problematic randomization process.&nbsp;</p><p>The study was double-blind for participants, investigators, and outcome assessors.&nbsp;</p><p>There is not evidence that the result was not biased by missing outcome data.</p><p>The assessment of the outcome could not have been influenced by knowledge of the intervention received.</p><p>Result analysed in accordance with a pre-specified analysis plan.</p>",NA,Neve 2024 doi:10.3233/JAD-240221,Prior -59.65 CL mapping quarantined: high-dose extension PET cannot establish placebo-adjusted removal during the low-dose randomized phase; compatible PET estimate unknown,5.2,TRUE,FALSE,0.058063800954761116,0.27351122294102215,0.07480838907469352,TRUE,FALSE,FALSE,FALSE,FALSE,FALSE,FALSE,FALSE,FALSE,FALSE,FALSE
5,2,SAE at 24 months,Gantenerumab,3,SUBGROUP_AND_OVERALL,SCarlet RoAD 2017,2017,NA,NA,NA,NA,46,260,NA,NA,55,266,NA,NA,30.689519638191214,0.8556643356643356,0.6015715997700242,1.2170811514502813,NA,Low risk,<p>Central randomization with minimization and stratification is described. Central allocation with a designated unblinded medication preparer not involved in patient care supports concealment.&nbsp;</p>,Low risk,"<p>Study was doble blind, however, participants experienced side effects or toxicities that carers or people delivering the interventions knew to be specific to one of the interventions</p>",Low risk,<p>Number of event were more than double than number of participants lost at Follow up.</p>,Low risk,<p>The assessment of the outcome could not have been influenced by knowledge of the intervention received.</p>,Low risk,<p>Result analysed in accordance with a pre-specified analysis plan.</p>,Low risk,"<p>Central randomization with minimization (biased-coin) and stratification is described. Central allocation with a designated unblinded medication preparer not involved in patient care supports concealment.&nbsp;</p><p>Study was doble blind, however, participants experienced side effects or toxicities that carers or people delivering the interventions knew to be specific to one of the interventions</p><p>Number of event were more than double than number of participants lost at Follow up.</p><p>The assessment of the outcome could not have been influenced by knowledge of the intervention received.</p><p>Result analysed in accordance with a pre-specified analysis plan.</p>",-12.64,Imbimbo 2024 Table 1,Gantenerumab 225 mg every 4 weeks,5.2,TRUE,FALSE,-0.1558771109772046,0.17976483603365362,0.03231539627420637,TRUE,FALSE,FALSE,TRUE,TRUE,TRUE,TRUE,TRUE,TRUE,TRUE,FALSE
5,3,SAE above 24 months,NA,NA,SUBGROUP_AND_OVERALL,GRADUATE I 2023,2023,NA,NA,NA,NA,76,503,NA,NA,95,481,NA,NA,58.94096651271797,0.7650099403578529,0.5813621823166851,1.0066705861640102,NA,Low risk,"<p>Randomization was performed centrally using an interactive voice or Web-based response system (IxRS). The ratio was &nbsp;1:1, one active to one placebo. The randomization method was stratified by &nbsp;block-randomization. Randomization to treatment allocation was stratified by geographic region (Western Europe vs. Rest of the World vs. North America), patient APOE ε4 status (carrier vs. non-carrier), patient stage of disease (prodromal vs. mild AD), use of AD medication (present vs. absent)</p>",Some concerns,"<p>Double blind. Placebo of identical composition (except protein) and identical volume to gantenerumab was &nbsp;administered by SC injection to all patients randomized to placebo at the same frequency and using the same route of administration. However, participants experienced side effects or toxicities that carers or people delivering the interventions knew to be specific to one of the interventions but deviation from the intended interventions because of functional unblinding unlikely</p><p>as treated analysis: those who had received at least one dose of gantenerumab were included in the gantenerumab group, regardless of the trial-group assignment. only 4 participants crossed over from placebo to intervention group</p>",Low risk,<p>n of events at least twice respect to the number of patients with missing data</p>,Low risk,<p>&nbsp;site staff &nbsp;blinded to treatment allocation&nbsp;</p>,Low risk,"<p>result analysed in accordance with a pre-specified analysis plan</p><p>outcome measures unlikely to be selected, on the basis of the results, from multiple measurements or multiple analyses&nbsp;</p>",Some concerns,"<p>Randomization was performed centrally using an interactive voice or Web-based response system (IxRS). The ratio was 1:1, one active to one placebo. The randomization method was stratified by block-randomization. Randomization to treatment allocation was stratified by geographic region (Western Europe vs. Rest of the World vs. North America), patient APOE ε4 status (carrier vs. non-carrier), patient stage of disease (prodromal vs. mild AD), use of AD medication (present vs. absent),</p><p>Double blind. Placebo of identical composition (except protein) and identical volume to gantenerumab was &nbsp;administered by SC injection to all patients randomized to placebo at the same frequency and using the same route of administration. However, participants experienced side effects or toxicities that carers or people delivering the interventions knew to be specific to one of the interventions but deviation from the intended interventions because of functional unblinding unlikely</p><p>as treated analysis: those who had received at least one dose of gantenerumab were included in the gantenerumab group, regardless of the trial-group assignment. only 4 participants crossed over from placebo to intervention group</p><p>n of events at least twice respect to the number of patients with missing data</p><p>&nbsp;site staff &nbsp;blinded to treatment allocation&nbsp;</p><p>result analysed in accordance with a pre-specified analysis plan</p><p>outcome measures unlikely to be selected, on the basis of the results, from multiple measurements or multiple analyses&nbsp;</p>",-66.44,Bateman 2023 NEJM,"Adjusted active-placebo Centiloid difference, week 116",5.3,TRUE,FALSE,-0.2678664513081878,0.1400611897591091,0.019617136876737173,TRUE,FALSE,FALSE,TRUE,TRUE,TRUE,TRUE,TRUE,TRUE,TRUE,FALSE
5,3,SAE above 24 months,NA,NA,SUBGROUP_AND_OVERALL,GRADUATE II 2023,2023,NA,NA,NA,NA,61,501,NA,NA,63,474,NA,NA,41.05903348728203,0.916072616671419,0.659308046448083,1.272833000501386,NA,Low risk,"<p>Randomization was performed centrally using an interactive voice or Web-based response system (IxRS). The ratio was 1:1, one active to one placebo. The randomization method was stratified by block-randomization. Randomization to treatment allocation was stratified by geographic region (Western Europe vs. Rest of the World vs. North America), patient APOE ε4 status (carrier vs. non-carrier), patient stage of disease (prodromal vs. mild AD), use of AD medication (present vs. absent)</p>",Some concerns,"<p>Double blind. Placebo of identical composition (except protein) and identical volume to gantenerumab was &nbsp;administered by SC injection to all patients randomized to placebo at the same frequency and using the same route of administration. However, participants experienced side effects or toxicities that carers or people delivering the interventions knew to be specific to one of the interventions but deviation from the intended interventions because of functional unblinding unlikely</p><p>as treated analysis: those who had received at least one dose of gantenerumab were included in the gantenerumab group, regardless of the trial-group assignment. only 4 participants crossed over from placebo to intervention group</p>",Low risk,<p>n of events at least twice respect to the number of patients with missing data</p>,Low risk,<p>&nbsp;site staff &nbsp;blinded to treatment allocation&nbsp;</p>,Low risk,"<p>result analysed in accordance with a pre-specified analysis plan</p><p>outcome measures unlikely to be selected, on the basis of the results, from multiple measurements or multiple analyses&nbsp;</p>",Some concerns,"<p>Randomization was performed centrally using an interactive voice or Web-based response system (IxRS). The ratio was 1:1, one active to one placebo. The randomization method was stratified by block-randomization. Randomization to treatment allocation was stratified by geographic region (Western Europe vs. Rest of the World vs. North America), patient APOE ε4 status (carrier vs. non-carrier), patient stage of disease (prodromal vs. mild AD), use of AD medication (present vs. absent),</p><p>Double blind. Placebo of identical composition (except protein) and identical volume to gantenerumab was &nbsp;administered by SC injection to all patients randomized to placebo at the same frequency and using the same route of administration. However, participants experienced side effects or toxicities that carers or people delivering the interventions knew to be specific to one of the interventions but deviation from the intended interventions because of functional unblinding unlikely</p><p>as treated analysis: those who had received at least one dose of gantenerumab were included in the gantenerumab group, regardless of the trial-group assignment. only 4 participants crossed over from placebo to intervention group</p><p>n of events at least twice respect to the number of patients with missing data</p><p>&nbsp;site staff &nbsp;blinded to treatment allocation&nbsp;</p><p>result analysed in accordance with a pre-specified analysis plan</p><p>outcome measures unlikely to be selected, on the basis of the results, from multiple measurements or multiple analyses&nbsp;</p>",-56.46,Bateman 2023 NEJM,"Adjusted active-placebo Centiloid difference, week 116",5.3,TRUE,FALSE,-0.08765964160800978,0.1678116380665673,0.028160745870584578,TRUE,FALSE,FALSE,TRUE,TRUE,TRUE,TRUE,TRUE,TRUE,TRUE,FALSE
6,1,Mortality at 18 months,Bapineuzumab,1,SUBGROUP_AND_OVERALL,Bapineuzumab-301 2014,2014,NA,NA,NA,NA,7,329,NA,NA,7,524,NA,NA,13.754893545787594,1.5927051671732524,0.5637750957700624,4.499506573761434,NA,Low risk,<p>A large multicentre trial run by the sponsor and academic centres experienced in clinical trials.</p>,Some concerns,"<p>Participants who shifted to the lower dose group, likely affected the safety outcome.</p>",Low risk,<p>In the safety analysis all randomised participants were included&nbsp;</p>,Low risk,<p>The assessment of the outcome could not have been influenced by knowledge of the intervention received.</p>,Low risk,<p>Result analysed in accordance with a pre-specified analysis plan.</p>,Some concerns,"<p>A large multicentre trial run by the sponsor and academic centres experienced in clinical trials.</p><p>Participants who shifted to the lower dose group, likely affected the safety outcome.</p><p>In the safety analysis all randomised participants were included&nbsp;</p><p>The assessment of the outcome could not have been influenced by knowledge of the intervention received.</p><p>Result analysed in accordance with a pre-specified analysis plan.</p><p>&nbsp;</p>",NA,Not available,No unambiguous matched trial-level estimate,6.1,TRUE,FALSE,0.46543393355567036,0.5298739237685787,0.28076637508990954,FALSE,FALSE,FALSE,FALSE,FALSE,FALSE,FALSE,FALSE,FALSE,FALSE,FALSE
6,1,Mortality at 18 months,Bapineuzumab,1,SUBGROUP_AND_OVERALL,Bapineuzumab-302 2014,2014,NA,NA,NA,NA,15,673,NA,NA,5,448,NA,NA,14.399066938820695,1.99702823179792,0.7309718776578213,5.455916814989735,NA,Low risk,<p>A large multicentre trial run by the sponsor and academic centres experienced in clinical trials&nbsp;</p>,Low risk,"<p>Study was doble blind, however, participants experienced side effects or toxicities that carers or people delivering the interventions knew to be specific to one of the interventions</p>",Low risk,<p>In the safety analysis all randomised participants were included&nbsp;</p>,Low risk,<p>The assessment of the outcome could not have been influenced by knowledge of the intervention received.</p>,Low risk,<p>Result analysed in accordance with a pre-specified analysis plan.</p>,Low risk,"<p>A large multicentre trial run by the sponsor and academic centres experienced in clinical trials.</p><p>Study was doble blind, however, participants experienced side effects or toxicities that carers or people delivering the interventions knew to be specific to one of the interventions</p><p>In the safety analysis all randomised participants were included&nbsp;</p><p>The assessment of the outcome could not have been influenced by knowledge of the intervention received.</p><p>Result analysed in accordance with a pre-specified analysis plan.</p>",NA,Not available,No unambiguous matched trial-level estimate,6.1,TRUE,FALSE,0.6916601914383672,0.5127851789087551,0.262948639708484,FALSE,FALSE,FALSE,FALSE,FALSE,FALSE,FALSE,FALSE,FALSE,FALSE,FALSE
6,1,Mortality at 18 months,Crenezumab,2,SUBGROUP_AND_OVERALL,CREAD 2 2022,2022,NA,NA,NA,NA,0,404,NA,NA,6,398,NA,NA,2.4171773506968823,0.0757834757834758,0.00428347140481177,1.340766555689668,NA,Low risk,<p>Central randomisation. The Master Medication List was not available at the study center.</p>,Low risk,"<p>Study was doble blind, however, participants experienced side effects or toxicities that carers or people delivering the interventions knew to be specific to one of the interventions.</p>",Low risk,<p>In the safety analysis all randomised participants were included.</p>,Low risk,<p>The assessment of the outcome could not have been influenced by knowledge of the intervention received.</p>,Low risk,<p>Result analysed in accordance with a pre-specified analysis plan.</p>,Low risk,"<p>Central randomisation. The Master Medication List was not available at the study center.</p><p>Study was doble blind, however, participants experienced side effects or toxicities that carers or people delivering the interventions knew to be specific to one of the interventions.</p><p>In the safety analysis all randomised participants were included.</p><p>The assessment of the outcome could not have been influenced by knowledge of the intervention received.</p><p>Result analysed in accordance with a pre-specified analysis plan.</p>",-3.79,Imbimbo 2024 Table 1,"Crenezumab 60 mg/kg, 53 weeks",6.1,TRUE,FALSE,-2.579875007678212,1.4659027090429724,2.1488707523795254,TRUE,FALSE,FALSE,TRUE,FALSE,FALSE,FALSE,FALSE,FALSE,FALSE,FALSE
6,1,Mortality at 18 months,Donanemab,3,SUBGROUP_AND_OVERALL,TRAILBLAZER-ALZ 2 2023,2023,NA,NA,NA,NA,16,853,NA,NA,10,874,NA,NA,19.727691454487783,1.6393903868698712,0.7481808292082688,3.5921808413687737,NA,Low risk,"<p>Eligible participants were randomly assigned in a 1:1 ratio (Figure 1) by a computer-generated sequence using interactive web response systems, with stratification by baseline tau categorization and enrolling sites; the randomization block size was 4</p>",Low risk,"<p>This is a double-blind study, with design to maintain blinding to treatment. To preserve the blinding of the study, a minimal number of Lilly personnel will see the randomization table and treatment assignments before the study is complete. Investigational product will be prepared by an unblinded pharmacist or other qualified unblinded personnel and will be administered by a blinded nurse or other qualified blinded personnel, as described in the pharmacy preparation instructions. Emergency unblinding at a participant level for AEs may be performed through the IWRS.&nbsp;<br>All unblinding events are recorded and reported by the IWRS. attempts to minimize bias included blinding CDR raters to adverse event information. However, participants experienced side effects or toxicities that carers or people delivering the interventions knew to be specific to one of the interventions but deviation from the intended interventions because of functional unblinding unlikely</p><p>&nbsp;The efficacy analyses were conducted by using the evaluable<br>efficacy population (participants with a baseline and at least 1 post baseline efficacy measurement based on randomized treatment</p>",Low risk,<p>n of events were more than double of missing participants (n:9)</p>,Low risk,<p>objective outcome</p>,Low risk,"<p>result analysed in accordance with a pre-specified analysis plan<br>outcome measures unlikely to be selected, on the basis of the results, from multiple measurements or multiple analyses&nbsp;</p>",Low risk,"<p>Eligible participants were randomly assigned in a 1:1 ratio (Figure 1) by a computer-generated sequence using interactive web response systems, with stratification by baseline tau categorization and enrolling sites; the randomization block size was 4</p><p>This is a double-blind study, with design to maintain blinding to treatment. To preserve the blinding of the study, a minimal number of Lilly personnel will see the randomization table and treatment assignments before the study is complete. Investigational product will be prepared by an unblinded pharmacist or other qualified unblinded personnel and will be administered by a blinded nurse or other qualified blinded personnel, as described in the pharmacy preparation instructions. Emergency unblinding at a participant level for AEs may be performed through the IWRS.&nbsp;<br>All unblinding events are recorded and reported by the IWRS. attempts to minimize bias included blinding CDR raters to adverse event information. However, participants experienced side effects or toxicities that carers or people delivering the interventions knew to be specific to one of the interventions but deviation from the intended interventions because of functional unblinding unlikely</p><p>&nbsp;The efficacy analyses were conducted by using the evaluable<br>efficacy population (participants with a baseline and at least 1 post baseline efficacy measurement based on randomized treatment</p><p>n of events were more than double of missing participants (n:9)</p><p>Central evaluation of MRI scans</p><p>sobjective outcome</p><p>result analysed in accordance with a pre-specified analysis plan<br>outcome measures unlikely to be selected, on the basis of the results, from multiple measurements or multiple analyses&nbsp;</p>",-86.33,Imbimbo 2024 Table 1,"Donanemab, 76 weeks",6.1,TRUE,FALSE,0.49432445740959197,0.40022931214207563,0.16018350229771902,TRUE,TRUE,TRUE,TRUE,TRUE,TRUE,TRUE,TRUE,TRUE,TRUE,TRUE
6,1,Mortality at 18 months,Lecanemab,4,SUBGROUP_AND_OVERALL,CLARITY AD 2023,2023,NA,NA,NA,NA,6,898,NA,NA,7,897,NA,NA,12.895902012258146,0.8561883550747693,0.2888765488802598,2.537618585541515,NA,Low risk,"<p>Subjects were assigned to treatments, (allocated 1:1; BAN2401:placebo), based on a computer-generated randomization scheme that was reviewed and approved by an independent statistician.<br>Randomization was performed centrally by an IxRS (INTERACTIVE voice and web response system. The IxRS or clinical supply vendor generated the randomized blister card identification numbers. At enrollment (and after<br>successful completion of Visit 1 and Visit 2), the investigator or designee called the IxRS to register the subject information. At randomization (Visit 3), the IxRS assigned each subject a unique 6-digit randomization number&nbsp;</p>",Low risk,"<p>Subjects and all personnel involved with the conduct and interpretation of the study, including investigators, site personnel, and sponsor staff were blinded to the treatment codes. In the event that emergency conditions require knowledge of the study treatment given, the blind may be broken via the code breaker facility within the IxRS. However, participants experienced side effects or toxicities that carers or people delivering the interventions knew to be specific to one of the interventions but deviation from the intended interventions because of functional unblinding unlikely</p><p>Efficacy analyses were performed in the modified intention-to-treat population, which was defined as the group of randomly assigned participants who received at least one dose of lecanemab or placebo and who had a baseline assessment and at least one post-dose primary efficacy (CDR-SB) measurement</p>",Low risk,<p>n.of events more than double than of n of participants lost at FU (n: 9)</p>,Low risk,<p>objective outcome</p>,Low risk,"<p>result analysed in accordance with a pre-specified analysis plan</p><p>outcome measures unlikely to be selected, on the basis of the results, from multiple measurements or multiple analyses&nbsp;</p>",Low risk,"<p>Subjects were assigned to treatments, (allocated 1:1; BAN2401:placebo), based on a computer-generated randomization scheme that was reviewed and approved by an independent statistician.</p><p>Randomization was performed centrally by an IxRS (INTERACTIVE voice and web response system. The IxRS or clinical supply vendor generated the randomized blister card identification numbers. At enrollment (and after successful completion of Visit 1 and Visit 2), the investigator or designee called the IxRS to register the subject information. At randomization (Visit 3), the IxRS assigned each subject a unique 6-digit randomization number &nbsp;</p><p>Subjects and all personnel involved with the conduct and interpretation of the study, including investigators, site personnel, and sponsor staff were blinded to the treatment codes. In the event that emergency conditions require knowledge of the study treatment given, the blind may be broken via the code breaker facility within the IxRS. However, participants experienced side effects or toxicities that carers or people delivering the interventions knew to be specific to one of the interventions but deviation from the intended interventions because of functional unblinding unlikely</p><p>Efficacy analyses were performed in the modified intention-to-treat population, which was defined as the group of randomly assigned participants who received at least one dose of lecanemab or placebo and who had a baseline assessment and at least one post-dose primary efficacy (CDR-SB) measurement</p><p>n.of events more than double than of n of participants lost at FU (n: 9)</p><p>objective outcome</p><p>result analysed in accordance with a pre-specified analysis plan</p><p>outcome measures unlikely to be selected, on the basis of the results, from multiple measurements or multiple analyses&nbsp;</p>",-59.12,Imbimbo 2024 Table 1,Lecanemab 10 mg/kg every 2 weeks,6.1,TRUE,FALSE,-0.1552648860706618,0.5543423099276508,0.30729539657592364,TRUE,TRUE,TRUE,TRUE,TRUE,TRUE,TRUE,TRUE,TRUE,TRUE,TRUE
6,1,Mortality at 18 months,Solanezumab,5,SUBGROUP_AND_OVERALL,EXPEDITION - EXPEDITION 2 2016,2016,NA,NA,NA,NA,14,654,NA,NA,8,660,NA,NA,17.620939404144004,1.7660550458715596,0.7459061542517619,4.181424710427679,NA,Some concerns,"<p>The study was randomized and double-blind, but the method for sequence generation and allocation concealment was not fully described. Baseline characteristics were well balanced with no evidence of a problematic randomization process.</p>",Low risk,"<p>Study was doble blind, however, participants experienced side effects or toxicities that carers or people delivering the interventions knew to be specific to one of the interventions.</p>",Low risk,<p>All safety analyses were performed using data from all randomized subjects with mild AD in EXPEDITION and EXPEDITION2 who had received at least one dose of study medication.&nbsp;</p>,Low risk,<p>The assessment of the outcome could not have been influenced by knowledge of the intervention received.</p>,Low risk,<p>Result analysed in accordance with a pre-specified analysis plan.</p>,Some concerns,"<p>The study was randomized and double-blind, but the method for sequence generation and allocation concealment was not fully described. Baseline characteristics were well balanced with no evidence of a problematic randomization process.</p><p>Study was doble blind, however, participants experienced side effects or toxicities that carers or people delivering the interventions knew to be specific to one of the interventions.</p><p>All safety analyses were performed using data from all randomized subjects with mild AD in EXPEDITION and EXPEDITION2 who had received at least one dose of study medication.&nbsp;</p><p>The assessment of the outcome could not have been influenced by knowledge of the intervention received.</p><p>Result analysed in accordance with a pre-specified analysis plan.</p>",NA,Not available,No plaque PET reduction estimate; soluble-Aβ target,6.1,TRUE,FALSE,0.5687482714986952,0.4397548952833299,0.19338436792565245,FALSE,FALSE,FALSE,FALSE,FALSE,FALSE,FALSE,FALSE,FALSE,FALSE,FALSE
6,1,Mortality at 18 months,Solanezumab,5,SUBGROUP_AND_OVERALL,EXPEDITION 3 2018,2018,NA,NA,NA,NA,9,1054,NA,NA,17,1067,NA,NA,19.1843292938049,0.5359415113293894,0.2399816607285421,1.1968968907625703,NA,Low risk,<p>Assignment to treatment groups was determined by a computergenerated random sequence using an interactive web response system (IWRS).</p>,Low risk,"<p>patients and site personnel were e blinded to therapy. In order to preserve blinding, a minimal number of Lilly and contract research organization (CRO) personnel saw the randomization table and treatment assignments before the study is complete. However, participants experienced side effects or toxicities that carers or people delivering the interventions knew to be specific to one of the interventions but deviation from the intended interventions because of functional unblinding unlikely</p><p>Analyses were conducted on the basis of a modified intention-to-treat principle and involved only patients who had outcome measurements both at and after baseline&nbsp;</p>",Low risk,<p>n of events are more than double of the participants lost at FU</p>,Low risk,<p>objective outcome</p>,Low risk,"<p>result analysed in accordance with a pre-specified analysis plan</p><p>outcome measures unlikely to be selected, on the basis of the results, from multiple measurements or multiple analyses&nbsp;</p>",Low risk,"<p>Assignment to treatment groups was determined by a computer generated random sequence using an interactive web response system (IWRS).</p><p>patients and site personnel were e blinded to therapy. In order to preserve blinding, a minimal number of Lilly and contract research organization (CRO) personnel saw the randomization table and treatment assignments before the study is complete. However, participants experienced side effects or toxicities that carers or people delivering the interventions knew to be specific to one of the interventions but deviation from the intended interventions because of functional unblinding unlikely</p><p>Analyses were conducted on the basis of a modified intention-to-treat principle and involved only patients who had outcome measurements both at and after baseline&nbsp;</p><p>n of events are more than double of the participants lost at FU</p><p>site personnel blind to therapy</p><p>result analysed in accordance with a pre-specified analysis plan</p><p>outcome measures unlikely to be selected, on the basis of the results, from multiple measurements or multiple analyses&nbsp;</p>",NA,Not available,No plaque PET reduction estimate; soluble-Aβ target,6.1,TRUE,FALSE,-0.6237302445195511,0.40993739375261473,0.16804866679668629,TRUE,FALSE,FALSE,FALSE,FALSE,FALSE,FALSE,FALSE,FALSE,FALSE,FALSE
6,2,Mortality at 24 months,Aducanumab,1,SUBGROUP_AND_OVERALL,ENVISION,2022,NA,NA,NA,NA,3,680,NA,NA,0,344,NA,NA,7.289748394066257,3.5462555066079293,0.18369789583957816,68.45983760820818,NA,Some concerns,"<p>The study was labeled randomized, but no details on sequence generation or allocation concealment were available. Baseline characteristics were not reported.</p>",High risk,"<p>Study was doble blind, however, participants experienced side effects or toxicities that carers or people delivering the interventions knew to be specific to one of the interventions. No information about analysis methods.</p>",Some concerns,<p>The trial report provides no information about the extent of missing outcome data.</p>,Some concerns,<p>There is no information on whether the measurement or ascertainment of the outcome could have differed between intervention groups</p>,Some concerns,"<p>The prespecified statistical analysis plan was not publicly available. Multiple potential clinical outcomes and analyses existed, creating some uncertainty regarding selective reporting.</p>",High risk,"<p>The study was labeled randomized, but no details on sequence generation or allocation concealment were available. Baseline characteristics were not reported.&nbsp;</p><p>Study was doble blind, however, participants experienced side effects or toxicities that carers or people delivering the interventions knew to be specific to one of the interventions. No information about analysis methods.</p><p>The trial report provides no information about the extent of missing outcome data.</p><p>There is no information on whether the measurement or ascertainment of the outcome could have differed between intervention groups</p><p>The prespecified statistical analysis plan was not publicly available. Multiple potential clinical outcomes and analyses existed, creating some uncertainty regarding selective reporting.</p>",NA,Not available,No matched trial-level Centiloid estimate,6.2,TRUE,FALSE,1.2658922599371607,1.510412958832268,2.2813473062084464,TRUE,TRUE,FALSE,FALSE,FALSE,FALSE,FALSE,FALSE,FALSE,FALSE,FALSE
6,2,Mortality at 24 months,Crenezumab,2,SUBGROUP_AND_OVERALL,CREAD 2022,2022,NA,NA,NA,NA,8,404,NA,NA,5,405,NA,NA,45.071710109695296,1.603960396039604,0.5292239524724195,4.861248135207182,NA,Low risk,<p>Central randomisation. The Master Medication List was not available at the study center.</p>,Low risk,"<p>Study was doble blind, however, participants experienced side effects or toxicities that carers or people delivering the interventions knew to be specific to one of the interventions.</p>",Low risk,<p>In the safety analysis all randomised participants were included.</p>,Low risk,<p>The assessment of the outcome could not have been influenced by knowledge of the intervention received.</p>,Low risk,<p>Result analysed in accordance with a pre-specified analysis plan.</p>,Low risk,"<p>Central randomisation. The Master Medication List was not available at the study center.</p><p>Study was doble blind, however, participants experienced side effects or toxicities that carers or people delivering the interventions knew to be specific to one of the interventions.</p><p>In the safety analysis all randomised participants were included.</p><p>The assessment of the outcome could not have been influenced by knowledge of the intervention received.</p><p>Result analysed in accordance with a pre-specified analysis plan.</p>",-1.99,Imbimbo 2024 Table 1,"Crenezumab 60 mg/kg, 105 weeks",6.2,TRUE,FALSE,0.4724758183911247,0.5657345814715401,0.32005561667277865,TRUE,FALSE,FALSE,FALSE,FALSE,FALSE,FALSE,FALSE,FALSE,FALSE,FALSE
6,2,Mortality at 24 months,Gantenerumab,3,SUBGROUP_AND_OVERALL,Marguerite RoAD 2024,2024,NA,NA,NA,NA,3,192,NA,NA,3,195,NA,NA,23.86469320067175,1.015625,0.20755788006561005,4.96966985931317,NA,Low risk,"<p>The study was randomized and double-blind, but the method for sequence generation and allocation concealment was not fully described. Baseline characteristics were well balanced with no evidence of a problematic randomization process.</p>",Low risk,"<p>The study was double-blind for participants, investigators, and outcome assessors.&nbsp;</p>",Low risk,<p>There is not evidence that the result was not biased by missing outcome data.</p>,Low risk,<p>The assessment of the outcome could not have been influenced by knowledge of the intervention received.</p>,Low risk,<p>Result analysed in accordance with a pre-specified analysis plan.</p>,Low risk,"<p>The study was randomized and double-blind, but the method for sequence generation and allocation concealment was not fully described. Baseline characteristics were well balanced with no evidence of a problematic randomization process.&nbsp;</p><p>The study was double-blind for participants, investigators, and outcome assessors.&nbsp;</p><p>There is not evidence that the result was not biased by missing outcome data.</p><p>The assessment of the outcome could not have been influenced by knowledge of the intervention received.</p><p>Result analysed in accordance with a pre-specified analysis plan.</p>",NA,Neve 2024 doi:10.3233/JAD-240221,Prior -59.65 CL mapping quarantined: high-dose extension PET cannot establish placebo-adjusted removal during the low-dose randomized phase; compatible PET estimate unknown,6.2,TRUE,FALSE,0.015504186535965254,0.8101420419933338,0.6563301282051287,TRUE,FALSE,FALSE,FALSE,FALSE,FALSE,FALSE,FALSE,FALSE,FALSE,FALSE
6,2,Mortality at 24 months,Gantenerumab,3,SUBGROUP_AND_OVERALL,SCarlet RoAD 2017,2017,NA,NA,NA,NA,2,260,NA,NA,6,266,NA,NA,23.773848295566697,0.34102564102564104,0.06946398082624776,1.6742272247231282,NA,Low risk,<p>Central randomization with minimization and stratification is described. Central allocation with a designated unblinded medication preparer not involved in patient care supports concealment.&nbsp;</p>,Low risk,"<p>Study was doble blind, however, participants experienced side effects or toxicities that carers or people delivering the interventions knew to be specific to one of the interventions</p>",Low risk,<p>In the safety analysis all randomised participants were included.</p>,Low risk,<p>The assessment of the outcome could not have been influenced by knowledge of the intervention received.</p>,Low risk,<p>Result analysed in accordance with a pre-specified analysis plan.</p>,Low risk,"<p>Central randomization with minimization (biased-coin) and stratification is described. Central allocation with a designated unblinded medication preparer not involved in patient care supports concealment.&nbsp;</p><p>Study was doble blind, however, participants experienced side effects or toxicities that carers or people delivering the interventions knew to be specific to one of the interventions</p><p>In the safety analysis all randomised participants were included.</p><p>The assessment of the outcome could not have been influenced by knowledge of the intervention received.</p><p>Result analysed in accordance with a pre-specified analysis plan.</p>",-12.64,Imbimbo 2024 Table 1,Gantenerumab 225 mg every 4 weeks,6.2,TRUE,FALSE,-1.0757976109019383,0.8118257906252256,0.6590611143242727,TRUE,FALSE,FALSE,TRUE,TRUE,TRUE,TRUE,TRUE,TRUE,TRUE,FALSE
6,3,Mortality above 24 months,NA,NA,SUBGROUP_AND_OVERALL,GRADUATE I 2023,2023,NA,NA,NA,NA,3,503,NA,NA,10,481,NA,NA,49.340729811344154,0.2868787276341948,0.07943366362017115,1.0360771569412504,NA,Low risk,"<p>Randomization was performed centrally using an interactive voice or Web-based response system (IxRS). The ratio was &nbsp;1:1, one active to one placebo. The randomization method was stratified by &nbsp;block-randomization. Randomization to treatment allocation was stratified by geographic region (Western Europe vs. Rest of the World vs. North America), patient APOE ε4 status (carrier vs. non-carrier), patient stage of disease (prodromal vs. mild AD), use of AD medication (present vs. absent)</p>",Some concerns,"<p>Double blind. Placebo of identical composition (except protein) and identical volume to gantenerumab was &nbsp;administered by SC injection to all patients randomized to placebo at the same frequency and using the same route of administration. However, participants experienced side effects or toxicities that carers or people delivering the interventions knew to be specific to one of the interventions but deviation from the intended interventions because of functional unblinding unlikely</p><p>as treated analysis: those who had received at least one dose of gantenerumab were included in the gantenerumab group, regardless of the trial-group assignment. only 4 participants crossed over from placebo to intervention group</p>",Low risk,<p>n of events at least twice respect to the number of patients with missing data</p>,Low risk,<p>objective outcome</p>,Low risk,"<p>result analysed in accordance with a pre-specified analysis plan</p><p>outcome measures unlikely to be selected, on the basis of the results, from multiple measurements or multiple analyses&nbsp;</p>",Some concerns,"<p>Randomization was performed centrally using an interactive voice or Web-based response system (IxRS). The ratio was 1:1, one active to one placebo. The randomization method was stratified by block-randomization. Randomization to treatment allocation was stratified by geographic region (Western Europe vs. Rest of the World vs. North America), patient APOE ε4 status (carrier vs. non-carrier), patient stage of disease (prodromal vs. mild AD), use of AD medication (present vs. absent),</p><p>Double blind. Placebo of identical composition (except protein) and identical volume to gantenerumab was &nbsp;administered by SC injection to all patients randomized to placebo at the same frequency and using the same route of administration. However, participants experienced side effects or toxicities that carers or people delivering the interventions knew to be specific to one of the interventions but deviation from the intended interventions because of functional unblinding unlikely</p><p>as treated analysis: those who had received at least one dose of gantenerumab were included in the gantenerumab group, regardless of the trial-group assignment. only 4 participants crossed over from placebo to intervention group</p><p>n of events at least twice respect to the number of patients with missing data</p><p>&nbsp;site staff &nbsp;blinded to treatment allocation&nbsp;</p><p>result analysed in accordance with a pre-specified analysis plan</p><p>outcome measures unlikely to be selected, on the basis of the results, from multiple measurements or multiple analyses&nbsp;</p>",-66.44,Bateman 2023 NEJM,"Adjusted active-placebo Centiloid difference, week 116",6.3,TRUE,FALSE,-1.248695704319914,0.6551841418133951,0.42926625968375504,TRUE,FALSE,FALSE,TRUE,TRUE,TRUE,TRUE,TRUE,TRUE,TRUE,FALSE
6,3,Mortality above 24 months,NA,NA,SUBGROUP_AND_OVERALL,GRADUATE II 2023,2023,NA,NA,NA,NA,7,501,NA,NA,4,474,NA,NA,50.659270188655846,1.655688622754491,0.4878149004937899,5.619559412276626,NA,Low risk,"<p>Randomization was performed centrally using an interactive voice or Web-based response system (IxRS). The ratio was 1:1, one active to one placebo. The randomization method was stratified by block-randomization. Randomization to treatment allocation was stratified by geographic region (Western Europe vs. Rest of the World vs. North America), patient APOE ε4 status (carrier vs. non-carrier), patient stage of disease (prodromal vs. mild AD), use of AD medication (present vs. absent)</p>",Some concerns,"<p>Double blind. Placebo of identical composition (except protein) and identical volume to gantenerumab was &nbsp;administered by SC injection to all patients randomized to placebo at the same frequency and using the same route of administration. However, participants experienced side effects or toxicities that carers or people delivering the interventions knew to be specific to one of the interventions but deviation from the intended interventions because of functional unblinding unlikely</p><p>as treated analysis: those who had received at least one dose of gantenerumab were included in the gantenerumab group, regardless of the trial-group assignment. only 4 participants crossed over from placebo to intervention group</p>",Low risk,<p>n of events at least twice respect to the number of patients with missing data</p>,Low risk,<p>objective outcome</p>,Low risk,"<p>result analysed in accordance with a pre-specified analysis plan</p><p>outcome measures unlikely to be selected, on the basis of the results, from multiple measurements or multiple analyses&nbsp;</p>",Some concerns,"<p>Randomization was performed centrally using an interactive voice or Web-based response system (IxRS). The ratio was 1:1, one active to one placebo. The randomization method was stratified by block-randomization. Randomization to treatment allocation was stratified by geographic region (Western Europe vs. Rest of the World vs. North America), patient APOE ε4 status (carrier vs. non-carrier), patient stage of disease (prodromal vs. mild AD), use of AD medication (present vs. absent),</p><p>Double blind. Placebo of identical composition (except protein) and identical volume to gantenerumab was &nbsp;administered by SC injection to all patients randomized to placebo at the same frequency and using the same route of administration. However, participants experienced side effects or toxicities that carers or people delivering the interventions knew to be specific to one of the interventions but deviation from the intended interventions because of functional unblinding unlikely</p><p>as treated analysis: those who had received at least one dose of gantenerumab were included in the gantenerumab group, regardless of the trial-group assignment. only 4 participants crossed over from placebo to intervention group</p><p>n of events at least twice respect to the number of patients with missing data</p><p>&nbsp;site staff &nbsp;blinded to treatment allocation&nbsp;</p><p>result analysed in accordance with a pre-specified analysis plan</p><p>outcome measures unlikely to be selected, on the basis of the results, from multiple measurements or multiple analyses&nbsp;</p>",-56.46,Bateman 2023 NEJM,"Adjusted active-placebo Centiloid difference, week 116",6.3,TRUE,FALSE,0.5042170085456343,0.6234993426073207,0.388751430231761,TRUE,FALSE,FALSE,TRUE,TRUE,TRUE,TRUE,TRUE,TRUE,TRUE,FALSE
7,1,NPI-Q score at 12 months,NA,NA,SUBGROUP_AND_OVERALL,CREAD 2 2022,2022,NA,NA,0.76,9.29,NA,110,0,8.24,NA,102,NA,NA,100,0.08604846600191733,-0.1834920094196857,0.3555889414235204,NA,Low risk,<p>Central randomisation. The Master Medication List was not available at the study center.</p>,NA,NA,NA,NA,NA,NA,NA,NA,NA,NA,-3.79,Imbimbo 2024 Table 1,"Crenezumab 60 mg/kg, 53 weeks",7.1,FALSE,FALSE,0.08604846600191733,0.13752317774597084,0.01891262441734989,TRUE,FALSE,FALSE,TRUE,FALSE,FALSE,FALSE,FALSE,FALSE,FALSE,FALSE
7,2,NPI-Q score at 18 months,Aducanumab,1,SUBGROUP_AND_OVERALL,ENVISION,2022,NA,NA,-1.8,6.94,NA,5,-8.3,16.2,NA,3,NA,NA,3.973559344649515,0.5168562568898105,-0.9579855762756352,1.9916980900552563,NA,Some concerns,"<p>The study was labeled randomized, but no details on sequence generation or allocation concealment were available. Baseline characteristics were not reported.</p>",NA,NA,NA,NA,NA,NA,NA,NA,NA,NA,NA,Not available,No matched trial-level Centiloid estimate,7.2,FALSE,FALSE,0.5168562568898105,0.752484150116436,0.5662323961764549,TRUE,TRUE,FALSE,FALSE,FALSE,FALSE,FALSE,FALSE,FALSE,FALSE,FALSE
7,2,NPI-Q score at 18 months,Crenezumab,2,SUBGROUP_AND_OVERALL,CREAD 2022,2022,NA,NA,1.55,5.16,NA,87,1.02,5.11,NA,84,NA,NA,96.02644065535048,0.10274442018549164,-0.19726844852848777,0.402757288899471,NA,Low risk,<p>Central randomisation. The Master Medication List was not available at the study center.</p>,NA,NA,NA,NA,NA,NA,NA,NA,NA,NA,-1.99,Imbimbo 2024 Table 1,"Crenezumab 60 mg/kg, 105 weeks",7.2,FALSE,FALSE,0.10274442018549164,0.15307060286844182,0.023430609462508228,TRUE,FALSE,FALSE,FALSE,FALSE,FALSE,FALSE,FALSE,FALSE,FALSE,FALSE
8,1,Infusion reaction at 18 months,Crenezumab,1,SUBGROUP_AND_OVERALL,CREAD 2 2022,2022,NA,NA,NA,NA,24,404,NA,NA,31,398,NA,NA,100,0.7626956244011498,0.45589111430639045,1.2759726988004287,NA,Low risk,<p>Central randomisation. The Master Medication List was not available at the study center.</p>,NA,NA,NA,NA,NA,NA,NA,NA,NA,NA,-3.79,Imbimbo 2024 Table 1,"Crenezumab 60 mg/kg, 53 weeks",8.1,TRUE,FALSE,-0.270896246813913,0.262558414155732,0.06893692084397289,TRUE,FALSE,FALSE,TRUE,FALSE,FALSE,FALSE,FALSE,FALSE,FALSE,FALSE
8,1,Infusion reaction at 18 months,Donanemab,2,SUBGROUP_AND_OVERALL,TRAILBLAZER-ALZ 2 2023,2023,NA,NA,NA,NA,74,853,NA,NA,4,874,NA,NA,100,18.955451348182883,6.961564222363965,51.61327603055803,NA,Low risk,"<p>Eligible participants were randomly assigned in a 1:1 ratio (Figure 1) by a computer-generated sequence using interactive web response systems, with stratification by baseline tau categorization and enrolling sites; the randomization block size was 4</p>",NA,NA,NA,NA,NA,NA,NA,NA,NA,NA,-86.33,Imbimbo 2024 Table 1,"Donanemab, 76 weeks",8.1,TRUE,FALSE,2.9420915602481355,0.5110743740506197,0.2611970158112328,TRUE,TRUE,TRUE,TRUE,TRUE,TRUE,TRUE,TRUE,TRUE,TRUE,TRUE
8,1,Infusion reaction at 18 months,Lecanemab,3,SUBGROUP_AND_OVERALL,CLARITY AD 2023,2023,NA,NA,NA,NA,237,898,NA,NA,66,897,NA,NA,100,3.5869103057299045,2.775065239465424,4.636260567275828,NA,Low risk,"<p>Subjects were assigned to treatments, (allocated 1:1; BAN2401:placebo), based on a computer-generated randomization scheme that was reviewed and approved by an independent statistician.<br>Randomization was performed centrally by an IxRS (INTERACTIVE voice and web response system. The IxRS or clinical supply vendor generated the randomized blister card identification numbers. At enrollment (and after<br>successful completion of Visit 1 and Visit 2), the investigator or designee called the IxRS to register the subject information. At randomization (Visit 3), the IxRS assigned each subject a unique 6-digit randomization number&nbsp;</p>",NA,NA,NA,NA,NA,NA,NA,NA,NA,NA,-59.12,Imbimbo 2024 Table 1,Lecanemab 10 mg/kg every 2 weeks,8.1,TRUE,FALSE,1.2772911928653021,0.13092941413727247,0.017142511486329403,TRUE,TRUE,TRUE,TRUE,TRUE,TRUE,TRUE,TRUE,TRUE,TRUE,TRUE
8,2,Infusion reaction at 24 months,NA,NA,SUBGROUP_AND_OVERALL,CREAD 2022,2022,NA,NA,NA,NA,47,404,NA,NA,41,405,NA,NA,100,1.1491789422844725,0.7737788248778544,1.7067050673020483,NA,Low risk,<p>Central randomisation. The Master Medication List was not available at the study center.</p>,NA,NA,NA,NA,NA,NA,NA,NA,NA,NA,-1.99,Imbimbo 2024 Table 1,"Crenezumab 60 mg/kg, 105 weeks",8.2,TRUE,FALSE,0.13904772415113997,0.20179805826592653,0.04072245631989828,TRUE,FALSE,FALSE,FALSE,FALSE,FALSE,FALSE,FALSE,FALSE,FALSE,FALSE
9,1,Study discontinuation at 18 months,Aducanumab,1,SUBGROUP_AND_OVERALL,EMERGE 2022,2022,NA,NA,NA,NA,140,1094,NA,NA,52,549,NA,NA,5.719993459945248,1.3510757980593446,0.9995632109317564,1.8262034778171936,NA,Some concerns,<p>Subjects were randomized to receive aducanumab low dose : aducanumab high dose : placebo in a 1:1:1 ratio. The randomization were &nbsp;stratified by site and ApoE ε4 status (carrier or non-carrier). No further information provided on methods for random sequence generation and allocation concealment</p>,NA,NA,NA,NA,NA,NA,NA,NA,NA,NA,-48.74,Imbimbo 2024 Table 1,"High-dose aducanumab, 78 weeks",9.1,TRUE,FALSE,0.30090116255548105,0.15374672668516992,0.02363805596640434,TRUE,TRUE,FALSE,TRUE,TRUE,TRUE,TRUE,TRUE,TRUE,TRUE,TRUE
9,1,Study discontinuation at 18 months,Aducanumab,1,SUBGROUP_AND_OVERALL,ENGAGE 2022,2022,NA,NA,NA,NA,154,1105,NA,NA,64,548,NA,NA,6.55376891848622,1.1933257918552036,0.9083116188963478,1.5677730152093892,NA,Some concerns,<p>Subjects were randomized to receive aducanumab low dose : aducanumab high dose : placebo in a 1:1:1 ratio. The randomization was stratified by site and ApoE ε4 status (carrier or non-carrier). No further information provided on methods for random sequence generation and allocation concealment</p>,NA,NA,NA,NA,NA,NA,NA,NA,NA,NA,-42.24,Imbimbo 2024 Table 1,"High-dose aducanumab, 78 weeks",9.1,TRUE,FALSE,0.17674419205011963,0.1392433538797911,0.019388711599692732,TRUE,TRUE,FALSE,TRUE,TRUE,TRUE,TRUE,TRUE,TRUE,TRUE,TRUE
9,1,Study discontinuation at 18 months,Bapineuzumab,2,SUBGROUP_AND_OVERALL,3000 Non Carriers 2016,2016,NA,NA,NA,NA,167,269,NA,NA,222,346,NA,NA,13.998613333640003,0.9675809638634918,0.8563137547451485,1.0933059482498146,NA,Low risk,<p>Allocation of patients to treatment groups using stratified block randomization proceeded through the entering of subject information by the study coordinator or delegate and the dispenser (unblinded pharmacist) into an interactive voice/web response system.&nbsp;</p>,NA,NA,NA,NA,NA,NA,NA,NA,NA,NA,6.52,Imbimbo 2024 Table 1,Highest-dose bapineuzumab arm,9.1,TRUE,FALSE,-0.032956173999639134,0.0623288290218626,0.003884882927236581,FALSE,FALSE,FALSE,FALSE,FALSE,FALSE,FALSE,FALSE,FALSE,FALSE,FALSE
9,1,Study discontinuation at 18 months,Bapineuzumab,2,SUBGROUP_AND_OVERALL,3001 Carriers 2016,2016,NA,NA,NA,NA,256,658,NA,NA,155,441,NA,NA,11.696924763327516,1.1069320521619768,0.9443295284761288,1.2975328327186784,NA,Low risk,<p>Allocation of patients to treatment groups using stratified block randomization proceeded through the entering of subject information by the study coordinator or delegate and the dispenser (unblinded pharmacist) into an interactive voice/web response system.&nbsp;</p>,NA,NA,NA,NA,NA,NA,NA,NA,NA,NA,-9.6,Imbimbo 2024 Table 1,Bapineuzumab 0.5 mg/kg arm,9.1,TRUE,FALSE,0.10159227168184473,0.08105882042180795,0.00657053236817491,FALSE,FALSE,FALSE,TRUE,TRUE,TRUE,TRUE,FALSE,FALSE,FALSE,FALSE
9,1,Study discontinuation at 18 months,Bapineuzumab,2,SUBGROUP_AND_OVERALL,Bapineuzumab-301 2014,2014,NA,NA,NA,NA,202,666,NA,NA,151,524,NA,NA,10.657770427757262,1.0525227213968935,0.8817093871430218,1.256427679245096,NA,Low risk,<p>A large multicentre trial run by the sponsor and academic centres experienced in clinical trials.</p>,NA,NA,NA,NA,NA,NA,NA,NA,NA,NA,NA,Not available,No unambiguous matched trial-level estimate,9.1,TRUE,FALSE,0.05118987436693339,0.09034994829954227,0.00816311315772996,FALSE,FALSE,FALSE,FALSE,FALSE,FALSE,FALSE,FALSE,FALSE,FALSE,FALSE
9,1,Study discontinuation at 18 months,Bapineuzumab,2,SUBGROUP_AND_OVERALL,Bapineuzumab-302 2014,2014,NA,NA,NA,NA,205,673,NA,NA,110,448,NA,NA,9.545986739101634,1.2405781439956771,1.0172849613470791,1.5128839900688054,NA,Low risk,<p>A large multicentre trial run by the sponsor and academic centres experienced in clinical trials&nbsp;</p>,NA,NA,NA,NA,NA,NA,NA,NA,NA,NA,NA,Not available,No unambiguous matched trial-level estimate,9.1,TRUE,FALSE,0.21557751611624906,0.10124688100486812,0.010250930913213925,FALSE,FALSE,FALSE,FALSE,FALSE,FALSE,FALSE,FALSE,FALSE,FALSE,FALSE
9,1,Study discontinuation at 18 months,Crenezumab,3,SUBGROUP_AND_OVERALL,CREAD 2 2022,2022,NA,NA,NA,NA,44,407,NA,NA,33,399,NA,NA,3.3037247567311026,1.307125307125307,0.8505466384473077,2.0087982143418657,NA,Low risk,<p>Central randomisation. The Master Medication List was not available at the study center.</p>,NA,NA,NA,NA,NA,NA,NA,NA,NA,NA,-3.79,Imbimbo 2024 Table 1,"Crenezumab 60 mg/kg, 53 weeks",9.1,TRUE,FALSE,0.2678303038990493,0.21924195517541853,0.04806703490914023,TRUE,FALSE,FALSE,TRUE,FALSE,FALSE,FALSE,FALSE,FALSE,FALSE,FALSE
9,1,Study discontinuation at 18 months,Donanemab,4,SUBGROUP_AND_OVERALL,TRAILBLAZER-ALZ 2 2023,2023,NA,NA,NA,NA,231,860,NA,NA,173,876,NA,NA,10.875014215364295,1.3601021642693911,1.1438559026274129,1.6172298390043287,NA,Low risk,"<p>Eligible participants were randomly assigned in a 1:1 ratio (Figure 1) by a computer-generated sequence using interactive web response systems, with stratification by baseline tau categorization and enrolling sites; the randomization block size was 4</p>",NA,NA,NA,NA,NA,NA,NA,NA,NA,NA,-86.33,Imbimbo 2024 Table 1,"Donanemab, 76 weeks",9.1,TRUE,FALSE,0.3075598177128527,0.08834595599530083,0.007805007940723631,TRUE,TRUE,TRUE,TRUE,TRUE,TRUE,TRUE,TRUE,TRUE,TRUE,TRUE
9,1,Study discontinuation at 18 months,Lecanemab,5,SUBGROUP_AND_OVERALL,CLARITY AD 2023,2023,NA,NA,NA,NA,169,898,NA,NA,140,897,NA,NA,9.276837614657175,1.2057986000636334,0.983299869485978,1.4786438085011375,NA,Low risk,"<p>Subjects were assigned to treatments, (allocated 1:1; BAN2401:placebo), based on a computer-generated randomization scheme that was reviewed and approved by an independent statistician.<br>Randomization was performed centrally by an IxRS (INTERACTIVE voice and web response system. The IxRS or clinical supply vendor generated the randomized blister card identification numbers. At enrollment (and after<br>successful completion of Visit 1 and Visit 2), the investigator or designee called the IxRS to register the subject information. At randomization (Visit 3), the IxRS assigned each subject a unique 6-digit randomization number&nbsp;</p>",NA,NA,NA,NA,NA,NA,NA,NA,NA,NA,-59.12,Imbimbo 2024 Table 1,Lecanemab 10 mg/kg every 2 weeks,9.1,TRUE,FALSE,0.18714208607036562,0.10407499199271929,0.010831603958284584,TRUE,TRUE,TRUE,TRUE,TRUE,TRUE,TRUE,TRUE,TRUE,TRUE,TRUE
9,1,Study discontinuation at 18 months,Solanezumab,6,SUBGROUP_AND_OVERALL,EXPEDITION - EXPEDITION 2 2016,2016,NA,NA,NA,NA,146,659,NA,NA,142,663,NA,NA,9.26144975669808,1.0344097971745496,0.8432648744502962,1.2688820095681113,NA,Some concerns,"<p>The study was randomized and double-blind, but the method for sequence generation and allocation concealment was not fully described. Baseline characteristics were well balanced with no evidence of a problematic randomization process.</p>",NA,NA,NA,NA,NA,NA,NA,NA,NA,NA,NA,Not available,No plaque PET reduction estimate; soluble-Aβ target,9.1,TRUE,FALSE,0.03383101979043104,0.10423925498978023,0.010865822280824423,FALSE,FALSE,FALSE,FALSE,FALSE,FALSE,FALSE,FALSE,FALSE,FALSE,FALSE
9,1,Study discontinuation at 18 months,Solanezumab,6,SUBGROUP_AND_OVERALL,EXPEDITION 3 2018,2018,NA,NA,NA,NA,143,1054,NA,NA,164,1072,NA,NA,9.109916014291445,0.8868422270560467,0.7206553444898731,1.091352671846841,NA,Low risk,<p>Assignment to treatment groups was determined by a computergenerated random sequence using an interactive web response system (IWRS).</p>,NA,NA,NA,NA,NA,NA,NA,NA,NA,NA,NA,Not available,No plaque PET reduction estimate; soluble-Aβ target,9.1,TRUE,FALSE,-0.12008818503485148,0.10587240218444885,0.01120896554430569,TRUE,FALSE,FALSE,FALSE,FALSE,FALSE,FALSE,FALSE,FALSE,FALSE,FALSE
9,2,Study discontinuation at 24 months,Crenezumab,1,SUBGROUP_AND_OVERALL,CREAD 2022,2022,NA,NA,NA,NA,319,404,NA,NA,321,409,NA,NA,94.25372594347031,1.006068597513957,0.9366708778300016,1.0806079775306114,NA,Low risk,<p>Central randomisation. The Master Medication List was not available at the study center.</p>,NA,NA,NA,NA,NA,NA,NA,NA,NA,NA,-1.99,Imbimbo 2024 Table 1,"Crenezumab 60 mg/kg, 105 weeks",9.2,TRUE,FALSE,0.006050257736480321,0.036466775782055365,0.0013298257359386997,TRUE,FALSE,FALSE,FALSE,FALSE,FALSE,FALSE,FALSE,FALSE,FALSE,FALSE
9,2,Study discontinuation at 24 months,Gantenerumab,2,SUBGROUP_AND_OVERALL,SCarlet RoAD 2017,2017,NA,NA,NA,NA,69,260,NA,NA,67,266,NA,NA,5.746274056529666,1.0536165327210103,0.7888018745680653,1.4073341276361957,NA,Low risk,<p>Central randomization with minimization and stratification is described. Central allocation with a designated unblinded medication preparer not involved in patient care supports concealment.&nbsp;</p>,NA,NA,NA,NA,NA,NA,NA,NA,NA,NA,-12.64,Imbimbo 2024 Table 1,Gantenerumab 225 mg every 4 weeks,9.2,TRUE,FALSE,0.052228562972464636,0.14769080680638977,0.021812574415122347,TRUE,FALSE,FALSE,TRUE,TRUE,TRUE,TRUE,TRUE,TRUE,TRUE,FALSE
9,3,Study discontinuation above 24 months,NA,NA,SUBGROUP_AND_OVERALL,GRADUATE I 2023,2023,NA,NA,NA,NA,124,499,NA,NA,98,485,NA,NA,52.55040026492599,1.229806551879269,0.9736316152968528,1.5533843922930235,NA,Low risk,"<p>Randomization was performed centrally using an interactive voice or Web-based response system (IxRS). The ratio was &nbsp;1:1, one active to one placebo. The randomization method was stratified by &nbsp;block-randomization. Randomization to treatment allocation was stratified by geographic region (Western Europe vs. Rest of the World vs. North America), patient APOE ε4 status (carrier vs. non-carrier), patient stage of disease (prodromal vs. mild AD), use of AD medication (present vs. absent)</p>",NA,NA,NA,NA,NA,NA,NA,NA,NA,NA,-66.44,Bateman 2023 NEJM,"Adjusted active-placebo Centiloid difference, week 116",9.3,TRUE,FALSE,0.2068568821204296,0.11917522425214964,0.014202734075550156,TRUE,FALSE,FALSE,TRUE,TRUE,TRUE,TRUE,TRUE,TRUE,TRUE,FALSE
9,3,Study discontinuation above 24 months,NA,NA,SUBGROUP_AND_OVERALL,GRADUATE II 2023,2023,NA,NA,NA,NA,126,498,NA,NA,80,477,NA,NA,47.44959973507402,1.5085843373493977,1.174326069747422,1.9379853360365351,NA,Low risk,"<p>Randomization was performed centrally using an interactive voice or Web-based response system (IxRS). The ratio was 1:1, one active to one placebo. The randomization method was stratified by block-randomization. Randomization to treatment allocation was stratified by geographic region (Western Europe vs. Rest of the World vs. North America), patient APOE ε4 status (carrier vs. non-carrier), patient stage of disease (prodromal vs. mild AD), use of AD medication (present vs. absent)</p>",NA,NA,NA,NA,NA,NA,NA,NA,NA,NA,-56.46,Bateman 2023 NEJM,"Adjusted active-placebo Centiloid difference, week 116",9.3,TRUE,FALSE,0.41117168614128474,0.1277968690903407,0.016332039749293675,TRUE,FALSE,FALSE,TRUE,TRUE,TRUE,TRUE,TRUE,TRUE,TRUE,FALSE
