analysis_id,outcome,measure,biomarker,approved,cutoff_cl,time_match,studies,k,estimate,ci_low,ci_high,p_value,tau2
1.1,ADAS-Cog scale at 18 months,SMD,FALSE,FALSE,NA,FALSE,EMERGE 2022; ENGAGE 2022; ENVISION; 3000 Non Carriers 2016; 3001 Carriers 2016; Bapineuzumab-301 2014; Bapineuzumab-302 2014; CREAD 2 2022; TRAILBLAZER-ALZ 2 2023; SCarlet RoAD 2017; CLARITY AD 2023; EXPEDITION - EXPEDITION 2 2016; EXPEDITION 3 2018,13,-0.11064448475099424,-0.1595158023712508,-0.061773167130737675,3.4624305163501575e-4,6.30164670436148e-4
1.1,ADAS-Cog scale at 18 months,SMD,FALSE,FALSE,NA,TRUE,EMERGE 2022; ENGAGE 2022; TRAILBLAZER-ALZ 2 2023; CLARITY AD 2023,4,-0.15821372109714954,-0.2369801826643447,-0.07944725952995438,0.007753223646151914,0
1.1,ADAS-Cog scale at 18 months,SMD,FALSE,FALSE,5,FALSE,EMERGE 2022; ENGAGE 2022; 3001 Carriers 2016; TRAILBLAZER-ALZ 2 2023; SCarlet RoAD 2017; CLARITY AD 2023,6,-0.11767383492388964,-0.22560373159617492,-0.009743938251604342,0.037874820908778174,0.0028831460265735143
1.1,ADAS-Cog scale at 18 months,SMD,FALSE,FALSE,5,TRUE,EMERGE 2022; ENGAGE 2022; TRAILBLAZER-ALZ 2 2023; CLARITY AD 2023,4,-0.15821372109714954,-0.2369801826643447,-0.07944725952995438,0.007753223646151914,0
1.1,ADAS-Cog scale at 18 months,SMD,FALSE,FALSE,10,FALSE,EMERGE 2022; ENGAGE 2022; TRAILBLAZER-ALZ 2 2023; SCarlet RoAD 2017; CLARITY AD 2023,5,-0.14816485834270612,-0.22343646491349411,-0.07289325177191815,0.005451637565942353,4.534095218711622e-6
1.1,ADAS-Cog scale at 18 months,SMD,FALSE,FALSE,10,TRUE,EMERGE 2022; ENGAGE 2022; TRAILBLAZER-ALZ 2 2023; CLARITY AD 2023,4,-0.15821372109714954,-0.2369801826643447,-0.07944725952995438,0.007753223646151914,0
1.1,ADAS-Cog scale at 18 months,SMD,FALSE,FALSE,20,FALSE,EMERGE 2022; ENGAGE 2022; TRAILBLAZER-ALZ 2 2023; CLARITY AD 2023,4,-0.15821372109714954,-0.2369801826643447,-0.07944725952995438,0.007753223646151914,0
1.1,ADAS-Cog scale at 18 months,SMD,FALSE,FALSE,20,TRUE,EMERGE 2022; ENGAGE 2022; TRAILBLAZER-ALZ 2 2023; CLARITY AD 2023,4,-0.15821372109714954,-0.2369801826643447,-0.07944725952995438,0.007753223646151914,0
1.1,ADAS-Cog scale at 18 months,SMD,FALSE,FALSE,30,FALSE,EMERGE 2022; ENGAGE 2022; TRAILBLAZER-ALZ 2 2023; CLARITY AD 2023,4,-0.15821372109714954,-0.2369801826643447,-0.07944725952995438,0.007753223646151914,0
1.1,ADAS-Cog scale at 18 months,SMD,FALSE,FALSE,30,TRUE,EMERGE 2022; ENGAGE 2022; TRAILBLAZER-ALZ 2 2023; CLARITY AD 2023,4,-0.15821372109714954,-0.2369801826643447,-0.07944725952995438,0.007753223646151914,0
1.1,ADAS-Cog scale at 18 months,SMD,FALSE,TRUE,NA,FALSE,EMERGE 2022; ENGAGE 2022; ENVISION; TRAILBLAZER-ALZ 2 2023; CLARITY AD 2023,5,-0.15943343285323305,-0.2337231714476092,-0.0851436942588569,0.003982422476629395,6.083880059739138e-7
1.1,ADAS-Cog scale at 18 months,SMD,FALSE,TRUE,NA,TRUE,EMERGE 2022; ENGAGE 2022; TRAILBLAZER-ALZ 2 2023; CLARITY AD 2023,4,-0.15821372109714954,-0.2369801826643447,-0.07944725952995438,0.007753223646151914,0
1.1,ADAS-Cog scale at 18 months,SMD,FALSE,TRUE,5,FALSE,EMERGE 2022; ENGAGE 2022; TRAILBLAZER-ALZ 2 2023; CLARITY AD 2023,4,-0.15821372109714954,-0.2369801826643447,-0.07944725952995438,0.007753223646151914,0
1.1,ADAS-Cog scale at 18 months,SMD,FALSE,TRUE,5,TRUE,EMERGE 2022; ENGAGE 2022; TRAILBLAZER-ALZ 2 2023; CLARITY AD 2023,4,-0.15821372109714954,-0.2369801826643447,-0.07944725952995438,0.007753223646151914,0
1.1,ADAS-Cog scale at 18 months,SMD,FALSE,TRUE,10,FALSE,EMERGE 2022; ENGAGE 2022; TRAILBLAZER-ALZ 2 2023; CLARITY AD 2023,4,-0.15821372109714954,-0.2369801826643447,-0.07944725952995438,0.007753223646151914,0
1.1,ADAS-Cog scale at 18 months,SMD,FALSE,TRUE,10,TRUE,EMERGE 2022; ENGAGE 2022; TRAILBLAZER-ALZ 2 2023; CLARITY AD 2023,4,-0.15821372109714954,-0.2369801826643447,-0.07944725952995438,0.007753223646151914,0
1.1,ADAS-Cog scale at 18 months,SMD,FALSE,TRUE,20,FALSE,EMERGE 2022; ENGAGE 2022; TRAILBLAZER-ALZ 2 2023; CLARITY AD 2023,4,-0.15821372109714954,-0.2369801826643447,-0.07944725952995438,0.007753223646151914,0
1.1,ADAS-Cog scale at 18 months,SMD,FALSE,TRUE,20,TRUE,EMERGE 2022; ENGAGE 2022; TRAILBLAZER-ALZ 2 2023; CLARITY AD 2023,4,-0.15821372109714954,-0.2369801826643447,-0.07944725952995438,0.007753223646151914,0
1.1,ADAS-Cog scale at 18 months,SMD,FALSE,TRUE,30,FALSE,EMERGE 2022; ENGAGE 2022; TRAILBLAZER-ALZ 2 2023; CLARITY AD 2023,4,-0.15821372109714954,-0.2369801826643447,-0.07944725952995438,0.007753223646151914,0
1.1,ADAS-Cog scale at 18 months,SMD,FALSE,TRUE,30,TRUE,EMERGE 2022; ENGAGE 2022; TRAILBLAZER-ALZ 2 2023; CLARITY AD 2023,4,-0.15821372109714954,-0.2369801826643447,-0.07944725952995438,0.007753223646151914,0
1.1,ADAS-Cog scale at 18 months,SMD,TRUE,FALSE,NA,FALSE,EMERGE 2022; ENGAGE 2022; ENVISION; CREAD 2 2022; TRAILBLAZER-ALZ 2 2023; SCarlet RoAD 2017; CLARITY AD 2023; EXPEDITION 3 2018,8,-0.12693798799271386,-0.18569856527161718,-0.06817741071381053,0.0013868065435891758,5.078233080040514e-4
1.1,ADAS-Cog scale at 18 months,SMD,TRUE,FALSE,NA,TRUE,EMERGE 2022; ENGAGE 2022; TRAILBLAZER-ALZ 2 2023; CLARITY AD 2023,4,-0.15821372109714954,-0.2369801826643447,-0.07944725952995438,0.007753223646151914,0
1.1,ADAS-Cog scale at 18 months,SMD,TRUE,FALSE,5,FALSE,EMERGE 2022; ENGAGE 2022; TRAILBLAZER-ALZ 2 2023; SCarlet RoAD 2017; CLARITY AD 2023,5,-0.14816485834270612,-0.22343646491349411,-0.07289325177191815,0.005451637565942353,4.534095218711622e-6
1.1,ADAS-Cog scale at 18 months,SMD,TRUE,FALSE,5,TRUE,EMERGE 2022; ENGAGE 2022; TRAILBLAZER-ALZ 2 2023; CLARITY AD 2023,4,-0.15821372109714954,-0.2369801826643447,-0.07944725952995438,0.007753223646151914,0
1.1,ADAS-Cog scale at 18 months,SMD,TRUE,FALSE,10,FALSE,EMERGE 2022; ENGAGE 2022; TRAILBLAZER-ALZ 2 2023; SCarlet RoAD 2017; CLARITY AD 2023,5,-0.14816485834270612,-0.22343646491349411,-0.07289325177191815,0.005451637565942353,4.534095218711622e-6
1.1,ADAS-Cog scale at 18 months,SMD,TRUE,FALSE,10,TRUE,EMERGE 2022; ENGAGE 2022; TRAILBLAZER-ALZ 2 2023; CLARITY AD 2023,4,-0.15821372109714954,-0.2369801826643447,-0.07944725952995438,0.007753223646151914,0
1.1,ADAS-Cog scale at 18 months,SMD,TRUE,FALSE,20,FALSE,EMERGE 2022; ENGAGE 2022; TRAILBLAZER-ALZ 2 2023; CLARITY AD 2023,4,-0.15821372109714954,-0.2369801826643447,-0.07944725952995438,0.007753223646151914,0
1.1,ADAS-Cog scale at 18 months,SMD,TRUE,FALSE,20,TRUE,EMERGE 2022; ENGAGE 2022; TRAILBLAZER-ALZ 2 2023; CLARITY AD 2023,4,-0.15821372109714954,-0.2369801826643447,-0.07944725952995438,0.007753223646151914,0
1.1,ADAS-Cog scale at 18 months,SMD,TRUE,FALSE,30,FALSE,EMERGE 2022; ENGAGE 2022; TRAILBLAZER-ALZ 2 2023; CLARITY AD 2023,4,-0.15821372109714954,-0.2369801826643447,-0.07944725952995438,0.007753223646151914,0
1.1,ADAS-Cog scale at 18 months,SMD,TRUE,FALSE,30,TRUE,EMERGE 2022; ENGAGE 2022; TRAILBLAZER-ALZ 2 2023; CLARITY AD 2023,4,-0.15821372109714954,-0.2369801826643447,-0.07944725952995438,0.007753223646151914,0
1.1,ADAS-Cog scale at 18 months,SMD,TRUE,TRUE,NA,FALSE,EMERGE 2022; ENGAGE 2022; ENVISION; TRAILBLAZER-ALZ 2 2023; CLARITY AD 2023,5,-0.15943343285323305,-0.2337231714476092,-0.0851436942588569,0.003982422476629395,6.083880059739138e-7
1.1,ADAS-Cog scale at 18 months,SMD,TRUE,TRUE,NA,TRUE,EMERGE 2022; ENGAGE 2022; TRAILBLAZER-ALZ 2 2023; CLARITY AD 2023,4,-0.15821372109714954,-0.2369801826643447,-0.07944725952995438,0.007753223646151914,0
1.1,ADAS-Cog scale at 18 months,SMD,TRUE,TRUE,5,FALSE,EMERGE 2022; ENGAGE 2022; TRAILBLAZER-ALZ 2 2023; CLARITY AD 2023,4,-0.15821372109714954,-0.2369801826643447,-0.07944725952995438,0.007753223646151914,0
1.1,ADAS-Cog scale at 18 months,SMD,TRUE,TRUE,5,TRUE,EMERGE 2022; ENGAGE 2022; TRAILBLAZER-ALZ 2 2023; CLARITY AD 2023,4,-0.15821372109714954,-0.2369801826643447,-0.07944725952995438,0.007753223646151914,0
1.1,ADAS-Cog scale at 18 months,SMD,TRUE,TRUE,10,FALSE,EMERGE 2022; ENGAGE 2022; TRAILBLAZER-ALZ 2 2023; CLARITY AD 2023,4,-0.15821372109714954,-0.2369801826643447,-0.07944725952995438,0.007753223646151914,0
1.1,ADAS-Cog scale at 18 months,SMD,TRUE,TRUE,10,TRUE,EMERGE 2022; ENGAGE 2022; TRAILBLAZER-ALZ 2 2023; CLARITY AD 2023,4,-0.15821372109714954,-0.2369801826643447,-0.07944725952995438,0.007753223646151914,0
1.1,ADAS-Cog scale at 18 months,SMD,TRUE,TRUE,20,FALSE,EMERGE 2022; ENGAGE 2022; TRAILBLAZER-ALZ 2 2023; CLARITY AD 2023,4,-0.15821372109714954,-0.2369801826643447,-0.07944725952995438,0.007753223646151914,0
1.1,ADAS-Cog scale at 18 months,SMD,TRUE,TRUE,20,TRUE,EMERGE 2022; ENGAGE 2022; TRAILBLAZER-ALZ 2 2023; CLARITY AD 2023,4,-0.15821372109714954,-0.2369801826643447,-0.07944725952995438,0.007753223646151914,0
1.1,ADAS-Cog scale at 18 months,SMD,TRUE,TRUE,30,FALSE,EMERGE 2022; ENGAGE 2022; TRAILBLAZER-ALZ 2 2023; CLARITY AD 2023,4,-0.15821372109714954,-0.2369801826643447,-0.07944725952995438,0.007753223646151914,0
1.1,ADAS-Cog scale at 18 months,SMD,TRUE,TRUE,30,TRUE,EMERGE 2022; ENGAGE 2022; TRAILBLAZER-ALZ 2 2023; CLARITY AD 2023,4,-0.15821372109714954,-0.2369801826643447,-0.07944725952995438,0.007753223646151914,0
1.2,ADAS-Cog scale at 24 months,SMD,FALSE,FALSE,NA,FALSE,Marguerite RoAD 2024; CREAD 2022,2,-0.2134511150771982,-0.8099558948678978,0.38305366471350144,0.4830868444649154,0.13068342239449993
1.2,ADAS-Cog scale at 24 months,SMD,FALSE,FALSE,NA,TRUE,CREAD 2022,1,0.035927,-0.26854724000000013,0.3404012400000001,0.8171020854746134,0
1.2,ADAS-Cog scale at 24 months,SMD,FALSE,FALSE,5,FALSE,,0,NA,NA,NA,NA,NA
1.2,ADAS-Cog scale at 24 months,SMD,FALSE,FALSE,5,TRUE,,0,NA,NA,NA,NA,NA
1.2,ADAS-Cog scale at 24 months,SMD,FALSE,FALSE,10,FALSE,,0,NA,NA,NA,NA,NA
1.2,ADAS-Cog scale at 24 months,SMD,FALSE,FALSE,10,TRUE,,0,NA,NA,NA,NA,NA
1.2,ADAS-Cog scale at 24 months,SMD,FALSE,FALSE,20,FALSE,,0,NA,NA,NA,NA,NA
1.2,ADAS-Cog scale at 24 months,SMD,FALSE,FALSE,20,TRUE,,0,NA,NA,NA,NA,NA
1.2,ADAS-Cog scale at 24 months,SMD,FALSE,FALSE,30,FALSE,,0,NA,NA,NA,NA,NA
1.2,ADAS-Cog scale at 24 months,SMD,FALSE,FALSE,30,TRUE,,0,NA,NA,NA,NA,NA
1.2,ADAS-Cog scale at 24 months,SMD,FALSE,TRUE,NA,FALSE,,0,NA,NA,NA,NA,NA
1.2,ADAS-Cog scale at 24 months,SMD,FALSE,TRUE,NA,TRUE,,0,NA,NA,NA,NA,NA
1.2,ADAS-Cog scale at 24 months,SMD,FALSE,TRUE,5,FALSE,,0,NA,NA,NA,NA,NA
1.2,ADAS-Cog scale at 24 months,SMD,FALSE,TRUE,5,TRUE,,0,NA,NA,NA,NA,NA
1.2,ADAS-Cog scale at 24 months,SMD,FALSE,TRUE,10,FALSE,,0,NA,NA,NA,NA,NA
1.2,ADAS-Cog scale at 24 months,SMD,FALSE,TRUE,10,TRUE,,0,NA,NA,NA,NA,NA
1.2,ADAS-Cog scale at 24 months,SMD,FALSE,TRUE,20,FALSE,,0,NA,NA,NA,NA,NA
1.2,ADAS-Cog scale at 24 months,SMD,FALSE,TRUE,20,TRUE,,0,NA,NA,NA,NA,NA
1.2,ADAS-Cog scale at 24 months,SMD,FALSE,TRUE,30,FALSE,,0,NA,NA,NA,NA,NA
1.2,ADAS-Cog scale at 24 months,SMD,FALSE,TRUE,30,TRUE,,0,NA,NA,NA,NA,NA
1.2,ADAS-Cog scale at 24 months,SMD,TRUE,FALSE,NA,FALSE,Marguerite RoAD 2024; CREAD 2022,2,-0.2134511150771982,-0.8099558948678978,0.38305366471350144,0.4830868444649154,0.13068342239449993
1.2,ADAS-Cog scale at 24 months,SMD,TRUE,FALSE,NA,TRUE,CREAD 2022,1,0.035927,-0.26854724000000013,0.3404012400000001,0.8171020854746134,0
1.2,ADAS-Cog scale at 24 months,SMD,TRUE,FALSE,5,FALSE,,0,NA,NA,NA,NA,NA
1.2,ADAS-Cog scale at 24 months,SMD,TRUE,FALSE,5,TRUE,,0,NA,NA,NA,NA,NA
1.2,ADAS-Cog scale at 24 months,SMD,TRUE,FALSE,10,FALSE,,0,NA,NA,NA,NA,NA
1.2,ADAS-Cog scale at 24 months,SMD,TRUE,FALSE,10,TRUE,,0,NA,NA,NA,NA,NA
1.2,ADAS-Cog scale at 24 months,SMD,TRUE,FALSE,20,FALSE,,0,NA,NA,NA,NA,NA
1.2,ADAS-Cog scale at 24 months,SMD,TRUE,FALSE,20,TRUE,,0,NA,NA,NA,NA,NA
1.2,ADAS-Cog scale at 24 months,SMD,TRUE,FALSE,30,FALSE,,0,NA,NA,NA,NA,NA
1.2,ADAS-Cog scale at 24 months,SMD,TRUE,FALSE,30,TRUE,,0,NA,NA,NA,NA,NA
1.2,ADAS-Cog scale at 24 months,SMD,TRUE,TRUE,NA,FALSE,,0,NA,NA,NA,NA,NA
1.2,ADAS-Cog scale at 24 months,SMD,TRUE,TRUE,NA,TRUE,,0,NA,NA,NA,NA,NA
1.2,ADAS-Cog scale at 24 months,SMD,TRUE,TRUE,5,FALSE,,0,NA,NA,NA,NA,NA
1.2,ADAS-Cog scale at 24 months,SMD,TRUE,TRUE,5,TRUE,,0,NA,NA,NA,NA,NA
1.2,ADAS-Cog scale at 24 months,SMD,TRUE,TRUE,10,FALSE,,0,NA,NA,NA,NA,NA
1.2,ADAS-Cog scale at 24 months,SMD,TRUE,TRUE,10,TRUE,,0,NA,NA,NA,NA,NA
1.2,ADAS-Cog scale at 24 months,SMD,TRUE,TRUE,20,FALSE,,0,NA,NA,NA,NA,NA
1.2,ADAS-Cog scale at 24 months,SMD,TRUE,TRUE,20,TRUE,,0,NA,NA,NA,NA,NA
1.2,ADAS-Cog scale at 24 months,SMD,TRUE,TRUE,30,FALSE,,0,NA,NA,NA,NA,NA
1.2,ADAS-Cog scale at 24 months,SMD,TRUE,TRUE,30,TRUE,,0,NA,NA,NA,NA,NA
1.3,ADAS-Cog scale above 24 months,SMD,FALSE,FALSE,NA,FALSE,GRADUATE I 2023; GRADUATE II 2023,2,-0.1176549874200436,-0.2063118610737351,-0.028998113766352113,0.009294325651543705,0
1.3,ADAS-Cog scale above 24 months,SMD,FALSE,FALSE,NA,TRUE,GRADUATE I 2023; GRADUATE II 2023,2,-0.1176549874200436,-0.2063118610737351,-0.028998113766352113,0.009294325651543705,0
1.3,ADAS-Cog scale above 24 months,SMD,FALSE,FALSE,5,FALSE,GRADUATE I 2023; GRADUATE II 2023,2,-0.1176549874200436,-0.2063118610737351,-0.028998113766352113,0.009294325651543705,0
1.3,ADAS-Cog scale above 24 months,SMD,FALSE,FALSE,5,TRUE,GRADUATE I 2023; GRADUATE II 2023,2,-0.1176549874200436,-0.2063118610737351,-0.028998113766352113,0.009294325651543705,0
1.3,ADAS-Cog scale above 24 months,SMD,FALSE,FALSE,10,FALSE,GRADUATE I 2023; GRADUATE II 2023,2,-0.1176549874200436,-0.2063118610737351,-0.028998113766352113,0.009294325651543705,0
1.3,ADAS-Cog scale above 24 months,SMD,FALSE,FALSE,10,TRUE,GRADUATE I 2023; GRADUATE II 2023,2,-0.1176549874200436,-0.2063118610737351,-0.028998113766352113,0.009294325651543705,0
1.3,ADAS-Cog scale above 24 months,SMD,FALSE,FALSE,20,FALSE,GRADUATE I 2023; GRADUATE II 2023,2,-0.1176549874200436,-0.2063118610737351,-0.028998113766352113,0.009294325651543705,0
1.3,ADAS-Cog scale above 24 months,SMD,FALSE,FALSE,20,TRUE,GRADUATE I 2023; GRADUATE II 2023,2,-0.1176549874200436,-0.2063118610737351,-0.028998113766352113,0.009294325651543705,0
1.3,ADAS-Cog scale above 24 months,SMD,FALSE,FALSE,30,FALSE,GRADUATE I 2023; GRADUATE II 2023,2,-0.1176549874200436,-0.2063118610737351,-0.028998113766352113,0.009294325651543705,0
1.3,ADAS-Cog scale above 24 months,SMD,FALSE,FALSE,30,TRUE,GRADUATE I 2023; GRADUATE II 2023,2,-0.1176549874200436,-0.2063118610737351,-0.028998113766352113,0.009294325651543705,0
1.3,ADAS-Cog scale above 24 months,SMD,FALSE,TRUE,NA,FALSE,,0,NA,NA,NA,NA,NA
1.3,ADAS-Cog scale above 24 months,SMD,FALSE,TRUE,NA,TRUE,,0,NA,NA,NA,NA,NA
1.3,ADAS-Cog scale above 24 months,SMD,FALSE,TRUE,5,FALSE,,0,NA,NA,NA,NA,NA
1.3,ADAS-Cog scale above 24 months,SMD,FALSE,TRUE,5,TRUE,,0,NA,NA,NA,NA,NA
1.3,ADAS-Cog scale above 24 months,SMD,FALSE,TRUE,10,FALSE,,0,NA,NA,NA,NA,NA
1.3,ADAS-Cog scale above 24 months,SMD,FALSE,TRUE,10,TRUE,,0,NA,NA,NA,NA,NA
1.3,ADAS-Cog scale above 24 months,SMD,FALSE,TRUE,20,FALSE,,0,NA,NA,NA,NA,NA
1.3,ADAS-Cog scale above 24 months,SMD,FALSE,TRUE,20,TRUE,,0,NA,NA,NA,NA,NA
1.3,ADAS-Cog scale above 24 months,SMD,FALSE,TRUE,30,FALSE,,0,NA,NA,NA,NA,NA
1.3,ADAS-Cog scale above 24 months,SMD,FALSE,TRUE,30,TRUE,,0,NA,NA,NA,NA,NA
1.3,ADAS-Cog scale above 24 months,SMD,TRUE,FALSE,NA,FALSE,GRADUATE I 2023; GRADUATE II 2023,2,-0.1176549874200436,-0.2063118610737351,-0.028998113766352113,0.009294325651543705,0
1.3,ADAS-Cog scale above 24 months,SMD,TRUE,FALSE,NA,TRUE,GRADUATE I 2023; GRADUATE II 2023,2,-0.1176549874200436,-0.2063118610737351,-0.028998113766352113,0.009294325651543705,0
1.3,ADAS-Cog scale above 24 months,SMD,TRUE,FALSE,5,FALSE,GRADUATE I 2023; GRADUATE II 2023,2,-0.1176549874200436,-0.2063118610737351,-0.028998113766352113,0.009294325651543705,0
1.3,ADAS-Cog scale above 24 months,SMD,TRUE,FALSE,5,TRUE,GRADUATE I 2023; GRADUATE II 2023,2,-0.1176549874200436,-0.2063118610737351,-0.028998113766352113,0.009294325651543705,0
1.3,ADAS-Cog scale above 24 months,SMD,TRUE,FALSE,10,FALSE,GRADUATE I 2023; GRADUATE II 2023,2,-0.1176549874200436,-0.2063118610737351,-0.028998113766352113,0.009294325651543705,0
1.3,ADAS-Cog scale above 24 months,SMD,TRUE,FALSE,10,TRUE,GRADUATE I 2023; GRADUATE II 2023,2,-0.1176549874200436,-0.2063118610737351,-0.028998113766352113,0.009294325651543705,0
1.3,ADAS-Cog scale above 24 months,SMD,TRUE,FALSE,20,FALSE,GRADUATE I 2023; GRADUATE II 2023,2,-0.1176549874200436,-0.2063118610737351,-0.028998113766352113,0.009294325651543705,0
1.3,ADAS-Cog scale above 24 months,SMD,TRUE,FALSE,20,TRUE,GRADUATE I 2023; GRADUATE II 2023,2,-0.1176549874200436,-0.2063118610737351,-0.028998113766352113,0.009294325651543705,0
1.3,ADAS-Cog scale above 24 months,SMD,TRUE,FALSE,30,FALSE,GRADUATE I 2023; GRADUATE II 2023,2,-0.1176549874200436,-0.2063118610737351,-0.028998113766352113,0.009294325651543705,0
1.3,ADAS-Cog scale above 24 months,SMD,TRUE,FALSE,30,TRUE,GRADUATE I 2023; GRADUATE II 2023,2,-0.1176549874200436,-0.2063118610737351,-0.028998113766352113,0.009294325651543705,0
1.3,ADAS-Cog scale above 24 months,SMD,TRUE,TRUE,NA,FALSE,,0,NA,NA,NA,NA,NA
1.3,ADAS-Cog scale above 24 months,SMD,TRUE,TRUE,NA,TRUE,,0,NA,NA,NA,NA,NA
1.3,ADAS-Cog scale above 24 months,SMD,TRUE,TRUE,5,FALSE,,0,NA,NA,NA,NA,NA
1.3,ADAS-Cog scale above 24 months,SMD,TRUE,TRUE,5,TRUE,,0,NA,NA,NA,NA,NA
1.3,ADAS-Cog scale above 24 months,SMD,TRUE,TRUE,10,FALSE,,0,NA,NA,NA,NA,NA
1.3,ADAS-Cog scale above 24 months,SMD,TRUE,TRUE,10,TRUE,,0,NA,NA,NA,NA,NA
1.3,ADAS-Cog scale above 24 months,SMD,TRUE,TRUE,20,FALSE,,0,NA,NA,NA,NA,NA
1.3,ADAS-Cog scale above 24 months,SMD,TRUE,TRUE,20,TRUE,,0,NA,NA,NA,NA,NA
1.3,ADAS-Cog scale above 24 months,SMD,TRUE,TRUE,30,FALSE,,0,NA,NA,NA,NA,NA
1.3,ADAS-Cog scale above 24 months,SMD,TRUE,TRUE,30,TRUE,,0,NA,NA,NA,NA,NA
1.4,MMSE scale at 18 months,SMD,FALSE,FALSE,NA,FALSE,EMERGE 2022; ENGAGE 2022; ENVISION; CREAD 2 2022; TRAILBLAZER-ALZ 2 2023; EXPEDITION - EXPEDITION 2 2016; EXPEDITION 3 2018; SCarlet RoAD 2017,8,0.11479570285245184,0.04137632887883541,0.18821507682606828,0.007682938339376513,1.971686445176898e-6
1.4,MMSE scale at 18 months,SMD,FALSE,FALSE,NA,TRUE,EMERGE 2022; ENGAGE 2022; TRAILBLAZER-ALZ 2 2023,3,0.1026725257995173,-0.1593302841719178,0.3646753357709524,0.23382211826503133,0.0052558372475988826
1.4,MMSE scale at 18 months,SMD,FALSE,FALSE,5,FALSE,EMERGE 2022; ENGAGE 2022; TRAILBLAZER-ALZ 2 2023; SCarlet RoAD 2017,4,0.09558999252506317,-0.052396981841620754,0.2435769668917471,0.13204527419609205,0.002954786261643483
1.4,MMSE scale at 18 months,SMD,FALSE,FALSE,5,TRUE,EMERGE 2022; ENGAGE 2022; TRAILBLAZER-ALZ 2 2023,3,0.1026725257995173,-0.1593302841719178,0.3646753357709524,0.23382211826503133,0.0052558372475988826
1.4,MMSE scale at 18 months,SMD,FALSE,FALSE,10,FALSE,EMERGE 2022; ENGAGE 2022; TRAILBLAZER-ALZ 2 2023; SCarlet RoAD 2017,4,0.09558999252506317,-0.052396981841620754,0.2435769668917471,0.13204527419609205,0.002954786261643483
1.4,MMSE scale at 18 months,SMD,FALSE,FALSE,10,TRUE,EMERGE 2022; ENGAGE 2022; TRAILBLAZER-ALZ 2 2023,3,0.1026725257995173,-0.1593302841719178,0.3646753357709524,0.23382211826503133,0.0052558372475988826
1.4,MMSE scale at 18 months,SMD,FALSE,FALSE,20,FALSE,EMERGE 2022; ENGAGE 2022; TRAILBLAZER-ALZ 2 2023,3,0.1026725257995173,-0.1593302841719178,0.3646753357709524,0.23382211826503133,0.0052558372475988826
1.4,MMSE scale at 18 months,SMD,FALSE,FALSE,20,TRUE,EMERGE 2022; ENGAGE 2022; TRAILBLAZER-ALZ 2 2023,3,0.1026725257995173,-0.1593302841719178,0.3646753357709524,0.23382211826503133,0.0052558372475988826
1.4,MMSE scale at 18 months,SMD,FALSE,FALSE,30,FALSE,EMERGE 2022; ENGAGE 2022; TRAILBLAZER-ALZ 2 2023,3,0.1026725257995173,-0.1593302841719178,0.3646753357709524,0.23382211826503133,0.0052558372475988826
1.4,MMSE scale at 18 months,SMD,FALSE,FALSE,30,TRUE,EMERGE 2022; ENGAGE 2022; TRAILBLAZER-ALZ 2 2023,3,0.1026725257995173,-0.1593302841719178,0.3646753357709524,0.23382211826503133,0.0052558372475988826
1.4,MMSE scale at 18 months,SMD,FALSE,TRUE,NA,FALSE,EMERGE 2022; ENGAGE 2022; ENVISION; TRAILBLAZER-ALZ 2 2023,4,0.10871093875140207,-0.1859664977502633,0.4033883752530675,0.3250932085243802,0.005352795072542433
1.4,MMSE scale at 18 months,SMD,FALSE,TRUE,NA,TRUE,EMERGE 2022; ENGAGE 2022; TRAILBLAZER-ALZ 2 2023,3,0.1026725257995173,-0.1593302841719178,0.3646753357709524,0.23382211826503133,0.0052558372475988826
1.4,MMSE scale at 18 months,SMD,FALSE,TRUE,5,FALSE,EMERGE 2022; ENGAGE 2022; TRAILBLAZER-ALZ 2 2023,3,0.1026725257995173,-0.1593302841719178,0.3646753357709524,0.23382211826503133,0.0052558372475988826
1.4,MMSE scale at 18 months,SMD,FALSE,TRUE,5,TRUE,EMERGE 2022; ENGAGE 2022; TRAILBLAZER-ALZ 2 2023,3,0.1026725257995173,-0.1593302841719178,0.3646753357709524,0.23382211826503133,0.0052558372475988826
1.4,MMSE scale at 18 months,SMD,FALSE,TRUE,10,FALSE,EMERGE 2022; ENGAGE 2022; TRAILBLAZER-ALZ 2 2023,3,0.1026725257995173,-0.1593302841719178,0.3646753357709524,0.23382211826503133,0.0052558372475988826
1.4,MMSE scale at 18 months,SMD,FALSE,TRUE,10,TRUE,EMERGE 2022; ENGAGE 2022; TRAILBLAZER-ALZ 2 2023,3,0.1026725257995173,-0.1593302841719178,0.3646753357709524,0.23382211826503133,0.0052558372475988826
1.4,MMSE scale at 18 months,SMD,FALSE,TRUE,20,FALSE,EMERGE 2022; ENGAGE 2022; TRAILBLAZER-ALZ 2 2023,3,0.1026725257995173,-0.1593302841719178,0.3646753357709524,0.23382211826503133,0.0052558372475988826
1.4,MMSE scale at 18 months,SMD,FALSE,TRUE,20,TRUE,EMERGE 2022; ENGAGE 2022; TRAILBLAZER-ALZ 2 2023,3,0.1026725257995173,-0.1593302841719178,0.3646753357709524,0.23382211826503133,0.0052558372475988826
1.4,MMSE scale at 18 months,SMD,FALSE,TRUE,30,FALSE,EMERGE 2022; ENGAGE 2022; TRAILBLAZER-ALZ 2 2023,3,0.1026725257995173,-0.1593302841719178,0.3646753357709524,0.23382211826503133,0.0052558372475988826
1.4,MMSE scale at 18 months,SMD,FALSE,TRUE,30,TRUE,EMERGE 2022; ENGAGE 2022; TRAILBLAZER-ALZ 2 2023,3,0.1026725257995173,-0.1593302841719178,0.3646753357709524,0.23382211826503133,0.0052558372475988826
1.4,MMSE scale at 18 months,SMD,TRUE,FALSE,NA,FALSE,EMERGE 2022; ENGAGE 2022; ENVISION; CREAD 2 2022; TRAILBLAZER-ALZ 2 2023; EXPEDITION 3 2018; SCarlet RoAD 2017,7,0.10168340609901051,0.013931131508456387,0.18943568068956462,0.029747140850409703,3.620021494388929e-6
1.4,MMSE scale at 18 months,SMD,TRUE,FALSE,NA,TRUE,EMERGE 2022; ENGAGE 2022; TRAILBLAZER-ALZ 2 2023,3,0.1026725257995173,-0.1593302841719178,0.3646753357709524,0.23382211826503133,0.0052558372475988826
1.4,MMSE scale at 18 months,SMD,TRUE,FALSE,5,FALSE,EMERGE 2022; ENGAGE 2022; TRAILBLAZER-ALZ 2 2023; SCarlet RoAD 2017,4,0.09558999252506317,-0.052396981841620754,0.2435769668917471,0.13204527419609205,0.002954786261643483
1.4,MMSE scale at 18 months,SMD,TRUE,FALSE,5,TRUE,EMERGE 2022; ENGAGE 2022; TRAILBLAZER-ALZ 2 2023,3,0.1026725257995173,-0.1593302841719178,0.3646753357709524,0.23382211826503133,0.0052558372475988826
1.4,MMSE scale at 18 months,SMD,TRUE,FALSE,10,FALSE,EMERGE 2022; ENGAGE 2022; TRAILBLAZER-ALZ 2 2023; SCarlet RoAD 2017,4,0.09558999252506317,-0.052396981841620754,0.2435769668917471,0.13204527419609205,0.002954786261643483
1.4,MMSE scale at 18 months,SMD,TRUE,FALSE,10,TRUE,EMERGE 2022; ENGAGE 2022; TRAILBLAZER-ALZ 2 2023,3,0.1026725257995173,-0.1593302841719178,0.3646753357709524,0.23382211826503133,0.0052558372475988826
1.4,MMSE scale at 18 months,SMD,TRUE,FALSE,20,FALSE,EMERGE 2022; ENGAGE 2022; TRAILBLAZER-ALZ 2 2023,3,0.1026725257995173,-0.1593302841719178,0.3646753357709524,0.23382211826503133,0.0052558372475988826
1.4,MMSE scale at 18 months,SMD,TRUE,FALSE,20,TRUE,EMERGE 2022; ENGAGE 2022; TRAILBLAZER-ALZ 2 2023,3,0.1026725257995173,-0.1593302841719178,0.3646753357709524,0.23382211826503133,0.0052558372475988826
1.4,MMSE scale at 18 months,SMD,TRUE,FALSE,30,FALSE,EMERGE 2022; ENGAGE 2022; TRAILBLAZER-ALZ 2 2023,3,0.1026725257995173,-0.1593302841719178,0.3646753357709524,0.23382211826503133,0.0052558372475988826
1.4,MMSE scale at 18 months,SMD,TRUE,FALSE,30,TRUE,EMERGE 2022; ENGAGE 2022; TRAILBLAZER-ALZ 2 2023,3,0.1026725257995173,-0.1593302841719178,0.3646753357709524,0.23382211826503133,0.0052558372475988826
1.4,MMSE scale at 18 months,SMD,TRUE,TRUE,NA,FALSE,EMERGE 2022; ENGAGE 2022; ENVISION; TRAILBLAZER-ALZ 2 2023,4,0.10871093875140207,-0.1859664977502633,0.4033883752530675,0.3250932085243802,0.005352795072542433
1.4,MMSE scale at 18 months,SMD,TRUE,TRUE,NA,TRUE,EMERGE 2022; ENGAGE 2022; TRAILBLAZER-ALZ 2 2023,3,0.1026725257995173,-0.1593302841719178,0.3646753357709524,0.23382211826503133,0.0052558372475988826
1.4,MMSE scale at 18 months,SMD,TRUE,TRUE,5,FALSE,EMERGE 2022; ENGAGE 2022; TRAILBLAZER-ALZ 2 2023,3,0.1026725257995173,-0.1593302841719178,0.3646753357709524,0.23382211826503133,0.0052558372475988826
1.4,MMSE scale at 18 months,SMD,TRUE,TRUE,5,TRUE,EMERGE 2022; ENGAGE 2022; TRAILBLAZER-ALZ 2 2023,3,0.1026725257995173,-0.1593302841719178,0.3646753357709524,0.23382211826503133,0.0052558372475988826
1.4,MMSE scale at 18 months,SMD,TRUE,TRUE,10,FALSE,EMERGE 2022; ENGAGE 2022; TRAILBLAZER-ALZ 2 2023,3,0.1026725257995173,-0.1593302841719178,0.3646753357709524,0.23382211826503133,0.0052558372475988826
1.4,MMSE scale at 18 months,SMD,TRUE,TRUE,10,TRUE,EMERGE 2022; ENGAGE 2022; TRAILBLAZER-ALZ 2 2023,3,0.1026725257995173,-0.1593302841719178,0.3646753357709524,0.23382211826503133,0.0052558372475988826
1.4,MMSE scale at 18 months,SMD,TRUE,TRUE,20,FALSE,EMERGE 2022; ENGAGE 2022; TRAILBLAZER-ALZ 2 2023,3,0.1026725257995173,-0.1593302841719178,0.3646753357709524,0.23382211826503133,0.0052558372475988826
1.4,MMSE scale at 18 months,SMD,TRUE,TRUE,20,TRUE,EMERGE 2022; ENGAGE 2022; TRAILBLAZER-ALZ 2 2023,3,0.1026725257995173,-0.1593302841719178,0.3646753357709524,0.23382211826503133,0.0052558372475988826
1.4,MMSE scale at 18 months,SMD,TRUE,TRUE,30,FALSE,EMERGE 2022; ENGAGE 2022; TRAILBLAZER-ALZ 2 2023,3,0.1026725257995173,-0.1593302841719178,0.3646753357709524,0.23382211826503133,0.0052558372475988826
1.4,MMSE scale at 18 months,SMD,TRUE,TRUE,30,TRUE,EMERGE 2022; ENGAGE 2022; TRAILBLAZER-ALZ 2 2023,3,0.1026725257995173,-0.1593302841719178,0.3646753357709524,0.23382211826503133,0.0052558372475988826
1.5,MMSE scale at 24 months,SMD,FALSE,FALSE,NA,FALSE,Marguerite RoAD 2024; CREAD 2022,2,-0.04142837216421253,-0.3070308965575572,0.22417415222913217,0.7598232522121195,0
1.5,MMSE scale at 24 months,SMD,FALSE,FALSE,NA,TRUE,CREAD 2022,1,-0.094021,-0.3888755600000001,0.2008335600000001,0.5319776023153626,0
1.5,MMSE scale at 24 months,SMD,FALSE,FALSE,5,FALSE,,0,NA,NA,NA,NA,NA
1.5,MMSE scale at 24 months,SMD,FALSE,FALSE,5,TRUE,,0,NA,NA,NA,NA,NA
1.5,MMSE scale at 24 months,SMD,FALSE,FALSE,10,FALSE,,0,NA,NA,NA,NA,NA
1.5,MMSE scale at 24 months,SMD,FALSE,FALSE,10,TRUE,,0,NA,NA,NA,NA,NA
1.5,MMSE scale at 24 months,SMD,FALSE,FALSE,20,FALSE,,0,NA,NA,NA,NA,NA
1.5,MMSE scale at 24 months,SMD,FALSE,FALSE,20,TRUE,,0,NA,NA,NA,NA,NA
1.5,MMSE scale at 24 months,SMD,FALSE,FALSE,30,FALSE,,0,NA,NA,NA,NA,NA
1.5,MMSE scale at 24 months,SMD,FALSE,FALSE,30,TRUE,,0,NA,NA,NA,NA,NA
1.5,MMSE scale at 24 months,SMD,FALSE,TRUE,NA,FALSE,,0,NA,NA,NA,NA,NA
1.5,MMSE scale at 24 months,SMD,FALSE,TRUE,NA,TRUE,,0,NA,NA,NA,NA,NA
1.5,MMSE scale at 24 months,SMD,FALSE,TRUE,5,FALSE,,0,NA,NA,NA,NA,NA
1.5,MMSE scale at 24 months,SMD,FALSE,TRUE,5,TRUE,,0,NA,NA,NA,NA,NA
1.5,MMSE scale at 24 months,SMD,FALSE,TRUE,10,FALSE,,0,NA,NA,NA,NA,NA
1.5,MMSE scale at 24 months,SMD,FALSE,TRUE,10,TRUE,,0,NA,NA,NA,NA,NA
1.5,MMSE scale at 24 months,SMD,FALSE,TRUE,20,FALSE,,0,NA,NA,NA,NA,NA
1.5,MMSE scale at 24 months,SMD,FALSE,TRUE,20,TRUE,,0,NA,NA,NA,NA,NA
1.5,MMSE scale at 24 months,SMD,FALSE,TRUE,30,FALSE,,0,NA,NA,NA,NA,NA
1.5,MMSE scale at 24 months,SMD,FALSE,TRUE,30,TRUE,,0,NA,NA,NA,NA,NA
1.5,MMSE scale at 24 months,SMD,TRUE,FALSE,NA,FALSE,Marguerite RoAD 2024; CREAD 2022,2,-0.04142837216421253,-0.3070308965575572,0.22417415222913217,0.7598232522121195,0
1.5,MMSE scale at 24 months,SMD,TRUE,FALSE,NA,TRUE,CREAD 2022,1,-0.094021,-0.3888755600000001,0.2008335600000001,0.5319776023153626,0
1.5,MMSE scale at 24 months,SMD,TRUE,FALSE,5,FALSE,,0,NA,NA,NA,NA,NA
1.5,MMSE scale at 24 months,SMD,TRUE,FALSE,5,TRUE,,0,NA,NA,NA,NA,NA
1.5,MMSE scale at 24 months,SMD,TRUE,FALSE,10,FALSE,,0,NA,NA,NA,NA,NA
1.5,MMSE scale at 24 months,SMD,TRUE,FALSE,10,TRUE,,0,NA,NA,NA,NA,NA
1.5,MMSE scale at 24 months,SMD,TRUE,FALSE,20,FALSE,,0,NA,NA,NA,NA,NA
1.5,MMSE scale at 24 months,SMD,TRUE,FALSE,20,TRUE,,0,NA,NA,NA,NA,NA
1.5,MMSE scale at 24 months,SMD,TRUE,FALSE,30,FALSE,,0,NA,NA,NA,NA,NA
1.5,MMSE scale at 24 months,SMD,TRUE,FALSE,30,TRUE,,0,NA,NA,NA,NA,NA
1.5,MMSE scale at 24 months,SMD,TRUE,TRUE,NA,FALSE,,0,NA,NA,NA,NA,NA
1.5,MMSE scale at 24 months,SMD,TRUE,TRUE,NA,TRUE,,0,NA,NA,NA,NA,NA
1.5,MMSE scale at 24 months,SMD,TRUE,TRUE,5,FALSE,,0,NA,NA,NA,NA,NA
1.5,MMSE scale at 24 months,SMD,TRUE,TRUE,5,TRUE,,0,NA,NA,NA,NA,NA
1.5,MMSE scale at 24 months,SMD,TRUE,TRUE,10,FALSE,,0,NA,NA,NA,NA,NA
1.5,MMSE scale at 24 months,SMD,TRUE,TRUE,10,TRUE,,0,NA,NA,NA,NA,NA
1.5,MMSE scale at 24 months,SMD,TRUE,TRUE,20,FALSE,,0,NA,NA,NA,NA,NA
1.5,MMSE scale at 24 months,SMD,TRUE,TRUE,20,TRUE,,0,NA,NA,NA,NA,NA
1.5,MMSE scale at 24 months,SMD,TRUE,TRUE,30,FALSE,,0,NA,NA,NA,NA,NA
1.5,MMSE scale at 24 months,SMD,TRUE,TRUE,30,TRUE,,0,NA,NA,NA,NA,NA
1.6,ADAS-Cog 24 months mean difference,MD,FALSE,FALSE,NA,FALSE,CREAD 2022; Marguerite RoAD 2024,2,-1.4055037783375324,-5.245306413837063,2.4342988571619975,0.4731172993008963,5.423950000000001
1.6,ADAS-Cog 24 months mean difference,MD,FALSE,FALSE,NA,TRUE,CREAD 2022,1,0.26,-1.876400000000001,2.3964000000000008,0.811468413701889,0
1.6,ADAS-Cog 24 months mean difference,MD,FALSE,FALSE,5,FALSE,,0,NA,NA,NA,NA,NA
1.6,ADAS-Cog 24 months mean difference,MD,FALSE,FALSE,5,TRUE,,0,NA,NA,NA,NA,NA
1.6,ADAS-Cog 24 months mean difference,MD,FALSE,FALSE,10,FALSE,,0,NA,NA,NA,NA,NA
1.6,ADAS-Cog 24 months mean difference,MD,FALSE,FALSE,10,TRUE,,0,NA,NA,NA,NA,NA
1.6,ADAS-Cog 24 months mean difference,MD,FALSE,FALSE,20,FALSE,,0,NA,NA,NA,NA,NA
1.6,ADAS-Cog 24 months mean difference,MD,FALSE,FALSE,20,TRUE,,0,NA,NA,NA,NA,NA
1.6,ADAS-Cog 24 months mean difference,MD,FALSE,FALSE,30,FALSE,,0,NA,NA,NA,NA,NA
1.6,ADAS-Cog 24 months mean difference,MD,FALSE,FALSE,30,TRUE,,0,NA,NA,NA,NA,NA
1.6,ADAS-Cog 24 months mean difference,MD,FALSE,TRUE,NA,FALSE,,0,NA,NA,NA,NA,NA
1.6,ADAS-Cog 24 months mean difference,MD,FALSE,TRUE,NA,TRUE,,0,NA,NA,NA,NA,NA
1.6,ADAS-Cog 24 months mean difference,MD,FALSE,TRUE,5,FALSE,,0,NA,NA,NA,NA,NA
1.6,ADAS-Cog 24 months mean difference,MD,FALSE,TRUE,5,TRUE,,0,NA,NA,NA,NA,NA
1.6,ADAS-Cog 24 months mean difference,MD,FALSE,TRUE,10,FALSE,,0,NA,NA,NA,NA,NA
1.6,ADAS-Cog 24 months mean difference,MD,FALSE,TRUE,10,TRUE,,0,NA,NA,NA,NA,NA
1.6,ADAS-Cog 24 months mean difference,MD,FALSE,TRUE,20,FALSE,,0,NA,NA,NA,NA,NA
1.6,ADAS-Cog 24 months mean difference,MD,FALSE,TRUE,20,TRUE,,0,NA,NA,NA,NA,NA
1.6,ADAS-Cog 24 months mean difference,MD,FALSE,TRUE,30,FALSE,,0,NA,NA,NA,NA,NA
1.6,ADAS-Cog 24 months mean difference,MD,FALSE,TRUE,30,TRUE,,0,NA,NA,NA,NA,NA
1.6,ADAS-Cog 24 months mean difference,MD,TRUE,FALSE,NA,FALSE,CREAD 2022; Marguerite RoAD 2024,2,-1.4055037783375324,-5.245306413837063,2.4342988571619975,0.4731172993008963,5.423950000000001
1.6,ADAS-Cog 24 months mean difference,MD,TRUE,FALSE,NA,TRUE,CREAD 2022,1,0.26,-1.876400000000001,2.3964000000000008,0.811468413701889,0
1.6,ADAS-Cog 24 months mean difference,MD,TRUE,FALSE,5,FALSE,,0,NA,NA,NA,NA,NA
1.6,ADAS-Cog 24 months mean difference,MD,TRUE,FALSE,5,TRUE,,0,NA,NA,NA,NA,NA
1.6,ADAS-Cog 24 months mean difference,MD,TRUE,FALSE,10,FALSE,,0,NA,NA,NA,NA,NA
1.6,ADAS-Cog 24 months mean difference,MD,TRUE,FALSE,10,TRUE,,0,NA,NA,NA,NA,NA
1.6,ADAS-Cog 24 months mean difference,MD,TRUE,FALSE,20,FALSE,,0,NA,NA,NA,NA,NA
1.6,ADAS-Cog 24 months mean difference,MD,TRUE,FALSE,20,TRUE,,0,NA,NA,NA,NA,NA
1.6,ADAS-Cog 24 months mean difference,MD,TRUE,FALSE,30,FALSE,,0,NA,NA,NA,NA,NA
1.6,ADAS-Cog 24 months mean difference,MD,TRUE,FALSE,30,TRUE,,0,NA,NA,NA,NA,NA
1.6,ADAS-Cog 24 months mean difference,MD,TRUE,TRUE,NA,FALSE,,0,NA,NA,NA,NA,NA
1.6,ADAS-Cog 24 months mean difference,MD,TRUE,TRUE,NA,TRUE,,0,NA,NA,NA,NA,NA
1.6,ADAS-Cog 24 months mean difference,MD,TRUE,TRUE,5,FALSE,,0,NA,NA,NA,NA,NA
1.6,ADAS-Cog 24 months mean difference,MD,TRUE,TRUE,5,TRUE,,0,NA,NA,NA,NA,NA
1.6,ADAS-Cog 24 months mean difference,MD,TRUE,TRUE,10,FALSE,,0,NA,NA,NA,NA,NA
1.6,ADAS-Cog 24 months mean difference,MD,TRUE,TRUE,10,TRUE,,0,NA,NA,NA,NA,NA
1.6,ADAS-Cog 24 months mean difference,MD,TRUE,TRUE,20,FALSE,,0,NA,NA,NA,NA,NA
1.6,ADAS-Cog 24 months mean difference,MD,TRUE,TRUE,20,TRUE,,0,NA,NA,NA,NA,NA
1.6,ADAS-Cog 24 months mean difference,MD,TRUE,TRUE,30,FALSE,,0,NA,NA,NA,NA,NA
1.6,ADAS-Cog 24 months mean difference,MD,TRUE,TRUE,30,TRUE,,0,NA,NA,NA,NA,NA
2.1,CDR-SB scale at 18 months,SMD,FALSE,FALSE,NA,FALSE,EMERGE 2022; ENGAGE 2022; ENVISION; CREAD 2 2022; TRAILBLAZER-ALZ 2 2023; EXPEDITION - EXPEDITION 2 2016; EXPEDITION 3 2018; CLARITY AD 2023; SCarlet RoAD 2017,9,-0.12360704450684486,-0.2431373516407463,-0.004076737372943423,0.04422331763822821,0.009920176024795266
2.1,CDR-SB scale at 18 months,SMD,FALSE,FALSE,NA,TRUE,EMERGE 2022; ENGAGE 2022; TRAILBLAZER-ALZ 2 2023; CLARITY AD 2023,4,-0.17732375748504858,-0.3801162793058889,0.02546876433579176,0.06883215469400818,0.011051713660561516
2.1,CDR-SB scale at 18 months,SMD,FALSE,FALSE,5,FALSE,EMERGE 2022; ENGAGE 2022; TRAILBLAZER-ALZ 2 2023; CLARITY AD 2023; SCarlet RoAD 2017,5,-0.14084870942945368,-0.32257622404934705,0.04087880519043968,0.09777341750447804,0.015051808790402552
2.1,CDR-SB scale at 18 months,SMD,FALSE,FALSE,5,TRUE,EMERGE 2022; ENGAGE 2022; TRAILBLAZER-ALZ 2 2023; CLARITY AD 2023,4,-0.17732375748504858,-0.3801162793058889,0.02546876433579176,0.06883215469400818,0.011051713660561516
2.1,CDR-SB scale at 18 months,SMD,FALSE,FALSE,10,FALSE,EMERGE 2022; ENGAGE 2022; TRAILBLAZER-ALZ 2 2023; CLARITY AD 2023; SCarlet RoAD 2017,5,-0.14084870942945368,-0.32257622404934705,0.04087880519043968,0.09777341750447804,0.015051808790402552
2.1,CDR-SB scale at 18 months,SMD,FALSE,FALSE,10,TRUE,EMERGE 2022; ENGAGE 2022; TRAILBLAZER-ALZ 2 2023; CLARITY AD 2023,4,-0.17732375748504858,-0.3801162793058889,0.02546876433579176,0.06883215469400818,0.011051713660561516
2.1,CDR-SB scale at 18 months,SMD,FALSE,FALSE,20,FALSE,EMERGE 2022; ENGAGE 2022; TRAILBLAZER-ALZ 2 2023; CLARITY AD 2023,4,-0.17732375748504858,-0.3801162793058889,0.02546876433579176,0.06883215469400818,0.011051713660561516
2.1,CDR-SB scale at 18 months,SMD,FALSE,FALSE,20,TRUE,EMERGE 2022; ENGAGE 2022; TRAILBLAZER-ALZ 2 2023; CLARITY AD 2023,4,-0.17732375748504858,-0.3801162793058889,0.02546876433579176,0.06883215469400818,0.011051713660561516
2.1,CDR-SB scale at 18 months,SMD,FALSE,FALSE,30,FALSE,EMERGE 2022; ENGAGE 2022; TRAILBLAZER-ALZ 2 2023; CLARITY AD 2023,4,-0.17732375748504858,-0.3801162793058889,0.02546876433579176,0.06883215469400818,0.011051713660561516
2.1,CDR-SB scale at 18 months,SMD,FALSE,FALSE,30,TRUE,EMERGE 2022; ENGAGE 2022; TRAILBLAZER-ALZ 2 2023; CLARITY AD 2023,4,-0.17732375748504858,-0.3801162793058889,0.02546876433579176,0.06883215469400818,0.011051713660561516
2.1,CDR-SB scale at 18 months,SMD,FALSE,TRUE,NA,FALSE,EMERGE 2022; ENGAGE 2022; ENVISION; TRAILBLAZER-ALZ 2 2023; CLARITY AD 2023,5,-0.16686769578625207,-0.365174481484276,0.031439089911771856,0.07970264560256067,0.011665584839341782
2.1,CDR-SB scale at 18 months,SMD,FALSE,TRUE,NA,TRUE,EMERGE 2022; ENGAGE 2022; TRAILBLAZER-ALZ 2 2023; CLARITY AD 2023,4,-0.17732375748504858,-0.3801162793058889,0.02546876433579176,0.06883215469400818,0.011051713660561516
2.1,CDR-SB scale at 18 months,SMD,FALSE,TRUE,5,FALSE,EMERGE 2022; ENGAGE 2022; TRAILBLAZER-ALZ 2 2023; CLARITY AD 2023,4,-0.17732375748504858,-0.3801162793058889,0.02546876433579176,0.06883215469400818,0.011051713660561516
2.1,CDR-SB scale at 18 months,SMD,FALSE,TRUE,5,TRUE,EMERGE 2022; ENGAGE 2022; TRAILBLAZER-ALZ 2 2023; CLARITY AD 2023,4,-0.17732375748504858,-0.3801162793058889,0.02546876433579176,0.06883215469400818,0.011051713660561516
2.1,CDR-SB scale at 18 months,SMD,FALSE,TRUE,10,FALSE,EMERGE 2022; ENGAGE 2022; TRAILBLAZER-ALZ 2 2023; CLARITY AD 2023,4,-0.17732375748504858,-0.3801162793058889,0.02546876433579176,0.06883215469400818,0.011051713660561516
2.1,CDR-SB scale at 18 months,SMD,FALSE,TRUE,10,TRUE,EMERGE 2022; ENGAGE 2022; TRAILBLAZER-ALZ 2 2023; CLARITY AD 2023,4,-0.17732375748504858,-0.3801162793058889,0.02546876433579176,0.06883215469400818,0.011051713660561516
2.1,CDR-SB scale at 18 months,SMD,FALSE,TRUE,20,FALSE,EMERGE 2022; ENGAGE 2022; TRAILBLAZER-ALZ 2 2023; CLARITY AD 2023,4,-0.17732375748504858,-0.3801162793058889,0.02546876433579176,0.06883215469400818,0.011051713660561516
2.1,CDR-SB scale at 18 months,SMD,FALSE,TRUE,20,TRUE,EMERGE 2022; ENGAGE 2022; TRAILBLAZER-ALZ 2 2023; CLARITY AD 2023,4,-0.17732375748504858,-0.3801162793058889,0.02546876433579176,0.06883215469400818,0.011051713660561516
2.1,CDR-SB scale at 18 months,SMD,FALSE,TRUE,30,FALSE,EMERGE 2022; ENGAGE 2022; TRAILBLAZER-ALZ 2 2023; CLARITY AD 2023,4,-0.17732375748504858,-0.3801162793058889,0.02546876433579176,0.06883215469400818,0.011051713660561516
2.1,CDR-SB scale at 18 months,SMD,FALSE,TRUE,30,TRUE,EMERGE 2022; ENGAGE 2022; TRAILBLAZER-ALZ 2 2023; CLARITY AD 2023,4,-0.17732375748504858,-0.3801162793058889,0.02546876433579176,0.06883215469400818,0.011051713660561516
2.1,CDR-SB scale at 18 months,SMD,TRUE,FALSE,NA,FALSE,EMERGE 2022; ENGAGE 2022; ENVISION; CREAD 2 2022; TRAILBLAZER-ALZ 2 2023; EXPEDITION 3 2018; CLARITY AD 2023; SCarlet RoAD 2017,8,-0.1368236744489688,-0.279188648002032,0.0055412991040943715,0.057258784093595035,0.011450629173900093
2.1,CDR-SB scale at 18 months,SMD,TRUE,FALSE,NA,TRUE,EMERGE 2022; ENGAGE 2022; TRAILBLAZER-ALZ 2 2023; CLARITY AD 2023,4,-0.17732375748504858,-0.3801162793058889,0.02546876433579176,0.06883215469400818,0.011051713660561516
2.1,CDR-SB scale at 18 months,SMD,TRUE,FALSE,5,FALSE,EMERGE 2022; ENGAGE 2022; TRAILBLAZER-ALZ 2 2023; CLARITY AD 2023; SCarlet RoAD 2017,5,-0.14084870942945368,-0.32257622404934705,0.04087880519043968,0.09777341750447804,0.015051808790402552
2.1,CDR-SB scale at 18 months,SMD,TRUE,FALSE,5,TRUE,EMERGE 2022; ENGAGE 2022; TRAILBLAZER-ALZ 2 2023; CLARITY AD 2023,4,-0.17732375748504858,-0.3801162793058889,0.02546876433579176,0.06883215469400818,0.011051713660561516
2.1,CDR-SB scale at 18 months,SMD,TRUE,FALSE,10,FALSE,EMERGE 2022; ENGAGE 2022; TRAILBLAZER-ALZ 2 2023; CLARITY AD 2023; SCarlet RoAD 2017,5,-0.14084870942945368,-0.32257622404934705,0.04087880519043968,0.09777341750447804,0.015051808790402552
2.1,CDR-SB scale at 18 months,SMD,TRUE,FALSE,10,TRUE,EMERGE 2022; ENGAGE 2022; TRAILBLAZER-ALZ 2 2023; CLARITY AD 2023,4,-0.17732375748504858,-0.3801162793058889,0.02546876433579176,0.06883215469400818,0.011051713660561516
2.1,CDR-SB scale at 18 months,SMD,TRUE,FALSE,20,FALSE,EMERGE 2022; ENGAGE 2022; TRAILBLAZER-ALZ 2 2023; CLARITY AD 2023,4,-0.17732375748504858,-0.3801162793058889,0.02546876433579176,0.06883215469400818,0.011051713660561516
2.1,CDR-SB scale at 18 months,SMD,TRUE,FALSE,20,TRUE,EMERGE 2022; ENGAGE 2022; TRAILBLAZER-ALZ 2 2023; CLARITY AD 2023,4,-0.17732375748504858,-0.3801162793058889,0.02546876433579176,0.06883215469400818,0.011051713660561516
2.1,CDR-SB scale at 18 months,SMD,TRUE,FALSE,30,FALSE,EMERGE 2022; ENGAGE 2022; TRAILBLAZER-ALZ 2 2023; CLARITY AD 2023,4,-0.17732375748504858,-0.3801162793058889,0.02546876433579176,0.06883215469400818,0.011051713660561516
2.1,CDR-SB scale at 18 months,SMD,TRUE,FALSE,30,TRUE,EMERGE 2022; ENGAGE 2022; TRAILBLAZER-ALZ 2 2023; CLARITY AD 2023,4,-0.17732375748504858,-0.3801162793058889,0.02546876433579176,0.06883215469400818,0.011051713660561516
2.1,CDR-SB scale at 18 months,SMD,TRUE,TRUE,NA,FALSE,EMERGE 2022; ENGAGE 2022; ENVISION; TRAILBLAZER-ALZ 2 2023; CLARITY AD 2023,5,-0.16686769578625207,-0.365174481484276,0.031439089911771856,0.07970264560256067,0.011665584839341782
2.1,CDR-SB scale at 18 months,SMD,TRUE,TRUE,NA,TRUE,EMERGE 2022; ENGAGE 2022; TRAILBLAZER-ALZ 2 2023; CLARITY AD 2023,4,-0.17732375748504858,-0.3801162793058889,0.02546876433579176,0.06883215469400818,0.011051713660561516
2.1,CDR-SB scale at 18 months,SMD,TRUE,TRUE,5,FALSE,EMERGE 2022; ENGAGE 2022; TRAILBLAZER-ALZ 2 2023; CLARITY AD 2023,4,-0.17732375748504858,-0.3801162793058889,0.02546876433579176,0.06883215469400818,0.011051713660561516
2.1,CDR-SB scale at 18 months,SMD,TRUE,TRUE,5,TRUE,EMERGE 2022; ENGAGE 2022; TRAILBLAZER-ALZ 2 2023; CLARITY AD 2023,4,-0.17732375748504858,-0.3801162793058889,0.02546876433579176,0.06883215469400818,0.011051713660561516
2.1,CDR-SB scale at 18 months,SMD,TRUE,TRUE,10,FALSE,EMERGE 2022; ENGAGE 2022; TRAILBLAZER-ALZ 2 2023; CLARITY AD 2023,4,-0.17732375748504858,-0.3801162793058889,0.02546876433579176,0.06883215469400818,0.011051713660561516
2.1,CDR-SB scale at 18 months,SMD,TRUE,TRUE,10,TRUE,EMERGE 2022; ENGAGE 2022; TRAILBLAZER-ALZ 2 2023; CLARITY AD 2023,4,-0.17732375748504858,-0.3801162793058889,0.02546876433579176,0.06883215469400818,0.011051713660561516
2.1,CDR-SB scale at 18 months,SMD,TRUE,TRUE,20,FALSE,EMERGE 2022; ENGAGE 2022; TRAILBLAZER-ALZ 2 2023; CLARITY AD 2023,4,-0.17732375748504858,-0.3801162793058889,0.02546876433579176,0.06883215469400818,0.011051713660561516
2.1,CDR-SB scale at 18 months,SMD,TRUE,TRUE,20,TRUE,EMERGE 2022; ENGAGE 2022; TRAILBLAZER-ALZ 2 2023; CLARITY AD 2023,4,-0.17732375748504858,-0.3801162793058889,0.02546876433579176,0.06883215469400818,0.011051713660561516
2.1,CDR-SB scale at 18 months,SMD,TRUE,TRUE,30,FALSE,EMERGE 2022; ENGAGE 2022; TRAILBLAZER-ALZ 2 2023; CLARITY AD 2023,4,-0.17732375748504858,-0.3801162793058889,0.02546876433579176,0.06883215469400818,0.011051713660561516
2.1,CDR-SB scale at 18 months,SMD,TRUE,TRUE,30,TRUE,EMERGE 2022; ENGAGE 2022; TRAILBLAZER-ALZ 2 2023; CLARITY AD 2023,4,-0.17732375748504858,-0.3801162793058889,0.02546876433579176,0.06883215469400818,0.011051713660561516
2.2,CDR-SB scale at 24 months,SMD,FALSE,FALSE,NA,FALSE,Marguerite RoAD 2024; CREAD 2022,2,0.031545498817869166,-0.23476977988617054,0.29786077752190887,0.8164129089891101,0
2.2,CDR-SB scale at 24 months,SMD,FALSE,FALSE,NA,TRUE,CREAD 2022,1,0.07009,-0.22719692000000008,0.36737692000000005,0.6440093345700291,0
2.2,CDR-SB scale at 24 months,SMD,FALSE,FALSE,5,FALSE,,0,NA,NA,NA,NA,NA
2.2,CDR-SB scale at 24 months,SMD,FALSE,FALSE,5,TRUE,,0,NA,NA,NA,NA,NA
2.2,CDR-SB scale at 24 months,SMD,FALSE,FALSE,10,FALSE,,0,NA,NA,NA,NA,NA
2.2,CDR-SB scale at 24 months,SMD,FALSE,FALSE,10,TRUE,,0,NA,NA,NA,NA,NA
2.2,CDR-SB scale at 24 months,SMD,FALSE,FALSE,20,FALSE,,0,NA,NA,NA,NA,NA
2.2,CDR-SB scale at 24 months,SMD,FALSE,FALSE,20,TRUE,,0,NA,NA,NA,NA,NA
2.2,CDR-SB scale at 24 months,SMD,FALSE,FALSE,30,FALSE,,0,NA,NA,NA,NA,NA
2.2,CDR-SB scale at 24 months,SMD,FALSE,FALSE,30,TRUE,,0,NA,NA,NA,NA,NA
2.2,CDR-SB scale at 24 months,SMD,FALSE,TRUE,NA,FALSE,,0,NA,NA,NA,NA,NA
2.2,CDR-SB scale at 24 months,SMD,FALSE,TRUE,NA,TRUE,,0,NA,NA,NA,NA,NA
2.2,CDR-SB scale at 24 months,SMD,FALSE,TRUE,5,FALSE,,0,NA,NA,NA,NA,NA
2.2,CDR-SB scale at 24 months,SMD,FALSE,TRUE,5,TRUE,,0,NA,NA,NA,NA,NA
2.2,CDR-SB scale at 24 months,SMD,FALSE,TRUE,10,FALSE,,0,NA,NA,NA,NA,NA
2.2,CDR-SB scale at 24 months,SMD,FALSE,TRUE,10,TRUE,,0,NA,NA,NA,NA,NA
2.2,CDR-SB scale at 24 months,SMD,FALSE,TRUE,20,FALSE,,0,NA,NA,NA,NA,NA
2.2,CDR-SB scale at 24 months,SMD,FALSE,TRUE,20,TRUE,,0,NA,NA,NA,NA,NA
2.2,CDR-SB scale at 24 months,SMD,FALSE,TRUE,30,FALSE,,0,NA,NA,NA,NA,NA
2.2,CDR-SB scale at 24 months,SMD,FALSE,TRUE,30,TRUE,,0,NA,NA,NA,NA,NA
2.2,CDR-SB scale at 24 months,SMD,TRUE,FALSE,NA,FALSE,Marguerite RoAD 2024; CREAD 2022,2,0.031545498817869166,-0.23476977988617054,0.29786077752190887,0.8164129089891101,0
2.2,CDR-SB scale at 24 months,SMD,TRUE,FALSE,NA,TRUE,CREAD 2022,1,0.07009,-0.22719692000000008,0.36737692000000005,0.6440093345700291,0
2.2,CDR-SB scale at 24 months,SMD,TRUE,FALSE,5,FALSE,,0,NA,NA,NA,NA,NA
2.2,CDR-SB scale at 24 months,SMD,TRUE,FALSE,5,TRUE,,0,NA,NA,NA,NA,NA
2.2,CDR-SB scale at 24 months,SMD,TRUE,FALSE,10,FALSE,,0,NA,NA,NA,NA,NA
2.2,CDR-SB scale at 24 months,SMD,TRUE,FALSE,10,TRUE,,0,NA,NA,NA,NA,NA
2.2,CDR-SB scale at 24 months,SMD,TRUE,FALSE,20,FALSE,,0,NA,NA,NA,NA,NA
2.2,CDR-SB scale at 24 months,SMD,TRUE,FALSE,20,TRUE,,0,NA,NA,NA,NA,NA
2.2,CDR-SB scale at 24 months,SMD,TRUE,FALSE,30,FALSE,,0,NA,NA,NA,NA,NA
2.2,CDR-SB scale at 24 months,SMD,TRUE,FALSE,30,TRUE,,0,NA,NA,NA,NA,NA
2.2,CDR-SB scale at 24 months,SMD,TRUE,TRUE,NA,FALSE,,0,NA,NA,NA,NA,NA
2.2,CDR-SB scale at 24 months,SMD,TRUE,TRUE,NA,TRUE,,0,NA,NA,NA,NA,NA
2.2,CDR-SB scale at 24 months,SMD,TRUE,TRUE,5,FALSE,,0,NA,NA,NA,NA,NA
2.2,CDR-SB scale at 24 months,SMD,TRUE,TRUE,5,TRUE,,0,NA,NA,NA,NA,NA
2.2,CDR-SB scale at 24 months,SMD,TRUE,TRUE,10,FALSE,,0,NA,NA,NA,NA,NA
2.2,CDR-SB scale at 24 months,SMD,TRUE,TRUE,10,TRUE,,0,NA,NA,NA,NA,NA
2.2,CDR-SB scale at 24 months,SMD,TRUE,TRUE,20,FALSE,,0,NA,NA,NA,NA,NA
2.2,CDR-SB scale at 24 months,SMD,TRUE,TRUE,20,TRUE,,0,NA,NA,NA,NA,NA
2.2,CDR-SB scale at 24 months,SMD,TRUE,TRUE,30,FALSE,,0,NA,NA,NA,NA,NA
2.2,CDR-SB scale at 24 months,SMD,TRUE,TRUE,30,TRUE,,0,NA,NA,NA,NA,NA
2.3,CDR-SB scale above 24 months,SMD,FALSE,FALSE,NA,FALSE,GRADUATE I 2023; GRADUATE II 2023,2,-0.07010296517035751,-0.1587119765097488,0.018506046169033785,0.12099174319043678,0
2.3,CDR-SB scale above 24 months,SMD,FALSE,FALSE,NA,TRUE,GRADUATE I 2023; GRADUATE II 2023,2,-0.07010296517035751,-0.1587119765097488,0.018506046169033785,0.12099174319043678,0
2.3,CDR-SB scale above 24 months,SMD,FALSE,FALSE,5,FALSE,GRADUATE I 2023; GRADUATE II 2023,2,-0.07010296517035751,-0.1587119765097488,0.018506046169033785,0.12099174319043678,0
2.3,CDR-SB scale above 24 months,SMD,FALSE,FALSE,5,TRUE,GRADUATE I 2023; GRADUATE II 2023,2,-0.07010296517035751,-0.1587119765097488,0.018506046169033785,0.12099174319043678,0
2.3,CDR-SB scale above 24 months,SMD,FALSE,FALSE,10,FALSE,GRADUATE I 2023; GRADUATE II 2023,2,-0.07010296517035751,-0.1587119765097488,0.018506046169033785,0.12099174319043678,0
2.3,CDR-SB scale above 24 months,SMD,FALSE,FALSE,10,TRUE,GRADUATE I 2023; GRADUATE II 2023,2,-0.07010296517035751,-0.1587119765097488,0.018506046169033785,0.12099174319043678,0
2.3,CDR-SB scale above 24 months,SMD,FALSE,FALSE,20,FALSE,GRADUATE I 2023; GRADUATE II 2023,2,-0.07010296517035751,-0.1587119765097488,0.018506046169033785,0.12099174319043678,0
2.3,CDR-SB scale above 24 months,SMD,FALSE,FALSE,20,TRUE,GRADUATE I 2023; GRADUATE II 2023,2,-0.07010296517035751,-0.1587119765097488,0.018506046169033785,0.12099174319043678,0
2.3,CDR-SB scale above 24 months,SMD,FALSE,FALSE,30,FALSE,GRADUATE I 2023; GRADUATE II 2023,2,-0.07010296517035751,-0.1587119765097488,0.018506046169033785,0.12099174319043678,0
2.3,CDR-SB scale above 24 months,SMD,FALSE,FALSE,30,TRUE,GRADUATE I 2023; GRADUATE II 2023,2,-0.07010296517035751,-0.1587119765097488,0.018506046169033785,0.12099174319043678,0
2.3,CDR-SB scale above 24 months,SMD,FALSE,TRUE,NA,FALSE,,0,NA,NA,NA,NA,NA
2.3,CDR-SB scale above 24 months,SMD,FALSE,TRUE,NA,TRUE,,0,NA,NA,NA,NA,NA
2.3,CDR-SB scale above 24 months,SMD,FALSE,TRUE,5,FALSE,,0,NA,NA,NA,NA,NA
2.3,CDR-SB scale above 24 months,SMD,FALSE,TRUE,5,TRUE,,0,NA,NA,NA,NA,NA
2.3,CDR-SB scale above 24 months,SMD,FALSE,TRUE,10,FALSE,,0,NA,NA,NA,NA,NA
2.3,CDR-SB scale above 24 months,SMD,FALSE,TRUE,10,TRUE,,0,NA,NA,NA,NA,NA
2.3,CDR-SB scale above 24 months,SMD,FALSE,TRUE,20,FALSE,,0,NA,NA,NA,NA,NA
2.3,CDR-SB scale above 24 months,SMD,FALSE,TRUE,20,TRUE,,0,NA,NA,NA,NA,NA
2.3,CDR-SB scale above 24 months,SMD,FALSE,TRUE,30,FALSE,,0,NA,NA,NA,NA,NA
2.3,CDR-SB scale above 24 months,SMD,FALSE,TRUE,30,TRUE,,0,NA,NA,NA,NA,NA
2.3,CDR-SB scale above 24 months,SMD,TRUE,FALSE,NA,FALSE,GRADUATE I 2023; GRADUATE II 2023,2,-0.07010296517035751,-0.1587119765097488,0.018506046169033785,0.12099174319043678,0
2.3,CDR-SB scale above 24 months,SMD,TRUE,FALSE,NA,TRUE,GRADUATE I 2023; GRADUATE II 2023,2,-0.07010296517035751,-0.1587119765097488,0.018506046169033785,0.12099174319043678,0
2.3,CDR-SB scale above 24 months,SMD,TRUE,FALSE,5,FALSE,GRADUATE I 2023; GRADUATE II 2023,2,-0.07010296517035751,-0.1587119765097488,0.018506046169033785,0.12099174319043678,0
2.3,CDR-SB scale above 24 months,SMD,TRUE,FALSE,5,TRUE,GRADUATE I 2023; GRADUATE II 2023,2,-0.07010296517035751,-0.1587119765097488,0.018506046169033785,0.12099174319043678,0
2.3,CDR-SB scale above 24 months,SMD,TRUE,FALSE,10,FALSE,GRADUATE I 2023; GRADUATE II 2023,2,-0.07010296517035751,-0.1587119765097488,0.018506046169033785,0.12099174319043678,0
2.3,CDR-SB scale above 24 months,SMD,TRUE,FALSE,10,TRUE,GRADUATE I 2023; GRADUATE II 2023,2,-0.07010296517035751,-0.1587119765097488,0.018506046169033785,0.12099174319043678,0
2.3,CDR-SB scale above 24 months,SMD,TRUE,FALSE,20,FALSE,GRADUATE I 2023; GRADUATE II 2023,2,-0.07010296517035751,-0.1587119765097488,0.018506046169033785,0.12099174319043678,0
2.3,CDR-SB scale above 24 months,SMD,TRUE,FALSE,20,TRUE,GRADUATE I 2023; GRADUATE II 2023,2,-0.07010296517035751,-0.1587119765097488,0.018506046169033785,0.12099174319043678,0
2.3,CDR-SB scale above 24 months,SMD,TRUE,FALSE,30,FALSE,GRADUATE I 2023; GRADUATE II 2023,2,-0.07010296517035751,-0.1587119765097488,0.018506046169033785,0.12099174319043678,0
2.3,CDR-SB scale above 24 months,SMD,TRUE,FALSE,30,TRUE,GRADUATE I 2023; GRADUATE II 2023,2,-0.07010296517035751,-0.1587119765097488,0.018506046169033785,0.12099174319043678,0
2.3,CDR-SB scale above 24 months,SMD,TRUE,TRUE,NA,FALSE,,0,NA,NA,NA,NA,NA
2.3,CDR-SB scale above 24 months,SMD,TRUE,TRUE,NA,TRUE,,0,NA,NA,NA,NA,NA
2.3,CDR-SB scale above 24 months,SMD,TRUE,TRUE,5,FALSE,,0,NA,NA,NA,NA,NA
2.3,CDR-SB scale above 24 months,SMD,TRUE,TRUE,5,TRUE,,0,NA,NA,NA,NA,NA
2.3,CDR-SB scale above 24 months,SMD,TRUE,TRUE,10,FALSE,,0,NA,NA,NA,NA,NA
2.3,CDR-SB scale above 24 months,SMD,TRUE,TRUE,10,TRUE,,0,NA,NA,NA,NA,NA
2.3,CDR-SB scale above 24 months,SMD,TRUE,TRUE,20,FALSE,,0,NA,NA,NA,NA,NA
2.3,CDR-SB scale above 24 months,SMD,TRUE,TRUE,20,TRUE,,0,NA,NA,NA,NA,NA
2.3,CDR-SB scale above 24 months,SMD,TRUE,TRUE,30,FALSE,,0,NA,NA,NA,NA,NA
2.3,CDR-SB scale above 24 months,SMD,TRUE,TRUE,30,TRUE,,0,NA,NA,NA,NA,NA
2.4,CDR-SB 24 months mean difference,MD,FALSE,FALSE,NA,FALSE,CREAD 2022; Marguerite RoAD 2024,2,0.03187919463087242,-0.6425001302343454,0.7062585194960902,0.9261806438041792,0
2.4,CDR-SB 24 months mean difference,MD,FALSE,FALSE,NA,TRUE,CREAD 2022,1,0.17,-0.6532000000000002,0.9932000000000003,0.6856525335449679,0
2.4,CDR-SB 24 months mean difference,MD,FALSE,FALSE,5,FALSE,,0,NA,NA,NA,NA,NA
2.4,CDR-SB 24 months mean difference,MD,FALSE,FALSE,5,TRUE,,0,NA,NA,NA,NA,NA
2.4,CDR-SB 24 months mean difference,MD,FALSE,FALSE,10,FALSE,,0,NA,NA,NA,NA,NA
2.4,CDR-SB 24 months mean difference,MD,FALSE,FALSE,10,TRUE,,0,NA,NA,NA,NA,NA
2.4,CDR-SB 24 months mean difference,MD,FALSE,FALSE,20,FALSE,,0,NA,NA,NA,NA,NA
2.4,CDR-SB 24 months mean difference,MD,FALSE,FALSE,20,TRUE,,0,NA,NA,NA,NA,NA
2.4,CDR-SB 24 months mean difference,MD,FALSE,FALSE,30,FALSE,,0,NA,NA,NA,NA,NA
2.4,CDR-SB 24 months mean difference,MD,FALSE,FALSE,30,TRUE,,0,NA,NA,NA,NA,NA
2.4,CDR-SB 24 months mean difference,MD,FALSE,TRUE,NA,FALSE,,0,NA,NA,NA,NA,NA
2.4,CDR-SB 24 months mean difference,MD,FALSE,TRUE,NA,TRUE,,0,NA,NA,NA,NA,NA
2.4,CDR-SB 24 months mean difference,MD,FALSE,TRUE,5,FALSE,,0,NA,NA,NA,NA,NA
2.4,CDR-SB 24 months mean difference,MD,FALSE,TRUE,5,TRUE,,0,NA,NA,NA,NA,NA
2.4,CDR-SB 24 months mean difference,MD,FALSE,TRUE,10,FALSE,,0,NA,NA,NA,NA,NA
2.4,CDR-SB 24 months mean difference,MD,FALSE,TRUE,10,TRUE,,0,NA,NA,NA,NA,NA
2.4,CDR-SB 24 months mean difference,MD,FALSE,TRUE,20,FALSE,,0,NA,NA,NA,NA,NA
2.4,CDR-SB 24 months mean difference,MD,FALSE,TRUE,20,TRUE,,0,NA,NA,NA,NA,NA
2.4,CDR-SB 24 months mean difference,MD,FALSE,TRUE,30,FALSE,,0,NA,NA,NA,NA,NA
2.4,CDR-SB 24 months mean difference,MD,FALSE,TRUE,30,TRUE,,0,NA,NA,NA,NA,NA
2.4,CDR-SB 24 months mean difference,MD,TRUE,FALSE,NA,FALSE,CREAD 2022; Marguerite RoAD 2024,2,0.03187919463087242,-0.6425001302343454,0.7062585194960902,0.9261806438041792,0
2.4,CDR-SB 24 months mean difference,MD,TRUE,FALSE,NA,TRUE,CREAD 2022,1,0.17,-0.6532000000000002,0.9932000000000003,0.6856525335449679,0
2.4,CDR-SB 24 months mean difference,MD,TRUE,FALSE,5,FALSE,,0,NA,NA,NA,NA,NA
2.4,CDR-SB 24 months mean difference,MD,TRUE,FALSE,5,TRUE,,0,NA,NA,NA,NA,NA
2.4,CDR-SB 24 months mean difference,MD,TRUE,FALSE,10,FALSE,,0,NA,NA,NA,NA,NA
2.4,CDR-SB 24 months mean difference,MD,TRUE,FALSE,10,TRUE,,0,NA,NA,NA,NA,NA
2.4,CDR-SB 24 months mean difference,MD,TRUE,FALSE,20,FALSE,,0,NA,NA,NA,NA,NA
2.4,CDR-SB 24 months mean difference,MD,TRUE,FALSE,20,TRUE,,0,NA,NA,NA,NA,NA
2.4,CDR-SB 24 months mean difference,MD,TRUE,FALSE,30,FALSE,,0,NA,NA,NA,NA,NA
2.4,CDR-SB 24 months mean difference,MD,TRUE,FALSE,30,TRUE,,0,NA,NA,NA,NA,NA
2.4,CDR-SB 24 months mean difference,MD,TRUE,TRUE,NA,FALSE,,0,NA,NA,NA,NA,NA
2.4,CDR-SB 24 months mean difference,MD,TRUE,TRUE,NA,TRUE,,0,NA,NA,NA,NA,NA
2.4,CDR-SB 24 months mean difference,MD,TRUE,TRUE,5,FALSE,,0,NA,NA,NA,NA,NA
2.4,CDR-SB 24 months mean difference,MD,TRUE,TRUE,5,TRUE,,0,NA,NA,NA,NA,NA
2.4,CDR-SB 24 months mean difference,MD,TRUE,TRUE,10,FALSE,,0,NA,NA,NA,NA,NA
2.4,CDR-SB 24 months mean difference,MD,TRUE,TRUE,10,TRUE,,0,NA,NA,NA,NA,NA
2.4,CDR-SB 24 months mean difference,MD,TRUE,TRUE,20,FALSE,,0,NA,NA,NA,NA,NA
2.4,CDR-SB 24 months mean difference,MD,TRUE,TRUE,20,TRUE,,0,NA,NA,NA,NA,NA
2.4,CDR-SB 24 months mean difference,MD,TRUE,TRUE,30,FALSE,,0,NA,NA,NA,NA,NA
2.4,CDR-SB 24 months mean difference,MD,TRUE,TRUE,30,TRUE,,0,NA,NA,NA,NA,NA
3.1,DAD total score at 18 months,SMD,FALSE,FALSE,NA,FALSE,3000 Non Carriers 2016; 3001 Carriers 2016; Bapineuzumab-301 2014; Bapineuzumab-302 2014,4,0.04141224471514686,-0.15981967207131642,0.2426441615016101,0.5592504435881637,0.00824633215066201
3.1,DAD total score at 18 months,SMD,FALSE,FALSE,NA,TRUE,,0,NA,NA,NA,NA,NA
3.1,DAD total score at 18 months,SMD,FALSE,FALSE,5,FALSE,3001 Carriers 2016,1,0.03930575318456895,-0.17452379445561692,0.2531353008247548,0.7186350726778273,0
3.1,DAD total score at 18 months,SMD,FALSE,FALSE,5,TRUE,,0,NA,NA,NA,NA,NA
3.1,DAD total score at 18 months,SMD,FALSE,FALSE,10,FALSE,,0,NA,NA,NA,NA,NA
3.1,DAD total score at 18 months,SMD,FALSE,FALSE,10,TRUE,,0,NA,NA,NA,NA,NA
3.1,DAD total score at 18 months,SMD,FALSE,FALSE,20,FALSE,,0,NA,NA,NA,NA,NA
3.1,DAD total score at 18 months,SMD,FALSE,FALSE,20,TRUE,,0,NA,NA,NA,NA,NA
3.1,DAD total score at 18 months,SMD,FALSE,FALSE,30,FALSE,,0,NA,NA,NA,NA,NA
3.1,DAD total score at 18 months,SMD,FALSE,FALSE,30,TRUE,,0,NA,NA,NA,NA,NA
3.1,DAD total score at 18 months,SMD,FALSE,TRUE,NA,FALSE,,0,NA,NA,NA,NA,NA
3.1,DAD total score at 18 months,SMD,FALSE,TRUE,NA,TRUE,,0,NA,NA,NA,NA,NA
3.1,DAD total score at 18 months,SMD,FALSE,TRUE,5,FALSE,,0,NA,NA,NA,NA,NA
3.1,DAD total score at 18 months,SMD,FALSE,TRUE,5,TRUE,,0,NA,NA,NA,NA,NA
3.1,DAD total score at 18 months,SMD,FALSE,TRUE,10,FALSE,,0,NA,NA,NA,NA,NA
3.1,DAD total score at 18 months,SMD,FALSE,TRUE,10,TRUE,,0,NA,NA,NA,NA,NA
3.1,DAD total score at 18 months,SMD,FALSE,TRUE,20,FALSE,,0,NA,NA,NA,NA,NA
3.1,DAD total score at 18 months,SMD,FALSE,TRUE,20,TRUE,,0,NA,NA,NA,NA,NA
3.1,DAD total score at 18 months,SMD,FALSE,TRUE,30,FALSE,,0,NA,NA,NA,NA,NA
3.1,DAD total score at 18 months,SMD,FALSE,TRUE,30,TRUE,,0,NA,NA,NA,NA,NA
3.1,DAD total score at 18 months,SMD,TRUE,FALSE,NA,FALSE,,0,NA,NA,NA,NA,NA
3.1,DAD total score at 18 months,SMD,TRUE,FALSE,NA,TRUE,,0,NA,NA,NA,NA,NA
3.1,DAD total score at 18 months,SMD,TRUE,FALSE,5,FALSE,,0,NA,NA,NA,NA,NA
3.1,DAD total score at 18 months,SMD,TRUE,FALSE,5,TRUE,,0,NA,NA,NA,NA,NA
3.1,DAD total score at 18 months,SMD,TRUE,FALSE,10,FALSE,,0,NA,NA,NA,NA,NA
3.1,DAD total score at 18 months,SMD,TRUE,FALSE,10,TRUE,,0,NA,NA,NA,NA,NA
3.1,DAD total score at 18 months,SMD,TRUE,FALSE,20,FALSE,,0,NA,NA,NA,NA,NA
3.1,DAD total score at 18 months,SMD,TRUE,FALSE,20,TRUE,,0,NA,NA,NA,NA,NA
3.1,DAD total score at 18 months,SMD,TRUE,FALSE,30,FALSE,,0,NA,NA,NA,NA,NA
3.1,DAD total score at 18 months,SMD,TRUE,FALSE,30,TRUE,,0,NA,NA,NA,NA,NA
3.1,DAD total score at 18 months,SMD,TRUE,TRUE,NA,FALSE,,0,NA,NA,NA,NA,NA
3.1,DAD total score at 18 months,SMD,TRUE,TRUE,NA,TRUE,,0,NA,NA,NA,NA,NA
3.1,DAD total score at 18 months,SMD,TRUE,TRUE,5,FALSE,,0,NA,NA,NA,NA,NA
3.1,DAD total score at 18 months,SMD,TRUE,TRUE,5,TRUE,,0,NA,NA,NA,NA,NA
3.1,DAD total score at 18 months,SMD,TRUE,TRUE,10,FALSE,,0,NA,NA,NA,NA,NA
3.1,DAD total score at 18 months,SMD,TRUE,TRUE,10,TRUE,,0,NA,NA,NA,NA,NA
3.1,DAD total score at 18 months,SMD,TRUE,TRUE,20,FALSE,,0,NA,NA,NA,NA,NA
3.1,DAD total score at 18 months,SMD,TRUE,TRUE,20,TRUE,,0,NA,NA,NA,NA,NA
3.1,DAD total score at 18 months,SMD,TRUE,TRUE,30,FALSE,,0,NA,NA,NA,NA,NA
3.1,DAD total score at 18 months,SMD,TRUE,TRUE,30,TRUE,,0,NA,NA,NA,NA,NA
3.2,ADCS-ADL score at 18 months,SMD,FALSE,FALSE,NA,FALSE,CREAD 2 2022; EXPEDITION - EXPEDITION 2 2016; EXPEDITION 3 2018,3,0.0917883181257133,0.026397093158122553,0.15717954309330404,0.02633697419299466,0
3.2,ADCS-ADL score at 18 months,SMD,FALSE,FALSE,NA,TRUE,,0,NA,NA,NA,NA,NA
3.2,ADCS-ADL score at 18 months,SMD,FALSE,FALSE,5,FALSE,,0,NA,NA,NA,NA,NA
3.2,ADCS-ADL score at 18 months,SMD,FALSE,FALSE,5,TRUE,,0,NA,NA,NA,NA,NA
3.2,ADCS-ADL score at 18 months,SMD,FALSE,FALSE,10,FALSE,,0,NA,NA,NA,NA,NA
3.2,ADCS-ADL score at 18 months,SMD,FALSE,FALSE,10,TRUE,,0,NA,NA,NA,NA,NA
3.2,ADCS-ADL score at 18 months,SMD,FALSE,FALSE,20,FALSE,,0,NA,NA,NA,NA,NA
3.2,ADCS-ADL score at 18 months,SMD,FALSE,FALSE,20,TRUE,,0,NA,NA,NA,NA,NA
3.2,ADCS-ADL score at 18 months,SMD,FALSE,FALSE,30,FALSE,,0,NA,NA,NA,NA,NA
3.2,ADCS-ADL score at 18 months,SMD,FALSE,FALSE,30,TRUE,,0,NA,NA,NA,NA,NA
3.2,ADCS-ADL score at 18 months,SMD,FALSE,TRUE,NA,FALSE,,0,NA,NA,NA,NA,NA
3.2,ADCS-ADL score at 18 months,SMD,FALSE,TRUE,NA,TRUE,,0,NA,NA,NA,NA,NA
3.2,ADCS-ADL score at 18 months,SMD,FALSE,TRUE,5,FALSE,,0,NA,NA,NA,NA,NA
3.2,ADCS-ADL score at 18 months,SMD,FALSE,TRUE,5,TRUE,,0,NA,NA,NA,NA,NA
3.2,ADCS-ADL score at 18 months,SMD,FALSE,TRUE,10,FALSE,,0,NA,NA,NA,NA,NA
3.2,ADCS-ADL score at 18 months,SMD,FALSE,TRUE,10,TRUE,,0,NA,NA,NA,NA,NA
3.2,ADCS-ADL score at 18 months,SMD,FALSE,TRUE,20,FALSE,,0,NA,NA,NA,NA,NA
3.2,ADCS-ADL score at 18 months,SMD,FALSE,TRUE,20,TRUE,,0,NA,NA,NA,NA,NA
3.2,ADCS-ADL score at 18 months,SMD,FALSE,TRUE,30,FALSE,,0,NA,NA,NA,NA,NA
3.2,ADCS-ADL score at 18 months,SMD,FALSE,TRUE,30,TRUE,,0,NA,NA,NA,NA,NA
3.2,ADCS-ADL score at 18 months,SMD,TRUE,FALSE,NA,FALSE,CREAD 2 2022; EXPEDITION 3 2018,2,0.0881628486678606,0.0036867221405955802,0.1726389751951256,0.040805482704141485,0
3.2,ADCS-ADL score at 18 months,SMD,TRUE,FALSE,NA,TRUE,,0,NA,NA,NA,NA,NA
3.2,ADCS-ADL score at 18 months,SMD,TRUE,FALSE,5,FALSE,,0,NA,NA,NA,NA,NA
3.2,ADCS-ADL score at 18 months,SMD,TRUE,FALSE,5,TRUE,,0,NA,NA,NA,NA,NA
3.2,ADCS-ADL score at 18 months,SMD,TRUE,FALSE,10,FALSE,,0,NA,NA,NA,NA,NA
3.2,ADCS-ADL score at 18 months,SMD,TRUE,FALSE,10,TRUE,,0,NA,NA,NA,NA,NA
3.2,ADCS-ADL score at 18 months,SMD,TRUE,FALSE,20,FALSE,,0,NA,NA,NA,NA,NA
3.2,ADCS-ADL score at 18 months,SMD,TRUE,FALSE,20,TRUE,,0,NA,NA,NA,NA,NA
3.2,ADCS-ADL score at 18 months,SMD,TRUE,FALSE,30,FALSE,,0,NA,NA,NA,NA,NA
3.2,ADCS-ADL score at 18 months,SMD,TRUE,FALSE,30,TRUE,,0,NA,NA,NA,NA,NA
3.2,ADCS-ADL score at 18 months,SMD,TRUE,TRUE,NA,FALSE,,0,NA,NA,NA,NA,NA
3.2,ADCS-ADL score at 18 months,SMD,TRUE,TRUE,NA,TRUE,,0,NA,NA,NA,NA,NA
3.2,ADCS-ADL score at 18 months,SMD,TRUE,TRUE,5,FALSE,,0,NA,NA,NA,NA,NA
3.2,ADCS-ADL score at 18 months,SMD,TRUE,TRUE,5,TRUE,,0,NA,NA,NA,NA,NA
3.2,ADCS-ADL score at 18 months,SMD,TRUE,TRUE,10,FALSE,,0,NA,NA,NA,NA,NA
3.2,ADCS-ADL score at 18 months,SMD,TRUE,TRUE,10,TRUE,,0,NA,NA,NA,NA,NA
3.2,ADCS-ADL score at 18 months,SMD,TRUE,TRUE,20,FALSE,,0,NA,NA,NA,NA,NA
3.2,ADCS-ADL score at 18 months,SMD,TRUE,TRUE,20,TRUE,,0,NA,NA,NA,NA,NA
3.2,ADCS-ADL score at 18 months,SMD,TRUE,TRUE,30,FALSE,,0,NA,NA,NA,NA,NA
3.2,ADCS-ADL score at 18 months,SMD,TRUE,TRUE,30,TRUE,,0,NA,NA,NA,NA,NA
3.3,ADCS-ADL score at 24 months,SMD,FALSE,FALSE,NA,FALSE,Marguerite RoAD 2024; CREAD 2022,2,0.08682091859005583,-0.5172299831097308,0.6908718202898424,0.7781675439764495,0.13469954542799994
3.3,ADCS-ADL score at 24 months,SMD,FALSE,FALSE,NA,TRUE,CREAD 2022,1,-0.162711,-0.45704224000000004,0.13162024000000005,0.2785780178366547,0
3.3,ADCS-ADL score at 24 months,SMD,FALSE,FALSE,5,FALSE,,0,NA,NA,NA,NA,NA
3.3,ADCS-ADL score at 24 months,SMD,FALSE,FALSE,5,TRUE,,0,NA,NA,NA,NA,NA
3.3,ADCS-ADL score at 24 months,SMD,FALSE,FALSE,10,FALSE,,0,NA,NA,NA,NA,NA
3.3,ADCS-ADL score at 24 months,SMD,FALSE,FALSE,10,TRUE,,0,NA,NA,NA,NA,NA
3.3,ADCS-ADL score at 24 months,SMD,FALSE,FALSE,20,FALSE,,0,NA,NA,NA,NA,NA
3.3,ADCS-ADL score at 24 months,SMD,FALSE,FALSE,20,TRUE,,0,NA,NA,NA,NA,NA
3.3,ADCS-ADL score at 24 months,SMD,FALSE,FALSE,30,FALSE,,0,NA,NA,NA,NA,NA
3.3,ADCS-ADL score at 24 months,SMD,FALSE,FALSE,30,TRUE,,0,NA,NA,NA,NA,NA
3.3,ADCS-ADL score at 24 months,SMD,FALSE,TRUE,NA,FALSE,,0,NA,NA,NA,NA,NA
3.3,ADCS-ADL score at 24 months,SMD,FALSE,TRUE,NA,TRUE,,0,NA,NA,NA,NA,NA
3.3,ADCS-ADL score at 24 months,SMD,FALSE,TRUE,5,FALSE,,0,NA,NA,NA,NA,NA
3.3,ADCS-ADL score at 24 months,SMD,FALSE,TRUE,5,TRUE,,0,NA,NA,NA,NA,NA
3.3,ADCS-ADL score at 24 months,SMD,FALSE,TRUE,10,FALSE,,0,NA,NA,NA,NA,NA
3.3,ADCS-ADL score at 24 months,SMD,FALSE,TRUE,10,TRUE,,0,NA,NA,NA,NA,NA
3.3,ADCS-ADL score at 24 months,SMD,FALSE,TRUE,20,FALSE,,0,NA,NA,NA,NA,NA
3.3,ADCS-ADL score at 24 months,SMD,FALSE,TRUE,20,TRUE,,0,NA,NA,NA,NA,NA
3.3,ADCS-ADL score at 24 months,SMD,FALSE,TRUE,30,FALSE,,0,NA,NA,NA,NA,NA
3.3,ADCS-ADL score at 24 months,SMD,FALSE,TRUE,30,TRUE,,0,NA,NA,NA,NA,NA
3.3,ADCS-ADL score at 24 months,SMD,TRUE,FALSE,NA,FALSE,Marguerite RoAD 2024; CREAD 2022,2,0.08682091859005583,-0.5172299831097308,0.6908718202898424,0.7781675439764495,0.13469954542799994
3.3,ADCS-ADL score at 24 months,SMD,TRUE,FALSE,NA,TRUE,CREAD 2022,1,-0.162711,-0.45704224000000004,0.13162024000000005,0.2785780178366547,0
3.3,ADCS-ADL score at 24 months,SMD,TRUE,FALSE,5,FALSE,,0,NA,NA,NA,NA,NA
3.3,ADCS-ADL score at 24 months,SMD,TRUE,FALSE,5,TRUE,,0,NA,NA,NA,NA,NA
3.3,ADCS-ADL score at 24 months,SMD,TRUE,FALSE,10,FALSE,,0,NA,NA,NA,NA,NA
3.3,ADCS-ADL score at 24 months,SMD,TRUE,FALSE,10,TRUE,,0,NA,NA,NA,NA,NA
3.3,ADCS-ADL score at 24 months,SMD,TRUE,FALSE,20,FALSE,,0,NA,NA,NA,NA,NA
3.3,ADCS-ADL score at 24 months,SMD,TRUE,FALSE,20,TRUE,,0,NA,NA,NA,NA,NA
3.3,ADCS-ADL score at 24 months,SMD,TRUE,FALSE,30,FALSE,,0,NA,NA,NA,NA,NA
3.3,ADCS-ADL score at 24 months,SMD,TRUE,FALSE,30,TRUE,,0,NA,NA,NA,NA,NA
3.3,ADCS-ADL score at 24 months,SMD,TRUE,TRUE,NA,FALSE,,0,NA,NA,NA,NA,NA
3.3,ADCS-ADL score at 24 months,SMD,TRUE,TRUE,NA,TRUE,,0,NA,NA,NA,NA,NA
3.3,ADCS-ADL score at 24 months,SMD,TRUE,TRUE,5,FALSE,,0,NA,NA,NA,NA,NA
3.3,ADCS-ADL score at 24 months,SMD,TRUE,TRUE,5,TRUE,,0,NA,NA,NA,NA,NA
3.3,ADCS-ADL score at 24 months,SMD,TRUE,TRUE,10,FALSE,,0,NA,NA,NA,NA,NA
3.3,ADCS-ADL score at 24 months,SMD,TRUE,TRUE,10,TRUE,,0,NA,NA,NA,NA,NA
3.3,ADCS-ADL score at 24 months,SMD,TRUE,TRUE,20,FALSE,,0,NA,NA,NA,NA,NA
3.3,ADCS-ADL score at 24 months,SMD,TRUE,TRUE,20,TRUE,,0,NA,NA,NA,NA,NA
3.3,ADCS-ADL score at 24 months,SMD,TRUE,TRUE,30,FALSE,,0,NA,NA,NA,NA,NA
3.3,ADCS-ADL score at 24 months,SMD,TRUE,TRUE,30,TRUE,,0,NA,NA,NA,NA,NA
3.4,ADCS-ADL score above 24 months,SMD,FALSE,FALSE,NA,FALSE,GRADUATE I 2023; GRADUATE II 2023,2,0.06945122787161243,-0.0188582793976029,0.15776073514082775,0.12321497239665605,0
3.4,ADCS-ADL score above 24 months,SMD,FALSE,FALSE,NA,TRUE,GRADUATE I 2023; GRADUATE II 2023,2,0.06945122787161243,-0.0188582793976029,0.15776073514082775,0.12321497239665605,0
3.4,ADCS-ADL score above 24 months,SMD,FALSE,FALSE,5,FALSE,GRADUATE I 2023; GRADUATE II 2023,2,0.06945122787161243,-0.0188582793976029,0.15776073514082775,0.12321497239665605,0
3.4,ADCS-ADL score above 24 months,SMD,FALSE,FALSE,5,TRUE,GRADUATE I 2023; GRADUATE II 2023,2,0.06945122787161243,-0.0188582793976029,0.15776073514082775,0.12321497239665605,0
3.4,ADCS-ADL score above 24 months,SMD,FALSE,FALSE,10,FALSE,GRADUATE I 2023; GRADUATE II 2023,2,0.06945122787161243,-0.0188582793976029,0.15776073514082775,0.12321497239665605,0
3.4,ADCS-ADL score above 24 months,SMD,FALSE,FALSE,10,TRUE,GRADUATE I 2023; GRADUATE II 2023,2,0.06945122787161243,-0.0188582793976029,0.15776073514082775,0.12321497239665605,0
3.4,ADCS-ADL score above 24 months,SMD,FALSE,FALSE,20,FALSE,GRADUATE I 2023; GRADUATE II 2023,2,0.06945122787161243,-0.0188582793976029,0.15776073514082775,0.12321497239665605,0
3.4,ADCS-ADL score above 24 months,SMD,FALSE,FALSE,20,TRUE,GRADUATE I 2023; GRADUATE II 2023,2,0.06945122787161243,-0.0188582793976029,0.15776073514082775,0.12321497239665605,0
3.4,ADCS-ADL score above 24 months,SMD,FALSE,FALSE,30,FALSE,GRADUATE I 2023; GRADUATE II 2023,2,0.06945122787161243,-0.0188582793976029,0.15776073514082775,0.12321497239665605,0
3.4,ADCS-ADL score above 24 months,SMD,FALSE,FALSE,30,TRUE,GRADUATE I 2023; GRADUATE II 2023,2,0.06945122787161243,-0.0188582793976029,0.15776073514082775,0.12321497239665605,0
3.4,ADCS-ADL score above 24 months,SMD,FALSE,TRUE,NA,FALSE,,0,NA,NA,NA,NA,NA
3.4,ADCS-ADL score above 24 months,SMD,FALSE,TRUE,NA,TRUE,,0,NA,NA,NA,NA,NA
3.4,ADCS-ADL score above 24 months,SMD,FALSE,TRUE,5,FALSE,,0,NA,NA,NA,NA,NA
3.4,ADCS-ADL score above 24 months,SMD,FALSE,TRUE,5,TRUE,,0,NA,NA,NA,NA,NA
3.4,ADCS-ADL score above 24 months,SMD,FALSE,TRUE,10,FALSE,,0,NA,NA,NA,NA,NA
3.4,ADCS-ADL score above 24 months,SMD,FALSE,TRUE,10,TRUE,,0,NA,NA,NA,NA,NA
3.4,ADCS-ADL score above 24 months,SMD,FALSE,TRUE,20,FALSE,,0,NA,NA,NA,NA,NA
3.4,ADCS-ADL score above 24 months,SMD,FALSE,TRUE,20,TRUE,,0,NA,NA,NA,NA,NA
3.4,ADCS-ADL score above 24 months,SMD,FALSE,TRUE,30,FALSE,,0,NA,NA,NA,NA,NA
3.4,ADCS-ADL score above 24 months,SMD,FALSE,TRUE,30,TRUE,,0,NA,NA,NA,NA,NA
3.4,ADCS-ADL score above 24 months,SMD,TRUE,FALSE,NA,FALSE,GRADUATE I 2023; GRADUATE II 2023,2,0.06945122787161243,-0.0188582793976029,0.15776073514082775,0.12321497239665605,0
3.4,ADCS-ADL score above 24 months,SMD,TRUE,FALSE,NA,TRUE,GRADUATE I 2023; GRADUATE II 2023,2,0.06945122787161243,-0.0188582793976029,0.15776073514082775,0.12321497239665605,0
3.4,ADCS-ADL score above 24 months,SMD,TRUE,FALSE,5,FALSE,GRADUATE I 2023; GRADUATE II 2023,2,0.06945122787161243,-0.0188582793976029,0.15776073514082775,0.12321497239665605,0
3.4,ADCS-ADL score above 24 months,SMD,TRUE,FALSE,5,TRUE,GRADUATE I 2023; GRADUATE II 2023,2,0.06945122787161243,-0.0188582793976029,0.15776073514082775,0.12321497239665605,0
3.4,ADCS-ADL score above 24 months,SMD,TRUE,FALSE,10,FALSE,GRADUATE I 2023; GRADUATE II 2023,2,0.06945122787161243,-0.0188582793976029,0.15776073514082775,0.12321497239665605,0
3.4,ADCS-ADL score above 24 months,SMD,TRUE,FALSE,10,TRUE,GRADUATE I 2023; GRADUATE II 2023,2,0.06945122787161243,-0.0188582793976029,0.15776073514082775,0.12321497239665605,0
3.4,ADCS-ADL score above 24 months,SMD,TRUE,FALSE,20,FALSE,GRADUATE I 2023; GRADUATE II 2023,2,0.06945122787161243,-0.0188582793976029,0.15776073514082775,0.12321497239665605,0
3.4,ADCS-ADL score above 24 months,SMD,TRUE,FALSE,20,TRUE,GRADUATE I 2023; GRADUATE II 2023,2,0.06945122787161243,-0.0188582793976029,0.15776073514082775,0.12321497239665605,0
3.4,ADCS-ADL score above 24 months,SMD,TRUE,FALSE,30,FALSE,GRADUATE I 2023; GRADUATE II 2023,2,0.06945122787161243,-0.0188582793976029,0.15776073514082775,0.12321497239665605,0
3.4,ADCS-ADL score above 24 months,SMD,TRUE,FALSE,30,TRUE,GRADUATE I 2023; GRADUATE II 2023,2,0.06945122787161243,-0.0188582793976029,0.15776073514082775,0.12321497239665605,0
3.4,ADCS-ADL score above 24 months,SMD,TRUE,TRUE,NA,FALSE,,0,NA,NA,NA,NA,NA
3.4,ADCS-ADL score above 24 months,SMD,TRUE,TRUE,NA,TRUE,,0,NA,NA,NA,NA,NA
3.4,ADCS-ADL score above 24 months,SMD,TRUE,TRUE,5,FALSE,,0,NA,NA,NA,NA,NA
3.4,ADCS-ADL score above 24 months,SMD,TRUE,TRUE,5,TRUE,,0,NA,NA,NA,NA,NA
3.4,ADCS-ADL score above 24 months,SMD,TRUE,TRUE,10,FALSE,,0,NA,NA,NA,NA,NA
3.4,ADCS-ADL score above 24 months,SMD,TRUE,TRUE,10,TRUE,,0,NA,NA,NA,NA,NA
3.4,ADCS-ADL score above 24 months,SMD,TRUE,TRUE,20,FALSE,,0,NA,NA,NA,NA,NA
3.4,ADCS-ADL score above 24 months,SMD,TRUE,TRUE,20,TRUE,,0,NA,NA,NA,NA,NA
3.4,ADCS-ADL score above 24 months,SMD,TRUE,TRUE,30,FALSE,,0,NA,NA,NA,NA,NA
3.4,ADCS-ADL score above 24 months,SMD,TRUE,TRUE,30,TRUE,,0,NA,NA,NA,NA,NA
3.5,ADCS-ADL-MCI score at 18 months,SMD,FALSE,FALSE,NA,FALSE,EMERGE 2022; ENGAGE 2022; ENVISION; CLARITY AD 2023,4,0.2253197481892245,0.11570585032937554,0.3349336460490735,0.007261190132686397,0
3.5,ADCS-ADL-MCI score at 18 months,SMD,FALSE,FALSE,NA,TRUE,EMERGE 2022; ENGAGE 2022; CLARITY AD 2023,3,0.22435250529174805,0.052319679038030587,0.3963853315454655,0.030323347797596233,2.346847165025513e-6
3.5,ADCS-ADL-MCI score at 18 months,SMD,FALSE,FALSE,5,FALSE,EMERGE 2022; ENGAGE 2022; CLARITY AD 2023,3,0.22435250529174805,0.052319679038030587,0.3963853315454655,0.030323347797596233,2.346847165025513e-6
3.5,ADCS-ADL-MCI score at 18 months,SMD,FALSE,FALSE,5,TRUE,EMERGE 2022; ENGAGE 2022; CLARITY AD 2023,3,0.22435250529174805,0.052319679038030587,0.3963853315454655,0.030323347797596233,2.346847165025513e-6
3.5,ADCS-ADL-MCI score at 18 months,SMD,FALSE,FALSE,10,FALSE,EMERGE 2022; ENGAGE 2022; CLARITY AD 2023,3,0.22435250529174805,0.052319679038030587,0.3963853315454655,0.030323347797596233,2.346847165025513e-6
3.5,ADCS-ADL-MCI score at 18 months,SMD,FALSE,FALSE,10,TRUE,EMERGE 2022; ENGAGE 2022; CLARITY AD 2023,3,0.22435250529174805,0.052319679038030587,0.3963853315454655,0.030323347797596233,2.346847165025513e-6
3.5,ADCS-ADL-MCI score at 18 months,SMD,FALSE,FALSE,20,FALSE,EMERGE 2022; ENGAGE 2022; CLARITY AD 2023,3,0.22435250529174805,0.052319679038030587,0.3963853315454655,0.030323347797596233,2.346847165025513e-6
3.5,ADCS-ADL-MCI score at 18 months,SMD,FALSE,FALSE,20,TRUE,EMERGE 2022; ENGAGE 2022; CLARITY AD 2023,3,0.22435250529174805,0.052319679038030587,0.3963853315454655,0.030323347797596233,2.346847165025513e-6
3.5,ADCS-ADL-MCI score at 18 months,SMD,FALSE,FALSE,30,FALSE,EMERGE 2022; ENGAGE 2022; CLARITY AD 2023,3,0.22435250529174805,0.052319679038030587,0.3963853315454655,0.030323347797596233,2.346847165025513e-6
3.5,ADCS-ADL-MCI score at 18 months,SMD,FALSE,FALSE,30,TRUE,EMERGE 2022; ENGAGE 2022; CLARITY AD 2023,3,0.22435250529174805,0.052319679038030587,0.3963853315454655,0.030323347797596233,2.346847165025513e-6
3.5,ADCS-ADL-MCI score at 18 months,SMD,FALSE,TRUE,NA,FALSE,EMERGE 2022; ENGAGE 2022; ENVISION; CLARITY AD 2023,4,0.2253197481892245,0.11570585032937554,0.3349336460490735,0.007261190132686397,0
3.5,ADCS-ADL-MCI score at 18 months,SMD,FALSE,TRUE,NA,TRUE,EMERGE 2022; ENGAGE 2022; CLARITY AD 2023,3,0.22435250529174805,0.052319679038030587,0.3963853315454655,0.030323347797596233,2.346847165025513e-6
3.5,ADCS-ADL-MCI score at 18 months,SMD,FALSE,TRUE,5,FALSE,EMERGE 2022; ENGAGE 2022; CLARITY AD 2023,3,0.22435250529174805,0.052319679038030587,0.3963853315454655,0.030323347797596233,2.346847165025513e-6
3.5,ADCS-ADL-MCI score at 18 months,SMD,FALSE,TRUE,5,TRUE,EMERGE 2022; ENGAGE 2022; CLARITY AD 2023,3,0.22435250529174805,0.052319679038030587,0.3963853315454655,0.030323347797596233,2.346847165025513e-6
3.5,ADCS-ADL-MCI score at 18 months,SMD,FALSE,TRUE,10,FALSE,EMERGE 2022; ENGAGE 2022; CLARITY AD 2023,3,0.22435250529174805,0.052319679038030587,0.3963853315454655,0.030323347797596233,2.346847165025513e-6
3.5,ADCS-ADL-MCI score at 18 months,SMD,FALSE,TRUE,10,TRUE,EMERGE 2022; ENGAGE 2022; CLARITY AD 2023,3,0.22435250529174805,0.052319679038030587,0.3963853315454655,0.030323347797596233,2.346847165025513e-6
3.5,ADCS-ADL-MCI score at 18 months,SMD,FALSE,TRUE,20,FALSE,EMERGE 2022; ENGAGE 2022; CLARITY AD 2023,3,0.22435250529174805,0.052319679038030587,0.3963853315454655,0.030323347797596233,2.346847165025513e-6
3.5,ADCS-ADL-MCI score at 18 months,SMD,FALSE,TRUE,20,TRUE,EMERGE 2022; ENGAGE 2022; CLARITY AD 2023,3,0.22435250529174805,0.052319679038030587,0.3963853315454655,0.030323347797596233,2.346847165025513e-6
3.5,ADCS-ADL-MCI score at 18 months,SMD,FALSE,TRUE,30,FALSE,EMERGE 2022; ENGAGE 2022; CLARITY AD 2023,3,0.22435250529174805,0.052319679038030587,0.3963853315454655,0.030323347797596233,2.346847165025513e-6
3.5,ADCS-ADL-MCI score at 18 months,SMD,FALSE,TRUE,30,TRUE,EMERGE 2022; ENGAGE 2022; CLARITY AD 2023,3,0.22435250529174805,0.052319679038030587,0.3963853315454655,0.030323347797596233,2.346847165025513e-6
3.5,ADCS-ADL-MCI score at 18 months,SMD,TRUE,FALSE,NA,FALSE,EMERGE 2022; ENGAGE 2022; ENVISION; CLARITY AD 2023,4,0.2253197481892245,0.11570585032937554,0.3349336460490735,0.007261190132686397,0
3.5,ADCS-ADL-MCI score at 18 months,SMD,TRUE,FALSE,NA,TRUE,EMERGE 2022; ENGAGE 2022; CLARITY AD 2023,3,0.22435250529174805,0.052319679038030587,0.3963853315454655,0.030323347797596233,2.346847165025513e-6
3.5,ADCS-ADL-MCI score at 18 months,SMD,TRUE,FALSE,5,FALSE,EMERGE 2022; ENGAGE 2022; CLARITY AD 2023,3,0.22435250529174805,0.052319679038030587,0.3963853315454655,0.030323347797596233,2.346847165025513e-6
3.5,ADCS-ADL-MCI score at 18 months,SMD,TRUE,FALSE,5,TRUE,EMERGE 2022; ENGAGE 2022; CLARITY AD 2023,3,0.22435250529174805,0.052319679038030587,0.3963853315454655,0.030323347797596233,2.346847165025513e-6
3.5,ADCS-ADL-MCI score at 18 months,SMD,TRUE,FALSE,10,FALSE,EMERGE 2022; ENGAGE 2022; CLARITY AD 2023,3,0.22435250529174805,0.052319679038030587,0.3963853315454655,0.030323347797596233,2.346847165025513e-6
3.5,ADCS-ADL-MCI score at 18 months,SMD,TRUE,FALSE,10,TRUE,EMERGE 2022; ENGAGE 2022; CLARITY AD 2023,3,0.22435250529174805,0.052319679038030587,0.3963853315454655,0.030323347797596233,2.346847165025513e-6
3.5,ADCS-ADL-MCI score at 18 months,SMD,TRUE,FALSE,20,FALSE,EMERGE 2022; ENGAGE 2022; CLARITY AD 2023,3,0.22435250529174805,0.052319679038030587,0.3963853315454655,0.030323347797596233,2.346847165025513e-6
3.5,ADCS-ADL-MCI score at 18 months,SMD,TRUE,FALSE,20,TRUE,EMERGE 2022; ENGAGE 2022; CLARITY AD 2023,3,0.22435250529174805,0.052319679038030587,0.3963853315454655,0.030323347797596233,2.346847165025513e-6
3.5,ADCS-ADL-MCI score at 18 months,SMD,TRUE,FALSE,30,FALSE,EMERGE 2022; ENGAGE 2022; CLARITY AD 2023,3,0.22435250529174805,0.052319679038030587,0.3963853315454655,0.030323347797596233,2.346847165025513e-6
3.5,ADCS-ADL-MCI score at 18 months,SMD,TRUE,FALSE,30,TRUE,EMERGE 2022; ENGAGE 2022; CLARITY AD 2023,3,0.22435250529174805,0.052319679038030587,0.3963853315454655,0.030323347797596233,2.346847165025513e-6
3.5,ADCS-ADL-MCI score at 18 months,SMD,TRUE,TRUE,NA,FALSE,EMERGE 2022; ENGAGE 2022; ENVISION; CLARITY AD 2023,4,0.2253197481892245,0.11570585032937554,0.3349336460490735,0.007261190132686397,0
3.5,ADCS-ADL-MCI score at 18 months,SMD,TRUE,TRUE,NA,TRUE,EMERGE 2022; ENGAGE 2022; CLARITY AD 2023,3,0.22435250529174805,0.052319679038030587,0.3963853315454655,0.030323347797596233,2.346847165025513e-6
3.5,ADCS-ADL-MCI score at 18 months,SMD,TRUE,TRUE,5,FALSE,EMERGE 2022; ENGAGE 2022; CLARITY AD 2023,3,0.22435250529174805,0.052319679038030587,0.3963853315454655,0.030323347797596233,2.346847165025513e-6
3.5,ADCS-ADL-MCI score at 18 months,SMD,TRUE,TRUE,5,TRUE,EMERGE 2022; ENGAGE 2022; CLARITY AD 2023,3,0.22435250529174805,0.052319679038030587,0.3963853315454655,0.030323347797596233,2.346847165025513e-6
3.5,ADCS-ADL-MCI score at 18 months,SMD,TRUE,TRUE,10,FALSE,EMERGE 2022; ENGAGE 2022; CLARITY AD 2023,3,0.22435250529174805,0.052319679038030587,0.3963853315454655,0.030323347797596233,2.346847165025513e-6
3.5,ADCS-ADL-MCI score at 18 months,SMD,TRUE,TRUE,10,TRUE,EMERGE 2022; ENGAGE 2022; CLARITY AD 2023,3,0.22435250529174805,0.052319679038030587,0.3963853315454655,0.030323347797596233,2.346847165025513e-6
3.5,ADCS-ADL-MCI score at 18 months,SMD,TRUE,TRUE,20,FALSE,EMERGE 2022; ENGAGE 2022; CLARITY AD 2023,3,0.22435250529174805,0.052319679038030587,0.3963853315454655,0.030323347797596233,2.346847165025513e-6
3.5,ADCS-ADL-MCI score at 18 months,SMD,TRUE,TRUE,20,TRUE,EMERGE 2022; ENGAGE 2022; CLARITY AD 2023,3,0.22435250529174805,0.052319679038030587,0.3963853315454655,0.030323347797596233,2.346847165025513e-6
3.5,ADCS-ADL-MCI score at 18 months,SMD,TRUE,TRUE,30,FALSE,EMERGE 2022; ENGAGE 2022; CLARITY AD 2023,3,0.22435250529174805,0.052319679038030587,0.3963853315454655,0.030323347797596233,2.346847165025513e-6
3.5,ADCS-ADL-MCI score at 18 months,SMD,TRUE,TRUE,30,TRUE,EMERGE 2022; ENGAGE 2022; CLARITY AD 2023,3,0.22435250529174805,0.052319679038030587,0.3963853315454655,0.030323347797596233,2.346847165025513e-6
3.6,ADCS-iADL score at 18 months,SMD,FALSE,FALSE,NA,FALSE,TRAILBLAZER-ALZ 2 2023,1,0.2086615152924401,0.09740065856926179,0.3199223720156184,2.3707256248493594e-4,0
3.6,ADCS-iADL score at 18 months,SMD,FALSE,FALSE,NA,TRUE,TRAILBLAZER-ALZ 2 2023,1,0.2086615152924401,0.09740065856926179,0.3199223720156184,2.3707256248493594e-4,0
3.6,ADCS-iADL score at 18 months,SMD,FALSE,FALSE,5,FALSE,TRAILBLAZER-ALZ 2 2023,1,0.2086615152924401,0.09740065856926179,0.3199223720156184,2.3707256248493594e-4,0
3.6,ADCS-iADL score at 18 months,SMD,FALSE,FALSE,5,TRUE,TRAILBLAZER-ALZ 2 2023,1,0.2086615152924401,0.09740065856926179,0.3199223720156184,2.3707256248493594e-4,0
3.6,ADCS-iADL score at 18 months,SMD,FALSE,FALSE,10,FALSE,TRAILBLAZER-ALZ 2 2023,1,0.2086615152924401,0.09740065856926179,0.3199223720156184,2.3707256248493594e-4,0
3.6,ADCS-iADL score at 18 months,SMD,FALSE,FALSE,10,TRUE,TRAILBLAZER-ALZ 2 2023,1,0.2086615152924401,0.09740065856926179,0.3199223720156184,2.3707256248493594e-4,0
3.6,ADCS-iADL score at 18 months,SMD,FALSE,FALSE,20,FALSE,TRAILBLAZER-ALZ 2 2023,1,0.2086615152924401,0.09740065856926179,0.3199223720156184,2.3707256248493594e-4,0
3.6,ADCS-iADL score at 18 months,SMD,FALSE,FALSE,20,TRUE,TRAILBLAZER-ALZ 2 2023,1,0.2086615152924401,0.09740065856926179,0.3199223720156184,2.3707256248493594e-4,0
3.6,ADCS-iADL score at 18 months,SMD,FALSE,FALSE,30,FALSE,TRAILBLAZER-ALZ 2 2023,1,0.2086615152924401,0.09740065856926179,0.3199223720156184,2.3707256248493594e-4,0
3.6,ADCS-iADL score at 18 months,SMD,FALSE,FALSE,30,TRUE,TRAILBLAZER-ALZ 2 2023,1,0.2086615152924401,0.09740065856926179,0.3199223720156184,2.3707256248493594e-4,0
3.6,ADCS-iADL score at 18 months,SMD,FALSE,TRUE,NA,FALSE,TRAILBLAZER-ALZ 2 2023,1,0.2086615152924401,0.09740065856926179,0.3199223720156184,2.3707256248493594e-4,0
3.6,ADCS-iADL score at 18 months,SMD,FALSE,TRUE,NA,TRUE,TRAILBLAZER-ALZ 2 2023,1,0.2086615152924401,0.09740065856926179,0.3199223720156184,2.3707256248493594e-4,0
3.6,ADCS-iADL score at 18 months,SMD,FALSE,TRUE,5,FALSE,TRAILBLAZER-ALZ 2 2023,1,0.2086615152924401,0.09740065856926179,0.3199223720156184,2.3707256248493594e-4,0
3.6,ADCS-iADL score at 18 months,SMD,FALSE,TRUE,5,TRUE,TRAILBLAZER-ALZ 2 2023,1,0.2086615152924401,0.09740065856926179,0.3199223720156184,2.3707256248493594e-4,0
3.6,ADCS-iADL score at 18 months,SMD,FALSE,TRUE,10,FALSE,TRAILBLAZER-ALZ 2 2023,1,0.2086615152924401,0.09740065856926179,0.3199223720156184,2.3707256248493594e-4,0
3.6,ADCS-iADL score at 18 months,SMD,FALSE,TRUE,10,TRUE,TRAILBLAZER-ALZ 2 2023,1,0.2086615152924401,0.09740065856926179,0.3199223720156184,2.3707256248493594e-4,0
3.6,ADCS-iADL score at 18 months,SMD,FALSE,TRUE,20,FALSE,TRAILBLAZER-ALZ 2 2023,1,0.2086615152924401,0.09740065856926179,0.3199223720156184,2.3707256248493594e-4,0
3.6,ADCS-iADL score at 18 months,SMD,FALSE,TRUE,20,TRUE,TRAILBLAZER-ALZ 2 2023,1,0.2086615152924401,0.09740065856926179,0.3199223720156184,2.3707256248493594e-4,0
3.6,ADCS-iADL score at 18 months,SMD,FALSE,TRUE,30,FALSE,TRAILBLAZER-ALZ 2 2023,1,0.2086615152924401,0.09740065856926179,0.3199223720156184,2.3707256248493594e-4,0
3.6,ADCS-iADL score at 18 months,SMD,FALSE,TRUE,30,TRUE,TRAILBLAZER-ALZ 2 2023,1,0.2086615152924401,0.09740065856926179,0.3199223720156184,2.3707256248493594e-4,0
3.6,ADCS-iADL score at 18 months,SMD,TRUE,FALSE,NA,FALSE,TRAILBLAZER-ALZ 2 2023,1,0.2086615152924401,0.09740065856926179,0.3199223720156184,2.3707256248493594e-4,0
3.6,ADCS-iADL score at 18 months,SMD,TRUE,FALSE,NA,TRUE,TRAILBLAZER-ALZ 2 2023,1,0.2086615152924401,0.09740065856926179,0.3199223720156184,2.3707256248493594e-4,0
3.6,ADCS-iADL score at 18 months,SMD,TRUE,FALSE,5,FALSE,TRAILBLAZER-ALZ 2 2023,1,0.2086615152924401,0.09740065856926179,0.3199223720156184,2.3707256248493594e-4,0
3.6,ADCS-iADL score at 18 months,SMD,TRUE,FALSE,5,TRUE,TRAILBLAZER-ALZ 2 2023,1,0.2086615152924401,0.09740065856926179,0.3199223720156184,2.3707256248493594e-4,0
3.6,ADCS-iADL score at 18 months,SMD,TRUE,FALSE,10,FALSE,TRAILBLAZER-ALZ 2 2023,1,0.2086615152924401,0.09740065856926179,0.3199223720156184,2.3707256248493594e-4,0
3.6,ADCS-iADL score at 18 months,SMD,TRUE,FALSE,10,TRUE,TRAILBLAZER-ALZ 2 2023,1,0.2086615152924401,0.09740065856926179,0.3199223720156184,2.3707256248493594e-4,0
3.6,ADCS-iADL score at 18 months,SMD,TRUE,FALSE,20,FALSE,TRAILBLAZER-ALZ 2 2023,1,0.2086615152924401,0.09740065856926179,0.3199223720156184,2.3707256248493594e-4,0
3.6,ADCS-iADL score at 18 months,SMD,TRUE,FALSE,20,TRUE,TRAILBLAZER-ALZ 2 2023,1,0.2086615152924401,0.09740065856926179,0.3199223720156184,2.3707256248493594e-4,0
3.6,ADCS-iADL score at 18 months,SMD,TRUE,FALSE,30,FALSE,TRAILBLAZER-ALZ 2 2023,1,0.2086615152924401,0.09740065856926179,0.3199223720156184,2.3707256248493594e-4,0
3.6,ADCS-iADL score at 18 months,SMD,TRUE,FALSE,30,TRUE,TRAILBLAZER-ALZ 2 2023,1,0.2086615152924401,0.09740065856926179,0.3199223720156184,2.3707256248493594e-4,0
3.6,ADCS-iADL score at 18 months,SMD,TRUE,TRUE,NA,FALSE,TRAILBLAZER-ALZ 2 2023,1,0.2086615152924401,0.09740065856926179,0.3199223720156184,2.3707256248493594e-4,0
3.6,ADCS-iADL score at 18 months,SMD,TRUE,TRUE,NA,TRUE,TRAILBLAZER-ALZ 2 2023,1,0.2086615152924401,0.09740065856926179,0.3199223720156184,2.3707256248493594e-4,0
3.6,ADCS-iADL score at 18 months,SMD,TRUE,TRUE,5,FALSE,TRAILBLAZER-ALZ 2 2023,1,0.2086615152924401,0.09740065856926179,0.3199223720156184,2.3707256248493594e-4,0
3.6,ADCS-iADL score at 18 months,SMD,TRUE,TRUE,5,TRUE,TRAILBLAZER-ALZ 2 2023,1,0.2086615152924401,0.09740065856926179,0.3199223720156184,2.3707256248493594e-4,0
3.6,ADCS-iADL score at 18 months,SMD,TRUE,TRUE,10,FALSE,TRAILBLAZER-ALZ 2 2023,1,0.2086615152924401,0.09740065856926179,0.3199223720156184,2.3707256248493594e-4,0
3.6,ADCS-iADL score at 18 months,SMD,TRUE,TRUE,10,TRUE,TRAILBLAZER-ALZ 2 2023,1,0.2086615152924401,0.09740065856926179,0.3199223720156184,2.3707256248493594e-4,0
3.6,ADCS-iADL score at 18 months,SMD,TRUE,TRUE,20,FALSE,TRAILBLAZER-ALZ 2 2023,1,0.2086615152924401,0.09740065856926179,0.3199223720156184,2.3707256248493594e-4,0
3.6,ADCS-iADL score at 18 months,SMD,TRUE,TRUE,20,TRUE,TRAILBLAZER-ALZ 2 2023,1,0.2086615152924401,0.09740065856926179,0.3199223720156184,2.3707256248493594e-4,0
3.6,ADCS-iADL score at 18 months,SMD,TRUE,TRUE,30,FALSE,TRAILBLAZER-ALZ 2 2023,1,0.2086615152924401,0.09740065856926179,0.3199223720156184,2.3707256248493594e-4,0
3.6,ADCS-iADL score at 18 months,SMD,TRUE,TRUE,30,TRUE,TRAILBLAZER-ALZ 2 2023,1,0.2086615152924401,0.09740065856926179,0.3199223720156184,2.3707256248493594e-4,0
3.7,ADCS-ADL 24 months mean difference,MD,FALSE,FALSE,NA,FALSE,CREAD 2022; Marguerite RoAD 2024,2,0.6478059440559435,-4.919750116189824,6.215362004301711,0.8196080459316482,11.602949999999998
3.7,ADCS-ADL 24 months mean difference,MD,FALSE,FALSE,NA,TRUE,CREAD 2022,1,-1.88,-5.192400000000001,1.4324000000000008,0.2659550155497046,0
3.7,ADCS-ADL 24 months mean difference,MD,FALSE,FALSE,5,FALSE,,0,NA,NA,NA,NA,NA
3.7,ADCS-ADL 24 months mean difference,MD,FALSE,FALSE,5,TRUE,,0,NA,NA,NA,NA,NA
3.7,ADCS-ADL 24 months mean difference,MD,FALSE,FALSE,10,FALSE,,0,NA,NA,NA,NA,NA
3.7,ADCS-ADL 24 months mean difference,MD,FALSE,FALSE,10,TRUE,,0,NA,NA,NA,NA,NA
3.7,ADCS-ADL 24 months mean difference,MD,FALSE,FALSE,20,FALSE,,0,NA,NA,NA,NA,NA
3.7,ADCS-ADL 24 months mean difference,MD,FALSE,FALSE,20,TRUE,,0,NA,NA,NA,NA,NA
3.7,ADCS-ADL 24 months mean difference,MD,FALSE,FALSE,30,FALSE,,0,NA,NA,NA,NA,NA
3.7,ADCS-ADL 24 months mean difference,MD,FALSE,FALSE,30,TRUE,,0,NA,NA,NA,NA,NA
3.7,ADCS-ADL 24 months mean difference,MD,FALSE,TRUE,NA,FALSE,,0,NA,NA,NA,NA,NA
3.7,ADCS-ADL 24 months mean difference,MD,FALSE,TRUE,NA,TRUE,,0,NA,NA,NA,NA,NA
3.7,ADCS-ADL 24 months mean difference,MD,FALSE,TRUE,5,FALSE,,0,NA,NA,NA,NA,NA
3.7,ADCS-ADL 24 months mean difference,MD,FALSE,TRUE,5,TRUE,,0,NA,NA,NA,NA,NA
3.7,ADCS-ADL 24 months mean difference,MD,FALSE,TRUE,10,FALSE,,0,NA,NA,NA,NA,NA
3.7,ADCS-ADL 24 months mean difference,MD,FALSE,TRUE,10,TRUE,,0,NA,NA,NA,NA,NA
3.7,ADCS-ADL 24 months mean difference,MD,FALSE,TRUE,20,FALSE,,0,NA,NA,NA,NA,NA
3.7,ADCS-ADL 24 months mean difference,MD,FALSE,TRUE,20,TRUE,,0,NA,NA,NA,NA,NA
3.7,ADCS-ADL 24 months mean difference,MD,FALSE,TRUE,30,FALSE,,0,NA,NA,NA,NA,NA
3.7,ADCS-ADL 24 months mean difference,MD,FALSE,TRUE,30,TRUE,,0,NA,NA,NA,NA,NA
3.7,ADCS-ADL 24 months mean difference,MD,TRUE,FALSE,NA,FALSE,CREAD 2022; Marguerite RoAD 2024,2,0.6478059440559435,-4.919750116189824,6.215362004301711,0.8196080459316482,11.602949999999998
3.7,ADCS-ADL 24 months mean difference,MD,TRUE,FALSE,NA,TRUE,CREAD 2022,1,-1.88,-5.192400000000001,1.4324000000000008,0.2659550155497046,0
3.7,ADCS-ADL 24 months mean difference,MD,TRUE,FALSE,5,FALSE,,0,NA,NA,NA,NA,NA
3.7,ADCS-ADL 24 months mean difference,MD,TRUE,FALSE,5,TRUE,,0,NA,NA,NA,NA,NA
3.7,ADCS-ADL 24 months mean difference,MD,TRUE,FALSE,10,FALSE,,0,NA,NA,NA,NA,NA
3.7,ADCS-ADL 24 months mean difference,MD,TRUE,FALSE,10,TRUE,,0,NA,NA,NA,NA,NA
3.7,ADCS-ADL 24 months mean difference,MD,TRUE,FALSE,20,FALSE,,0,NA,NA,NA,NA,NA
3.7,ADCS-ADL 24 months mean difference,MD,TRUE,FALSE,20,TRUE,,0,NA,NA,NA,NA,NA
3.7,ADCS-ADL 24 months mean difference,MD,TRUE,FALSE,30,FALSE,,0,NA,NA,NA,NA,NA
3.7,ADCS-ADL 24 months mean difference,MD,TRUE,FALSE,30,TRUE,,0,NA,NA,NA,NA,NA
3.7,ADCS-ADL 24 months mean difference,MD,TRUE,TRUE,NA,FALSE,,0,NA,NA,NA,NA,NA
3.7,ADCS-ADL 24 months mean difference,MD,TRUE,TRUE,NA,TRUE,,0,NA,NA,NA,NA,NA
3.7,ADCS-ADL 24 months mean difference,MD,TRUE,TRUE,5,FALSE,,0,NA,NA,NA,NA,NA
3.7,ADCS-ADL 24 months mean difference,MD,TRUE,TRUE,5,TRUE,,0,NA,NA,NA,NA,NA
3.7,ADCS-ADL 24 months mean difference,MD,TRUE,TRUE,10,FALSE,,0,NA,NA,NA,NA,NA
3.7,ADCS-ADL 24 months mean difference,MD,TRUE,TRUE,10,TRUE,,0,NA,NA,NA,NA,NA
3.7,ADCS-ADL 24 months mean difference,MD,TRUE,TRUE,20,FALSE,,0,NA,NA,NA,NA,NA
3.7,ADCS-ADL 24 months mean difference,MD,TRUE,TRUE,20,TRUE,,0,NA,NA,NA,NA,NA
3.7,ADCS-ADL 24 months mean difference,MD,TRUE,TRUE,30,FALSE,,0,NA,NA,NA,NA,NA
3.7,ADCS-ADL 24 months mean difference,MD,TRUE,TRUE,30,TRUE,,0,NA,NA,NA,NA,NA
3.8,ADCS-ADL-MCI 18 months mean difference,MD,FALSE,FALSE,NA,FALSE,CLARITY AD 2023; EMERGE 2022; ENGAGE 2022; ENVISION,4,1.8958916024482904,1.4016339013200931,2.3901493035764876,0.0011836244895837183,0
3.8,ADCS-ADL-MCI 18 months mean difference,MD,FALSE,FALSE,NA,TRUE,CLARITY AD 2023; EMERGE 2022; ENGAGE 2022,3,1.8785753908249814,1.3908374060152757,2.366313375634687,0.003621422276681959,0
3.8,ADCS-ADL-MCI 18 months mean difference,MD,FALSE,FALSE,5,FALSE,CLARITY AD 2023; EMERGE 2022; ENGAGE 2022,3,1.8785753908249814,1.3908374060152757,2.366313375634687,0.003621422276681959,0
3.8,ADCS-ADL-MCI 18 months mean difference,MD,FALSE,FALSE,5,TRUE,CLARITY AD 2023; EMERGE 2022; ENGAGE 2022,3,1.8785753908249814,1.3908374060152757,2.366313375634687,0.003621422276681959,0
3.8,ADCS-ADL-MCI 18 months mean difference,MD,FALSE,FALSE,10,FALSE,CLARITY AD 2023; EMERGE 2022; ENGAGE 2022,3,1.8785753908249814,1.3908374060152757,2.366313375634687,0.003621422276681959,0
3.8,ADCS-ADL-MCI 18 months mean difference,MD,FALSE,FALSE,10,TRUE,CLARITY AD 2023; EMERGE 2022; ENGAGE 2022,3,1.8785753908249814,1.3908374060152757,2.366313375634687,0.003621422276681959,0
3.8,ADCS-ADL-MCI 18 months mean difference,MD,FALSE,FALSE,20,FALSE,CLARITY AD 2023; EMERGE 2022; ENGAGE 2022,3,1.8785753908249814,1.3908374060152757,2.366313375634687,0.003621422276681959,0
3.8,ADCS-ADL-MCI 18 months mean difference,MD,FALSE,FALSE,20,TRUE,CLARITY AD 2023; EMERGE 2022; ENGAGE 2022,3,1.8785753908249814,1.3908374060152757,2.366313375634687,0.003621422276681959,0
3.8,ADCS-ADL-MCI 18 months mean difference,MD,FALSE,FALSE,30,FALSE,CLARITY AD 2023; EMERGE 2022; ENGAGE 2022,3,1.8785753908249814,1.3908374060152757,2.366313375634687,0.003621422276681959,0
3.8,ADCS-ADL-MCI 18 months mean difference,MD,FALSE,FALSE,30,TRUE,CLARITY AD 2023; EMERGE 2022; ENGAGE 2022,3,1.8785753908249814,1.3908374060152757,2.366313375634687,0.003621422276681959,0
3.8,ADCS-ADL-MCI 18 months mean difference,MD,FALSE,TRUE,NA,FALSE,CLARITY AD 2023; EMERGE 2022; ENGAGE 2022; ENVISION,4,1.8958916024482904,1.4016339013200931,2.3901493035764876,0.0011836244895837183,0
3.8,ADCS-ADL-MCI 18 months mean difference,MD,FALSE,TRUE,NA,TRUE,CLARITY AD 2023; EMERGE 2022; ENGAGE 2022,3,1.8785753908249814,1.3908374060152757,2.366313375634687,0.003621422276681959,0
3.8,ADCS-ADL-MCI 18 months mean difference,MD,FALSE,TRUE,5,FALSE,CLARITY AD 2023; EMERGE 2022; ENGAGE 2022,3,1.8785753908249814,1.3908374060152757,2.366313375634687,0.003621422276681959,0
3.8,ADCS-ADL-MCI 18 months mean difference,MD,FALSE,TRUE,5,TRUE,CLARITY AD 2023; EMERGE 2022; ENGAGE 2022,3,1.8785753908249814,1.3908374060152757,2.366313375634687,0.003621422276681959,0
3.8,ADCS-ADL-MCI 18 months mean difference,MD,FALSE,TRUE,10,FALSE,CLARITY AD 2023; EMERGE 2022; ENGAGE 2022,3,1.8785753908249814,1.3908374060152757,2.366313375634687,0.003621422276681959,0
3.8,ADCS-ADL-MCI 18 months mean difference,MD,FALSE,TRUE,10,TRUE,CLARITY AD 2023; EMERGE 2022; ENGAGE 2022,3,1.8785753908249814,1.3908374060152757,2.366313375634687,0.003621422276681959,0
3.8,ADCS-ADL-MCI 18 months mean difference,MD,FALSE,TRUE,20,FALSE,CLARITY AD 2023; EMERGE 2022; ENGAGE 2022,3,1.8785753908249814,1.3908374060152757,2.366313375634687,0.003621422276681959,0
3.8,ADCS-ADL-MCI 18 months mean difference,MD,FALSE,TRUE,20,TRUE,CLARITY AD 2023; EMERGE 2022; ENGAGE 2022,3,1.8785753908249814,1.3908374060152757,2.366313375634687,0.003621422276681959,0
3.8,ADCS-ADL-MCI 18 months mean difference,MD,FALSE,TRUE,30,FALSE,CLARITY AD 2023; EMERGE 2022; ENGAGE 2022,3,1.8785753908249814,1.3908374060152757,2.366313375634687,0.003621422276681959,0
3.8,ADCS-ADL-MCI 18 months mean difference,MD,FALSE,TRUE,30,TRUE,CLARITY AD 2023; EMERGE 2022; ENGAGE 2022,3,1.8785753908249814,1.3908374060152757,2.366313375634687,0.003621422276681959,0
3.8,ADCS-ADL-MCI 18 months mean difference,MD,TRUE,FALSE,NA,FALSE,CLARITY AD 2023; EMERGE 2022; ENGAGE 2022; ENVISION,4,1.8958916024482904,1.4016339013200931,2.3901493035764876,0.0011836244895837183,0
3.8,ADCS-ADL-MCI 18 months mean difference,MD,TRUE,FALSE,NA,TRUE,CLARITY AD 2023; EMERGE 2022; ENGAGE 2022,3,1.8785753908249814,1.3908374060152757,2.366313375634687,0.003621422276681959,0
3.8,ADCS-ADL-MCI 18 months mean difference,MD,TRUE,FALSE,5,FALSE,CLARITY AD 2023; EMERGE 2022; ENGAGE 2022,3,1.8785753908249814,1.3908374060152757,2.366313375634687,0.003621422276681959,0
3.8,ADCS-ADL-MCI 18 months mean difference,MD,TRUE,FALSE,5,TRUE,CLARITY AD 2023; EMERGE 2022; ENGAGE 2022,3,1.8785753908249814,1.3908374060152757,2.366313375634687,0.003621422276681959,0
3.8,ADCS-ADL-MCI 18 months mean difference,MD,TRUE,FALSE,10,FALSE,CLARITY AD 2023; EMERGE 2022; ENGAGE 2022,3,1.8785753908249814,1.3908374060152757,2.366313375634687,0.003621422276681959,0
3.8,ADCS-ADL-MCI 18 months mean difference,MD,TRUE,FALSE,10,TRUE,CLARITY AD 2023; EMERGE 2022; ENGAGE 2022,3,1.8785753908249814,1.3908374060152757,2.366313375634687,0.003621422276681959,0
3.8,ADCS-ADL-MCI 18 months mean difference,MD,TRUE,FALSE,20,FALSE,CLARITY AD 2023; EMERGE 2022; ENGAGE 2022,3,1.8785753908249814,1.3908374060152757,2.366313375634687,0.003621422276681959,0
3.8,ADCS-ADL-MCI 18 months mean difference,MD,TRUE,FALSE,20,TRUE,CLARITY AD 2023; EMERGE 2022; ENGAGE 2022,3,1.8785753908249814,1.3908374060152757,2.366313375634687,0.003621422276681959,0
3.8,ADCS-ADL-MCI 18 months mean difference,MD,TRUE,FALSE,30,FALSE,CLARITY AD 2023; EMERGE 2022; ENGAGE 2022,3,1.8785753908249814,1.3908374060152757,2.366313375634687,0.003621422276681959,0
3.8,ADCS-ADL-MCI 18 months mean difference,MD,TRUE,FALSE,30,TRUE,CLARITY AD 2023; EMERGE 2022; ENGAGE 2022,3,1.8785753908249814,1.3908374060152757,2.366313375634687,0.003621422276681959,0
3.8,ADCS-ADL-MCI 18 months mean difference,MD,TRUE,TRUE,NA,FALSE,CLARITY AD 2023; EMERGE 2022; ENGAGE 2022; ENVISION,4,1.8958916024482904,1.4016339013200931,2.3901493035764876,0.0011836244895837183,0
3.8,ADCS-ADL-MCI 18 months mean difference,MD,TRUE,TRUE,NA,TRUE,CLARITY AD 2023; EMERGE 2022; ENGAGE 2022,3,1.8785753908249814,1.3908374060152757,2.366313375634687,0.003621422276681959,0
3.8,ADCS-ADL-MCI 18 months mean difference,MD,TRUE,TRUE,5,FALSE,CLARITY AD 2023; EMERGE 2022; ENGAGE 2022,3,1.8785753908249814,1.3908374060152757,2.366313375634687,0.003621422276681959,0
3.8,ADCS-ADL-MCI 18 months mean difference,MD,TRUE,TRUE,5,TRUE,CLARITY AD 2023; EMERGE 2022; ENGAGE 2022,3,1.8785753908249814,1.3908374060152757,2.366313375634687,0.003621422276681959,0
3.8,ADCS-ADL-MCI 18 months mean difference,MD,TRUE,TRUE,10,FALSE,CLARITY AD 2023; EMERGE 2022; ENGAGE 2022,3,1.8785753908249814,1.3908374060152757,2.366313375634687,0.003621422276681959,0
3.8,ADCS-ADL-MCI 18 months mean difference,MD,TRUE,TRUE,10,TRUE,CLARITY AD 2023; EMERGE 2022; ENGAGE 2022,3,1.8785753908249814,1.3908374060152757,2.366313375634687,0.003621422276681959,0
3.8,ADCS-ADL-MCI 18 months mean difference,MD,TRUE,TRUE,20,FALSE,CLARITY AD 2023; EMERGE 2022; ENGAGE 2022,3,1.8785753908249814,1.3908374060152757,2.366313375634687,0.003621422276681959,0
3.8,ADCS-ADL-MCI 18 months mean difference,MD,TRUE,TRUE,20,TRUE,CLARITY AD 2023; EMERGE 2022; ENGAGE 2022,3,1.8785753908249814,1.3908374060152757,2.366313375634687,0.003621422276681959,0
3.8,ADCS-ADL-MCI 18 months mean difference,MD,TRUE,TRUE,30,FALSE,CLARITY AD 2023; EMERGE 2022; ENGAGE 2022,3,1.8785753908249814,1.3908374060152757,2.366313375634687,0.003621422276681959,0
3.8,ADCS-ADL-MCI 18 months mean difference,MD,TRUE,TRUE,30,TRUE,CLARITY AD 2023; EMERGE 2022; ENGAGE 2022,3,1.8785753908249814,1.3908374060152757,2.366313375634687,0.003621422276681959,0
4.1,Any ARIA at 18 months,RR,FALSE,FALSE,NA,FALSE,TRAILBLAZER-ALZ 2 2023; CLARITY AD 2023,2,2.396697026053298,2.0748709257713385,2.768440466993058,1.4814041645820363e-32,0
4.1,Any ARIA at 18 months,RR,FALSE,FALSE,NA,TRUE,TRAILBLAZER-ALZ 2 2023; CLARITY AD 2023,2,2.396697026053298,2.0748709257713385,2.768440466993058,1.4814041645820363e-32,0
4.1,Any ARIA at 18 months,RR,FALSE,FALSE,5,FALSE,TRAILBLAZER-ALZ 2 2023; CLARITY AD 2023,2,2.396697026053298,2.0748709257713385,2.768440466993058,1.4814041645820363e-32,0
4.1,Any ARIA at 18 months,RR,FALSE,FALSE,5,TRUE,TRAILBLAZER-ALZ 2 2023; CLARITY AD 2023,2,2.396697026053298,2.0748709257713385,2.768440466993058,1.4814041645820363e-32,0
4.1,Any ARIA at 18 months,RR,FALSE,FALSE,10,FALSE,TRAILBLAZER-ALZ 2 2023; CLARITY AD 2023,2,2.396697026053298,2.0748709257713385,2.768440466993058,1.4814041645820363e-32,0
4.1,Any ARIA at 18 months,RR,FALSE,FALSE,10,TRUE,TRAILBLAZER-ALZ 2 2023; CLARITY AD 2023,2,2.396697026053298,2.0748709257713385,2.768440466993058,1.4814041645820363e-32,0
4.1,Any ARIA at 18 months,RR,FALSE,FALSE,20,FALSE,TRAILBLAZER-ALZ 2 2023; CLARITY AD 2023,2,2.396697026053298,2.0748709257713385,2.768440466993058,1.4814041645820363e-32,0
4.1,Any ARIA at 18 months,RR,FALSE,FALSE,20,TRUE,TRAILBLAZER-ALZ 2 2023; CLARITY AD 2023,2,2.396697026053298,2.0748709257713385,2.768440466993058,1.4814041645820363e-32,0
4.1,Any ARIA at 18 months,RR,FALSE,FALSE,30,FALSE,TRAILBLAZER-ALZ 2 2023; CLARITY AD 2023,2,2.396697026053298,2.0748709257713385,2.768440466993058,1.4814041645820363e-32,0
4.1,Any ARIA at 18 months,RR,FALSE,FALSE,30,TRUE,TRAILBLAZER-ALZ 2 2023; CLARITY AD 2023,2,2.396697026053298,2.0748709257713385,2.768440466993058,1.4814041645820363e-32,0
4.1,Any ARIA at 18 months,RR,FALSE,TRUE,NA,FALSE,TRAILBLAZER-ALZ 2 2023; CLARITY AD 2023,2,2.396697026053298,2.0748709257713385,2.768440466993058,1.4814041645820363e-32,0
4.1,Any ARIA at 18 months,RR,FALSE,TRUE,NA,TRUE,TRAILBLAZER-ALZ 2 2023; CLARITY AD 2023,2,2.396697026053298,2.0748709257713385,2.768440466993058,1.4814041645820363e-32,0
4.1,Any ARIA at 18 months,RR,FALSE,TRUE,5,FALSE,TRAILBLAZER-ALZ 2 2023; CLARITY AD 2023,2,2.396697026053298,2.0748709257713385,2.768440466993058,1.4814041645820363e-32,0
4.1,Any ARIA at 18 months,RR,FALSE,TRUE,5,TRUE,TRAILBLAZER-ALZ 2 2023; CLARITY AD 2023,2,2.396697026053298,2.0748709257713385,2.768440466993058,1.4814041645820363e-32,0
4.1,Any ARIA at 18 months,RR,FALSE,TRUE,10,FALSE,TRAILBLAZER-ALZ 2 2023; CLARITY AD 2023,2,2.396697026053298,2.0748709257713385,2.768440466993058,1.4814041645820363e-32,0
4.1,Any ARIA at 18 months,RR,FALSE,TRUE,10,TRUE,TRAILBLAZER-ALZ 2 2023; CLARITY AD 2023,2,2.396697026053298,2.0748709257713385,2.768440466993058,1.4814041645820363e-32,0
4.1,Any ARIA at 18 months,RR,FALSE,TRUE,20,FALSE,TRAILBLAZER-ALZ 2 2023; CLARITY AD 2023,2,2.396697026053298,2.0748709257713385,2.768440466993058,1.4814041645820363e-32,0
4.1,Any ARIA at 18 months,RR,FALSE,TRUE,20,TRUE,TRAILBLAZER-ALZ 2 2023; CLARITY AD 2023,2,2.396697026053298,2.0748709257713385,2.768440466993058,1.4814041645820363e-32,0
4.1,Any ARIA at 18 months,RR,FALSE,TRUE,30,FALSE,TRAILBLAZER-ALZ 2 2023; CLARITY AD 2023,2,2.396697026053298,2.0748709257713385,2.768440466993058,1.4814041645820363e-32,0
4.1,Any ARIA at 18 months,RR,FALSE,TRUE,30,TRUE,TRAILBLAZER-ALZ 2 2023; CLARITY AD 2023,2,2.396697026053298,2.0748709257713385,2.768440466993058,1.4814041645820363e-32,0
4.1,Any ARIA at 18 months,RR,TRUE,FALSE,NA,FALSE,TRAILBLAZER-ALZ 2 2023; CLARITY AD 2023,2,2.396697026053298,2.0748709257713385,2.768440466993058,1.4814041645820363e-32,0
4.1,Any ARIA at 18 months,RR,TRUE,FALSE,NA,TRUE,TRAILBLAZER-ALZ 2 2023; CLARITY AD 2023,2,2.396697026053298,2.0748709257713385,2.768440466993058,1.4814041645820363e-32,0
4.1,Any ARIA at 18 months,RR,TRUE,FALSE,5,FALSE,TRAILBLAZER-ALZ 2 2023; CLARITY AD 2023,2,2.396697026053298,2.0748709257713385,2.768440466993058,1.4814041645820363e-32,0
4.1,Any ARIA at 18 months,RR,TRUE,FALSE,5,TRUE,TRAILBLAZER-ALZ 2 2023; CLARITY AD 2023,2,2.396697026053298,2.0748709257713385,2.768440466993058,1.4814041645820363e-32,0
4.1,Any ARIA at 18 months,RR,TRUE,FALSE,10,FALSE,TRAILBLAZER-ALZ 2 2023; CLARITY AD 2023,2,2.396697026053298,2.0748709257713385,2.768440466993058,1.4814041645820363e-32,0
4.1,Any ARIA at 18 months,RR,TRUE,FALSE,10,TRUE,TRAILBLAZER-ALZ 2 2023; CLARITY AD 2023,2,2.396697026053298,2.0748709257713385,2.768440466993058,1.4814041645820363e-32,0
4.1,Any ARIA at 18 months,RR,TRUE,FALSE,20,FALSE,TRAILBLAZER-ALZ 2 2023; CLARITY AD 2023,2,2.396697026053298,2.0748709257713385,2.768440466993058,1.4814041645820363e-32,0
4.1,Any ARIA at 18 months,RR,TRUE,FALSE,20,TRUE,TRAILBLAZER-ALZ 2 2023; CLARITY AD 2023,2,2.396697026053298,2.0748709257713385,2.768440466993058,1.4814041645820363e-32,0
4.1,Any ARIA at 18 months,RR,TRUE,FALSE,30,FALSE,TRAILBLAZER-ALZ 2 2023; CLARITY AD 2023,2,2.396697026053298,2.0748709257713385,2.768440466993058,1.4814041645820363e-32,0
4.1,Any ARIA at 18 months,RR,TRUE,FALSE,30,TRUE,TRAILBLAZER-ALZ 2 2023; CLARITY AD 2023,2,2.396697026053298,2.0748709257713385,2.768440466993058,1.4814041645820363e-32,0
4.1,Any ARIA at 18 months,RR,TRUE,TRUE,NA,FALSE,TRAILBLAZER-ALZ 2 2023; CLARITY AD 2023,2,2.396697026053298,2.0748709257713385,2.768440466993058,1.4814041645820363e-32,0
4.1,Any ARIA at 18 months,RR,TRUE,TRUE,NA,TRUE,TRAILBLAZER-ALZ 2 2023; CLARITY AD 2023,2,2.396697026053298,2.0748709257713385,2.768440466993058,1.4814041645820363e-32,0
4.1,Any ARIA at 18 months,RR,TRUE,TRUE,5,FALSE,TRAILBLAZER-ALZ 2 2023; CLARITY AD 2023,2,2.396697026053298,2.0748709257713385,2.768440466993058,1.4814041645820363e-32,0
4.1,Any ARIA at 18 months,RR,TRUE,TRUE,5,TRUE,TRAILBLAZER-ALZ 2 2023; CLARITY AD 2023,2,2.396697026053298,2.0748709257713385,2.768440466993058,1.4814041645820363e-32,0
4.1,Any ARIA at 18 months,RR,TRUE,TRUE,10,FALSE,TRAILBLAZER-ALZ 2 2023; CLARITY AD 2023,2,2.396697026053298,2.0748709257713385,2.768440466993058,1.4814041645820363e-32,0
4.1,Any ARIA at 18 months,RR,TRUE,TRUE,10,TRUE,TRAILBLAZER-ALZ 2 2023; CLARITY AD 2023,2,2.396697026053298,2.0748709257713385,2.768440466993058,1.4814041645820363e-32,0
4.1,Any ARIA at 18 months,RR,TRUE,TRUE,20,FALSE,TRAILBLAZER-ALZ 2 2023; CLARITY AD 2023,2,2.396697026053298,2.0748709257713385,2.768440466993058,1.4814041645820363e-32,0
4.1,Any ARIA at 18 months,RR,TRUE,TRUE,20,TRUE,TRAILBLAZER-ALZ 2 2023; CLARITY AD 2023,2,2.396697026053298,2.0748709257713385,2.768440466993058,1.4814041645820363e-32,0
4.1,Any ARIA at 18 months,RR,TRUE,TRUE,30,FALSE,TRAILBLAZER-ALZ 2 2023; CLARITY AD 2023,2,2.396697026053298,2.0748709257713385,2.768440466993058,1.4814041645820363e-32,0
4.1,Any ARIA at 18 months,RR,TRUE,TRUE,30,TRUE,TRAILBLAZER-ALZ 2 2023; CLARITY AD 2023,2,2.396697026053298,2.0748709257713385,2.768440466993058,1.4814041645820363e-32,0
4.2,Any ARIA E at 18 months,RR,FALSE,FALSE,NA,FALSE,EMERGE 2022; ENGAGE 2022; 3000 Non Carriers 2016; 3001 Carriers 2016; Bapineuzumab-301 2014; Bapineuzumab-302 2014; CREAD 2 2022; TRAILBLAZER-ALZ 2 2023; CLARITY AD 2023; EXPEDITION - EXPEDITION 2 2016; EXPEDITION 3 2018,11,10.02156709964346,6.52884237787573,15.382789370591826,2.9581966636182025e-7,0.054230157015968276
4.2,Any ARIA E at 18 months,RR,FALSE,FALSE,NA,TRUE,EMERGE 2022; ENGAGE 2022; TRAILBLAZER-ALZ 2 2023; CLARITY AD 2023,4,11.126627376704233,7.300100747407352,16.958921672963573,3.6227340792520786e-4,5.486735187789621e-6
4.2,Any ARIA E at 18 months,RR,FALSE,FALSE,5,FALSE,EMERGE 2022; ENGAGE 2022; 3001 Carriers 2016; TRAILBLAZER-ALZ 2 2023; CLARITY AD 2023,5,10.693334114967438,7.680218812696884,14.888559464645477,3.778813815923156e-5,0
4.2,Any ARIA E at 18 months,RR,FALSE,FALSE,5,TRUE,EMERGE 2022; ENGAGE 2022; TRAILBLAZER-ALZ 2 2023; CLARITY AD 2023,4,11.126627376704233,7.300100747407352,16.958921672963573,3.6227340792520786e-4,5.486735187789621e-6
4.2,Any ARIA E at 18 months,RR,FALSE,FALSE,10,FALSE,EMERGE 2022; ENGAGE 2022; TRAILBLAZER-ALZ 2 2023; CLARITY AD 2023,4,11.126627376704233,7.300100747407352,16.958921672963573,3.6227340792520786e-4,5.486735187789621e-6
4.2,Any ARIA E at 18 months,RR,FALSE,FALSE,10,TRUE,EMERGE 2022; ENGAGE 2022; TRAILBLAZER-ALZ 2 2023; CLARITY AD 2023,4,11.126627376704233,7.300100747407352,16.958921672963573,3.6227340792520786e-4,5.486735187789621e-6
4.2,Any ARIA E at 18 months,RR,FALSE,FALSE,20,FALSE,EMERGE 2022; ENGAGE 2022; TRAILBLAZER-ALZ 2 2023; CLARITY AD 2023,4,11.126627376704233,7.300100747407352,16.958921672963573,3.6227340792520786e-4,5.486735187789621e-6
4.2,Any ARIA E at 18 months,RR,FALSE,FALSE,20,TRUE,EMERGE 2022; ENGAGE 2022; TRAILBLAZER-ALZ 2 2023; CLARITY AD 2023,4,11.126627376704233,7.300100747407352,16.958921672963573,3.6227340792520786e-4,5.486735187789621e-6
4.2,Any ARIA E at 18 months,RR,FALSE,FALSE,30,FALSE,EMERGE 2022; ENGAGE 2022; TRAILBLAZER-ALZ 2 2023; CLARITY AD 2023,4,11.126627376704233,7.300100747407352,16.958921672963573,3.6227340792520786e-4,5.486735187789621e-6
4.2,Any ARIA E at 18 months,RR,FALSE,FALSE,30,TRUE,EMERGE 2022; ENGAGE 2022; TRAILBLAZER-ALZ 2 2023; CLARITY AD 2023,4,11.126627376704233,7.300100747407352,16.958921672963573,3.6227340792520786e-4,5.486735187789621e-6
4.2,Any ARIA E at 18 months,RR,FALSE,TRUE,NA,FALSE,EMERGE 2022; ENGAGE 2022; TRAILBLAZER-ALZ 2 2023; CLARITY AD 2023,4,11.126627376704233,7.300100747407352,16.958921672963573,3.6227340792520786e-4,5.486735187789621e-6
4.2,Any ARIA E at 18 months,RR,FALSE,TRUE,NA,TRUE,EMERGE 2022; ENGAGE 2022; TRAILBLAZER-ALZ 2 2023; CLARITY AD 2023,4,11.126627376704233,7.300100747407352,16.958921672963573,3.6227340792520786e-4,5.486735187789621e-6
4.2,Any ARIA E at 18 months,RR,FALSE,TRUE,5,FALSE,EMERGE 2022; ENGAGE 2022; TRAILBLAZER-ALZ 2 2023; CLARITY AD 2023,4,11.126627376704233,7.300100747407352,16.958921672963573,3.6227340792520786e-4,5.486735187789621e-6
4.2,Any ARIA E at 18 months,RR,FALSE,TRUE,5,TRUE,EMERGE 2022; ENGAGE 2022; TRAILBLAZER-ALZ 2 2023; CLARITY AD 2023,4,11.126627376704233,7.300100747407352,16.958921672963573,3.6227340792520786e-4,5.486735187789621e-6
4.2,Any ARIA E at 18 months,RR,FALSE,TRUE,10,FALSE,EMERGE 2022; ENGAGE 2022; TRAILBLAZER-ALZ 2 2023; CLARITY AD 2023,4,11.126627376704233,7.300100747407352,16.958921672963573,3.6227340792520786e-4,5.486735187789621e-6
4.2,Any ARIA E at 18 months,RR,FALSE,TRUE,10,TRUE,EMERGE 2022; ENGAGE 2022; TRAILBLAZER-ALZ 2 2023; CLARITY AD 2023,4,11.126627376704233,7.300100747407352,16.958921672963573,3.6227340792520786e-4,5.486735187789621e-6
4.2,Any ARIA E at 18 months,RR,FALSE,TRUE,20,FALSE,EMERGE 2022; ENGAGE 2022; TRAILBLAZER-ALZ 2 2023; CLARITY AD 2023,4,11.126627376704233,7.300100747407352,16.958921672963573,3.6227340792520786e-4,5.486735187789621e-6
4.2,Any ARIA E at 18 months,RR,FALSE,TRUE,20,TRUE,EMERGE 2022; ENGAGE 2022; TRAILBLAZER-ALZ 2 2023; CLARITY AD 2023,4,11.126627376704233,7.300100747407352,16.958921672963573,3.6227340792520786e-4,5.486735187789621e-6
4.2,Any ARIA E at 18 months,RR,FALSE,TRUE,30,FALSE,EMERGE 2022; ENGAGE 2022; TRAILBLAZER-ALZ 2 2023; CLARITY AD 2023,4,11.126627376704233,7.300100747407352,16.958921672963573,3.6227340792520786e-4,5.486735187789621e-6
4.2,Any ARIA E at 18 months,RR,FALSE,TRUE,30,TRUE,EMERGE 2022; ENGAGE 2022; TRAILBLAZER-ALZ 2 2023; CLARITY AD 2023,4,11.126627376704233,7.300100747407352,16.958921672963573,3.6227340792520786e-4,5.486735187789621e-6
4.2,Any ARIA E at 18 months,RR,TRUE,FALSE,NA,FALSE,EMERGE 2022; ENGAGE 2022; CREAD 2 2022; TRAILBLAZER-ALZ 2 2023; CLARITY AD 2023; EXPEDITION 3 2018,6,10.815852087805366,7.385208138975719,15.84012991697597,1.7143105943452546e-5,2.2529545235097217e-6
4.2,Any ARIA E at 18 months,RR,TRUE,FALSE,NA,TRUE,EMERGE 2022; ENGAGE 2022; TRAILBLAZER-ALZ 2 2023; CLARITY AD 2023,4,11.126627376704233,7.300100747407352,16.958921672963573,3.6227340792520786e-4,5.486735187789621e-6
4.2,Any ARIA E at 18 months,RR,TRUE,FALSE,5,FALSE,EMERGE 2022; ENGAGE 2022; TRAILBLAZER-ALZ 2 2023; CLARITY AD 2023,4,11.126627376704233,7.300100747407352,16.958921672963573,3.6227340792520786e-4,5.486735187789621e-6
4.2,Any ARIA E at 18 months,RR,TRUE,FALSE,5,TRUE,EMERGE 2022; ENGAGE 2022; TRAILBLAZER-ALZ 2 2023; CLARITY AD 2023,4,11.126627376704233,7.300100747407352,16.958921672963573,3.6227340792520786e-4,5.486735187789621e-6
4.2,Any ARIA E at 18 months,RR,TRUE,FALSE,10,FALSE,EMERGE 2022; ENGAGE 2022; TRAILBLAZER-ALZ 2 2023; CLARITY AD 2023,4,11.126627376704233,7.300100747407352,16.958921672963573,3.6227340792520786e-4,5.486735187789621e-6
4.2,Any ARIA E at 18 months,RR,TRUE,FALSE,10,TRUE,EMERGE 2022; ENGAGE 2022; TRAILBLAZER-ALZ 2 2023; CLARITY AD 2023,4,11.126627376704233,7.300100747407352,16.958921672963573,3.6227340792520786e-4,5.486735187789621e-6
4.2,Any ARIA E at 18 months,RR,TRUE,FALSE,20,FALSE,EMERGE 2022; ENGAGE 2022; TRAILBLAZER-ALZ 2 2023; CLARITY AD 2023,4,11.126627376704233,7.300100747407352,16.958921672963573,3.6227340792520786e-4,5.486735187789621e-6
4.2,Any ARIA E at 18 months,RR,TRUE,FALSE,20,TRUE,EMERGE 2022; ENGAGE 2022; TRAILBLAZER-ALZ 2 2023; CLARITY AD 2023,4,11.126627376704233,7.300100747407352,16.958921672963573,3.6227340792520786e-4,5.486735187789621e-6
4.2,Any ARIA E at 18 months,RR,TRUE,FALSE,30,FALSE,EMERGE 2022; ENGAGE 2022; TRAILBLAZER-ALZ 2 2023; CLARITY AD 2023,4,11.126627376704233,7.300100747407352,16.958921672963573,3.6227340792520786e-4,5.486735187789621e-6
4.2,Any ARIA E at 18 months,RR,TRUE,FALSE,30,TRUE,EMERGE 2022; ENGAGE 2022; TRAILBLAZER-ALZ 2 2023; CLARITY AD 2023,4,11.126627376704233,7.300100747407352,16.958921672963573,3.6227340792520786e-4,5.486735187789621e-6
4.2,Any ARIA E at 18 months,RR,TRUE,TRUE,NA,FALSE,EMERGE 2022; ENGAGE 2022; TRAILBLAZER-ALZ 2 2023; CLARITY AD 2023,4,11.126627376704233,7.300100747407352,16.958921672963573,3.6227340792520786e-4,5.486735187789621e-6
4.2,Any ARIA E at 18 months,RR,TRUE,TRUE,NA,TRUE,EMERGE 2022; ENGAGE 2022; TRAILBLAZER-ALZ 2 2023; CLARITY AD 2023,4,11.126627376704233,7.300100747407352,16.958921672963573,3.6227340792520786e-4,5.486735187789621e-6
4.2,Any ARIA E at 18 months,RR,TRUE,TRUE,5,FALSE,EMERGE 2022; ENGAGE 2022; TRAILBLAZER-ALZ 2 2023; CLARITY AD 2023,4,11.126627376704233,7.300100747407352,16.958921672963573,3.6227340792520786e-4,5.486735187789621e-6
4.2,Any ARIA E at 18 months,RR,TRUE,TRUE,5,TRUE,EMERGE 2022; ENGAGE 2022; TRAILBLAZER-ALZ 2 2023; CLARITY AD 2023,4,11.126627376704233,7.300100747407352,16.958921672963573,3.6227340792520786e-4,5.486735187789621e-6
4.2,Any ARIA E at 18 months,RR,TRUE,TRUE,10,FALSE,EMERGE 2022; ENGAGE 2022; TRAILBLAZER-ALZ 2 2023; CLARITY AD 2023,4,11.126627376704233,7.300100747407352,16.958921672963573,3.6227340792520786e-4,5.486735187789621e-6
4.2,Any ARIA E at 18 months,RR,TRUE,TRUE,10,TRUE,EMERGE 2022; ENGAGE 2022; TRAILBLAZER-ALZ 2 2023; CLARITY AD 2023,4,11.126627376704233,7.300100747407352,16.958921672963573,3.6227340792520786e-4,5.486735187789621e-6
4.2,Any ARIA E at 18 months,RR,TRUE,TRUE,20,FALSE,EMERGE 2022; ENGAGE 2022; TRAILBLAZER-ALZ 2 2023; CLARITY AD 2023,4,11.126627376704233,7.300100747407352,16.958921672963573,3.6227340792520786e-4,5.486735187789621e-6
4.2,Any ARIA E at 18 months,RR,TRUE,TRUE,20,TRUE,EMERGE 2022; ENGAGE 2022; TRAILBLAZER-ALZ 2 2023; CLARITY AD 2023,4,11.126627376704233,7.300100747407352,16.958921672963573,3.6227340792520786e-4,5.486735187789621e-6
4.2,Any ARIA E at 18 months,RR,TRUE,TRUE,30,FALSE,EMERGE 2022; ENGAGE 2022; TRAILBLAZER-ALZ 2 2023; CLARITY AD 2023,4,11.126627376704233,7.300100747407352,16.958921672963573,3.6227340792520786e-4,5.486735187789621e-6
4.2,Any ARIA E at 18 months,RR,TRUE,TRUE,30,TRUE,EMERGE 2022; ENGAGE 2022; TRAILBLAZER-ALZ 2 2023; CLARITY AD 2023,4,11.126627376704233,7.300100747407352,16.958921672963573,3.6227340792520786e-4,5.486735187789621e-6
4.3,Any ARIA E at 24 months,RR,FALSE,FALSE,NA,FALSE,ENVISION; CREAD 2022; Marguerite RoAD 2024; SCarlet RoAD 2017,4,7.49410213532707,1.5924204203166323,35.26805239256274,0.025613099859261086,0.11447665063724284
4.3,Any ARIA E at 24 months,RR,FALSE,FALSE,NA,TRUE,CREAD 2022; SCarlet RoAD 2017,2,5.446703006202607,0.3353016637565664,88.47726344511926,0.23337671462712,2.9181972496455533
4.3,Any ARIA E at 24 months,RR,FALSE,FALSE,5,FALSE,SCarlet RoAD 2017,1,17.903846153846153,4.350659430992575,73.67795898183203,6.41269377620072e-5,0
4.3,Any ARIA E at 24 months,RR,FALSE,FALSE,5,TRUE,SCarlet RoAD 2017,1,17.903846153846153,4.350659430992575,73.67795898183203,6.41269377620072e-5,0
4.3,Any ARIA E at 24 months,RR,FALSE,FALSE,10,FALSE,SCarlet RoAD 2017,1,17.903846153846153,4.350659430992575,73.67795898183203,6.41269377620072e-5,0
4.3,Any ARIA E at 24 months,RR,FALSE,FALSE,10,TRUE,SCarlet RoAD 2017,1,17.903846153846153,4.350659430992575,73.67795898183203,6.41269377620072e-5,0
4.3,Any ARIA E at 24 months,RR,FALSE,FALSE,20,FALSE,,0,NA,NA,NA,NA,NA
4.3,Any ARIA E at 24 months,RR,FALSE,FALSE,20,TRUE,,0,NA,NA,NA,NA,NA
4.3,Any ARIA E at 24 months,RR,FALSE,FALSE,30,FALSE,,0,NA,NA,NA,NA,NA
4.3,Any ARIA E at 24 months,RR,FALSE,FALSE,30,TRUE,,0,NA,NA,NA,NA,NA
4.3,Any ARIA E at 24 months,RR,FALSE,TRUE,NA,FALSE,ENVISION,1,7.599118942731277,0.4352653857454973,132.6698850791277,0.16455252327745953,0
4.3,Any ARIA E at 24 months,RR,FALSE,TRUE,NA,TRUE,,0,NA,NA,NA,NA,NA
4.3,Any ARIA E at 24 months,RR,FALSE,TRUE,5,FALSE,,0,NA,NA,NA,NA,NA
4.3,Any ARIA E at 24 months,RR,FALSE,TRUE,5,TRUE,,0,NA,NA,NA,NA,NA
4.3,Any ARIA E at 24 months,RR,FALSE,TRUE,10,FALSE,,0,NA,NA,NA,NA,NA
4.3,Any ARIA E at 24 months,RR,FALSE,TRUE,10,TRUE,,0,NA,NA,NA,NA,NA
4.3,Any ARIA E at 24 months,RR,FALSE,TRUE,20,FALSE,,0,NA,NA,NA,NA,NA
4.3,Any ARIA E at 24 months,RR,FALSE,TRUE,20,TRUE,,0,NA,NA,NA,NA,NA
4.3,Any ARIA E at 24 months,RR,FALSE,TRUE,30,FALSE,,0,NA,NA,NA,NA,NA
4.3,Any ARIA E at 24 months,RR,FALSE,TRUE,30,TRUE,,0,NA,NA,NA,NA,NA
4.3,Any ARIA E at 24 months,RR,TRUE,FALSE,NA,FALSE,ENVISION; CREAD 2022; Marguerite RoAD 2024; SCarlet RoAD 2017,4,7.49410213532707,1.5924204203166323,35.26805239256274,0.025613099859261086,0.11447665063724284
4.3,Any ARIA E at 24 months,RR,TRUE,FALSE,NA,TRUE,CREAD 2022; SCarlet RoAD 2017,2,5.446703006202607,0.3353016637565664,88.47726344511926,0.23337671462712,2.9181972496455533
4.3,Any ARIA E at 24 months,RR,TRUE,FALSE,5,FALSE,SCarlet RoAD 2017,1,17.903846153846153,4.350659430992575,73.67795898183203,6.41269377620072e-5,0
4.3,Any ARIA E at 24 months,RR,TRUE,FALSE,5,TRUE,SCarlet RoAD 2017,1,17.903846153846153,4.350659430992575,73.67795898183203,6.41269377620072e-5,0
4.3,Any ARIA E at 24 months,RR,TRUE,FALSE,10,FALSE,SCarlet RoAD 2017,1,17.903846153846153,4.350659430992575,73.67795898183203,6.41269377620072e-5,0
4.3,Any ARIA E at 24 months,RR,TRUE,FALSE,10,TRUE,SCarlet RoAD 2017,1,17.903846153846153,4.350659430992575,73.67795898183203,6.41269377620072e-5,0
4.3,Any ARIA E at 24 months,RR,TRUE,FALSE,20,FALSE,,0,NA,NA,NA,NA,NA
4.3,Any ARIA E at 24 months,RR,TRUE,FALSE,20,TRUE,,0,NA,NA,NA,NA,NA
4.3,Any ARIA E at 24 months,RR,TRUE,FALSE,30,FALSE,,0,NA,NA,NA,NA,NA
4.3,Any ARIA E at 24 months,RR,TRUE,FALSE,30,TRUE,,0,NA,NA,NA,NA,NA
4.3,Any ARIA E at 24 months,RR,TRUE,TRUE,NA,FALSE,ENVISION,1,7.599118942731277,0.4352653857454973,132.6698850791277,0.16455252327745953,0
4.3,Any ARIA E at 24 months,RR,TRUE,TRUE,NA,TRUE,,0,NA,NA,NA,NA,NA
4.3,Any ARIA E at 24 months,RR,TRUE,TRUE,5,FALSE,,0,NA,NA,NA,NA,NA
4.3,Any ARIA E at 24 months,RR,TRUE,TRUE,5,TRUE,,0,NA,NA,NA,NA,NA
4.3,Any ARIA E at 24 months,RR,TRUE,TRUE,10,FALSE,,0,NA,NA,NA,NA,NA
4.3,Any ARIA E at 24 months,RR,TRUE,TRUE,10,TRUE,,0,NA,NA,NA,NA,NA
4.3,Any ARIA E at 24 months,RR,TRUE,TRUE,20,FALSE,,0,NA,NA,NA,NA,NA
4.3,Any ARIA E at 24 months,RR,TRUE,TRUE,20,TRUE,,0,NA,NA,NA,NA,NA
4.3,Any ARIA E at 24 months,RR,TRUE,TRUE,30,FALSE,,0,NA,NA,NA,NA,NA
4.3,Any ARIA E at 24 months,RR,TRUE,TRUE,30,TRUE,,0,NA,NA,NA,NA,NA
4.4,Any ARIA E above 24 months,RR,FALSE,FALSE,NA,FALSE,GRADUATE I 2023; GRADUATE II 2023,2,9.349943398952874,4.51505569501341,19.362206685550703,1.7594883233552905e-9,0.18601437356944012
4.4,Any ARIA E above 24 months,RR,FALSE,FALSE,NA,TRUE,GRADUATE I 2023; GRADUATE II 2023,2,9.349943398952874,4.51505569501341,19.362206685550703,1.7594883233552905e-9,0.18601437356944012
4.4,Any ARIA E above 24 months,RR,FALSE,FALSE,5,FALSE,GRADUATE I 2023; GRADUATE II 2023,2,9.349943398952874,4.51505569501341,19.362206685550703,1.7594883233552905e-9,0.18601437356944012
4.4,Any ARIA E above 24 months,RR,FALSE,FALSE,5,TRUE,GRADUATE I 2023; GRADUATE II 2023,2,9.349943398952874,4.51505569501341,19.362206685550703,1.7594883233552905e-9,0.18601437356944012
4.4,Any ARIA E above 24 months,RR,FALSE,FALSE,10,FALSE,GRADUATE I 2023; GRADUATE II 2023,2,9.349943398952874,4.51505569501341,19.362206685550703,1.7594883233552905e-9,0.18601437356944012
4.4,Any ARIA E above 24 months,RR,FALSE,FALSE,10,TRUE,GRADUATE I 2023; GRADUATE II 2023,2,9.349943398952874,4.51505569501341,19.362206685550703,1.7594883233552905e-9,0.18601437356944012
4.4,Any ARIA E above 24 months,RR,FALSE,FALSE,20,FALSE,GRADUATE I 2023; GRADUATE II 2023,2,9.349943398952874,4.51505569501341,19.362206685550703,1.7594883233552905e-9,0.18601437356944012
4.4,Any ARIA E above 24 months,RR,FALSE,FALSE,20,TRUE,GRADUATE I 2023; GRADUATE II 2023,2,9.349943398952874,4.51505569501341,19.362206685550703,1.7594883233552905e-9,0.18601437356944012
4.4,Any ARIA E above 24 months,RR,FALSE,FALSE,30,FALSE,GRADUATE I 2023; GRADUATE II 2023,2,9.349943398952874,4.51505569501341,19.362206685550703,1.7594883233552905e-9,0.18601437356944012
4.4,Any ARIA E above 24 months,RR,FALSE,FALSE,30,TRUE,GRADUATE I 2023; GRADUATE II 2023,2,9.349943398952874,4.51505569501341,19.362206685550703,1.7594883233552905e-9,0.18601437356944012
4.4,Any ARIA E above 24 months,RR,FALSE,TRUE,NA,FALSE,,0,NA,NA,NA,NA,NA
4.4,Any ARIA E above 24 months,RR,FALSE,TRUE,NA,TRUE,,0,NA,NA,NA,NA,NA
4.4,Any ARIA E above 24 months,RR,FALSE,TRUE,5,FALSE,,0,NA,NA,NA,NA,NA
4.4,Any ARIA E above 24 months,RR,FALSE,TRUE,5,TRUE,,0,NA,NA,NA,NA,NA
4.4,Any ARIA E above 24 months,RR,FALSE,TRUE,10,FALSE,,0,NA,NA,NA,NA,NA
4.4,Any ARIA E above 24 months,RR,FALSE,TRUE,10,TRUE,,0,NA,NA,NA,NA,NA
4.4,Any ARIA E above 24 months,RR,FALSE,TRUE,20,FALSE,,0,NA,NA,NA,NA,NA
4.4,Any ARIA E above 24 months,RR,FALSE,TRUE,20,TRUE,,0,NA,NA,NA,NA,NA
4.4,Any ARIA E above 24 months,RR,FALSE,TRUE,30,FALSE,,0,NA,NA,NA,NA,NA
4.4,Any ARIA E above 24 months,RR,FALSE,TRUE,30,TRUE,,0,NA,NA,NA,NA,NA
4.4,Any ARIA E above 24 months,RR,TRUE,FALSE,NA,FALSE,GRADUATE I 2023; GRADUATE II 2023,2,9.349943398952874,4.51505569501341,19.362206685550703,1.7594883233552905e-9,0.18601437356944012
4.4,Any ARIA E above 24 months,RR,TRUE,FALSE,NA,TRUE,GRADUATE I 2023; GRADUATE II 2023,2,9.349943398952874,4.51505569501341,19.362206685550703,1.7594883233552905e-9,0.18601437356944012
4.4,Any ARIA E above 24 months,RR,TRUE,FALSE,5,FALSE,GRADUATE I 2023; GRADUATE II 2023,2,9.349943398952874,4.51505569501341,19.362206685550703,1.7594883233552905e-9,0.18601437356944012
4.4,Any ARIA E above 24 months,RR,TRUE,FALSE,5,TRUE,GRADUATE I 2023; GRADUATE II 2023,2,9.349943398952874,4.51505569501341,19.362206685550703,1.7594883233552905e-9,0.18601437356944012
4.4,Any ARIA E above 24 months,RR,TRUE,FALSE,10,FALSE,GRADUATE I 2023; GRADUATE II 2023,2,9.349943398952874,4.51505569501341,19.362206685550703,1.7594883233552905e-9,0.18601437356944012
4.4,Any ARIA E above 24 months,RR,TRUE,FALSE,10,TRUE,GRADUATE I 2023; GRADUATE II 2023,2,9.349943398952874,4.51505569501341,19.362206685550703,1.7594883233552905e-9,0.18601437356944012
4.4,Any ARIA E above 24 months,RR,TRUE,FALSE,20,FALSE,GRADUATE I 2023; GRADUATE II 2023,2,9.349943398952874,4.51505569501341,19.362206685550703,1.7594883233552905e-9,0.18601437356944012
4.4,Any ARIA E above 24 months,RR,TRUE,FALSE,20,TRUE,GRADUATE I 2023; GRADUATE II 2023,2,9.349943398952874,4.51505569501341,19.362206685550703,1.7594883233552905e-9,0.18601437356944012
4.4,Any ARIA E above 24 months,RR,TRUE,FALSE,30,FALSE,GRADUATE I 2023; GRADUATE II 2023,2,9.349943398952874,4.51505569501341,19.362206685550703,1.7594883233552905e-9,0.18601437356944012
4.4,Any ARIA E above 24 months,RR,TRUE,FALSE,30,TRUE,GRADUATE I 2023; GRADUATE II 2023,2,9.349943398952874,4.51505569501341,19.362206685550703,1.7594883233552905e-9,0.18601437356944012
4.4,Any ARIA E above 24 months,RR,TRUE,TRUE,NA,FALSE,,0,NA,NA,NA,NA,NA
4.4,Any ARIA E above 24 months,RR,TRUE,TRUE,NA,TRUE,,0,NA,NA,NA,NA,NA
4.4,Any ARIA E above 24 months,RR,TRUE,TRUE,5,FALSE,,0,NA,NA,NA,NA,NA
4.4,Any ARIA E above 24 months,RR,TRUE,TRUE,5,TRUE,,0,NA,NA,NA,NA,NA
4.4,Any ARIA E above 24 months,RR,TRUE,TRUE,10,FALSE,,0,NA,NA,NA,NA,NA
4.4,Any ARIA E above 24 months,RR,TRUE,TRUE,10,TRUE,,0,NA,NA,NA,NA,NA
4.4,Any ARIA E above 24 months,RR,TRUE,TRUE,20,FALSE,,0,NA,NA,NA,NA,NA
4.4,Any ARIA E above 24 months,RR,TRUE,TRUE,20,TRUE,,0,NA,NA,NA,NA,NA
4.4,Any ARIA E above 24 months,RR,TRUE,TRUE,30,FALSE,,0,NA,NA,NA,NA,NA
4.4,Any ARIA E above 24 months,RR,TRUE,TRUE,30,TRUE,,0,NA,NA,NA,NA,NA
4.5,Symptomatic ARIA E at 18 months,RR,FALSE,FALSE,NA,FALSE,TRAILBLAZER-ALZ 2 2023; CLARITY AD 2023,2,52.49035277096728,10.448210290930277,263.7042189332957,1.5168276846694145e-6,0
4.5,Symptomatic ARIA E at 18 months,RR,FALSE,FALSE,NA,TRUE,TRAILBLAZER-ALZ 2 2023; CLARITY AD 2023,2,52.49035277096728,10.448210290930277,263.7042189332957,1.5168276846694145e-6,0
4.5,Symptomatic ARIA E at 18 months,RR,FALSE,FALSE,5,FALSE,TRAILBLAZER-ALZ 2 2023; CLARITY AD 2023,2,52.49035277096728,10.448210290930277,263.7042189332957,1.5168276846694145e-6,0
4.5,Symptomatic ARIA E at 18 months,RR,FALSE,FALSE,5,TRUE,TRAILBLAZER-ALZ 2 2023; CLARITY AD 2023,2,52.49035277096728,10.448210290930277,263.7042189332957,1.5168276846694145e-6,0
4.5,Symptomatic ARIA E at 18 months,RR,FALSE,FALSE,10,FALSE,TRAILBLAZER-ALZ 2 2023; CLARITY AD 2023,2,52.49035277096728,10.448210290930277,263.7042189332957,1.5168276846694145e-6,0
4.5,Symptomatic ARIA E at 18 months,RR,FALSE,FALSE,10,TRUE,TRAILBLAZER-ALZ 2 2023; CLARITY AD 2023,2,52.49035277096728,10.448210290930277,263.7042189332957,1.5168276846694145e-6,0
4.5,Symptomatic ARIA E at 18 months,RR,FALSE,FALSE,20,FALSE,TRAILBLAZER-ALZ 2 2023; CLARITY AD 2023,2,52.49035277096728,10.448210290930277,263.7042189332957,1.5168276846694145e-6,0
4.5,Symptomatic ARIA E at 18 months,RR,FALSE,FALSE,20,TRUE,TRAILBLAZER-ALZ 2 2023; CLARITY AD 2023,2,52.49035277096728,10.448210290930277,263.7042189332957,1.5168276846694145e-6,0
4.5,Symptomatic ARIA E at 18 months,RR,FALSE,FALSE,30,FALSE,TRAILBLAZER-ALZ 2 2023; CLARITY AD 2023,2,52.49035277096728,10.448210290930277,263.7042189332957,1.5168276846694145e-6,0
4.5,Symptomatic ARIA E at 18 months,RR,FALSE,FALSE,30,TRUE,TRAILBLAZER-ALZ 2 2023; CLARITY AD 2023,2,52.49035277096728,10.448210290930277,263.7042189332957,1.5168276846694145e-6,0
4.5,Symptomatic ARIA E at 18 months,RR,FALSE,TRUE,NA,FALSE,TRAILBLAZER-ALZ 2 2023; CLARITY AD 2023,2,52.49035277096728,10.448210290930277,263.7042189332957,1.5168276846694145e-6,0
4.5,Symptomatic ARIA E at 18 months,RR,FALSE,TRUE,NA,TRUE,TRAILBLAZER-ALZ 2 2023; CLARITY AD 2023,2,52.49035277096728,10.448210290930277,263.7042189332957,1.5168276846694145e-6,0
4.5,Symptomatic ARIA E at 18 months,RR,FALSE,TRUE,5,FALSE,TRAILBLAZER-ALZ 2 2023; CLARITY AD 2023,2,52.49035277096728,10.448210290930277,263.7042189332957,1.5168276846694145e-6,0
4.5,Symptomatic ARIA E at 18 months,RR,FALSE,TRUE,5,TRUE,TRAILBLAZER-ALZ 2 2023; CLARITY AD 2023,2,52.49035277096728,10.448210290930277,263.7042189332957,1.5168276846694145e-6,0
4.5,Symptomatic ARIA E at 18 months,RR,FALSE,TRUE,10,FALSE,TRAILBLAZER-ALZ 2 2023; CLARITY AD 2023,2,52.49035277096728,10.448210290930277,263.7042189332957,1.5168276846694145e-6,0
4.5,Symptomatic ARIA E at 18 months,RR,FALSE,TRUE,10,TRUE,TRAILBLAZER-ALZ 2 2023; CLARITY AD 2023,2,52.49035277096728,10.448210290930277,263.7042189332957,1.5168276846694145e-6,0
4.5,Symptomatic ARIA E at 18 months,RR,FALSE,TRUE,20,FALSE,TRAILBLAZER-ALZ 2 2023; CLARITY AD 2023,2,52.49035277096728,10.448210290930277,263.7042189332957,1.5168276846694145e-6,0
4.5,Symptomatic ARIA E at 18 months,RR,FALSE,TRUE,20,TRUE,TRAILBLAZER-ALZ 2 2023; CLARITY AD 2023,2,52.49035277096728,10.448210290930277,263.7042189332957,1.5168276846694145e-6,0
4.5,Symptomatic ARIA E at 18 months,RR,FALSE,TRUE,30,FALSE,TRAILBLAZER-ALZ 2 2023; CLARITY AD 2023,2,52.49035277096728,10.448210290930277,263.7042189332957,1.5168276846694145e-6,0
4.5,Symptomatic ARIA E at 18 months,RR,FALSE,TRUE,30,TRUE,TRAILBLAZER-ALZ 2 2023; CLARITY AD 2023,2,52.49035277096728,10.448210290930277,263.7042189332957,1.5168276846694145e-6,0
4.5,Symptomatic ARIA E at 18 months,RR,TRUE,FALSE,NA,FALSE,TRAILBLAZER-ALZ 2 2023; CLARITY AD 2023,2,52.49035277096728,10.448210290930277,263.7042189332957,1.5168276846694145e-6,0
4.5,Symptomatic ARIA E at 18 months,RR,TRUE,FALSE,NA,TRUE,TRAILBLAZER-ALZ 2 2023; CLARITY AD 2023,2,52.49035277096728,10.448210290930277,263.7042189332957,1.5168276846694145e-6,0
4.5,Symptomatic ARIA E at 18 months,RR,TRUE,FALSE,5,FALSE,TRAILBLAZER-ALZ 2 2023; CLARITY AD 2023,2,52.49035277096728,10.448210290930277,263.7042189332957,1.5168276846694145e-6,0
4.5,Symptomatic ARIA E at 18 months,RR,TRUE,FALSE,5,TRUE,TRAILBLAZER-ALZ 2 2023; CLARITY AD 2023,2,52.49035277096728,10.448210290930277,263.7042189332957,1.5168276846694145e-6,0
4.5,Symptomatic ARIA E at 18 months,RR,TRUE,FALSE,10,FALSE,TRAILBLAZER-ALZ 2 2023; CLARITY AD 2023,2,52.49035277096728,10.448210290930277,263.7042189332957,1.5168276846694145e-6,0
4.5,Symptomatic ARIA E at 18 months,RR,TRUE,FALSE,10,TRUE,TRAILBLAZER-ALZ 2 2023; CLARITY AD 2023,2,52.49035277096728,10.448210290930277,263.7042189332957,1.5168276846694145e-6,0
4.5,Symptomatic ARIA E at 18 months,RR,TRUE,FALSE,20,FALSE,TRAILBLAZER-ALZ 2 2023; CLARITY AD 2023,2,52.49035277096728,10.448210290930277,263.7042189332957,1.5168276846694145e-6,0
4.5,Symptomatic ARIA E at 18 months,RR,TRUE,FALSE,20,TRUE,TRAILBLAZER-ALZ 2 2023; CLARITY AD 2023,2,52.49035277096728,10.448210290930277,263.7042189332957,1.5168276846694145e-6,0
4.5,Symptomatic ARIA E at 18 months,RR,TRUE,FALSE,30,FALSE,TRAILBLAZER-ALZ 2 2023; CLARITY AD 2023,2,52.49035277096728,10.448210290930277,263.7042189332957,1.5168276846694145e-6,0
4.5,Symptomatic ARIA E at 18 months,RR,TRUE,FALSE,30,TRUE,TRAILBLAZER-ALZ 2 2023; CLARITY AD 2023,2,52.49035277096728,10.448210290930277,263.7042189332957,1.5168276846694145e-6,0
4.5,Symptomatic ARIA E at 18 months,RR,TRUE,TRUE,NA,FALSE,TRAILBLAZER-ALZ 2 2023; CLARITY AD 2023,2,52.49035277096728,10.448210290930277,263.7042189332957,1.5168276846694145e-6,0
4.5,Symptomatic ARIA E at 18 months,RR,TRUE,TRUE,NA,TRUE,TRAILBLAZER-ALZ 2 2023; CLARITY AD 2023,2,52.49035277096728,10.448210290930277,263.7042189332957,1.5168276846694145e-6,0
4.5,Symptomatic ARIA E at 18 months,RR,TRUE,TRUE,5,FALSE,TRAILBLAZER-ALZ 2 2023; CLARITY AD 2023,2,52.49035277096728,10.448210290930277,263.7042189332957,1.5168276846694145e-6,0
4.5,Symptomatic ARIA E at 18 months,RR,TRUE,TRUE,5,TRUE,TRAILBLAZER-ALZ 2 2023; CLARITY AD 2023,2,52.49035277096728,10.448210290930277,263.7042189332957,1.5168276846694145e-6,0
4.5,Symptomatic ARIA E at 18 months,RR,TRUE,TRUE,10,FALSE,TRAILBLAZER-ALZ 2 2023; CLARITY AD 2023,2,52.49035277096728,10.448210290930277,263.7042189332957,1.5168276846694145e-6,0
4.5,Symptomatic ARIA E at 18 months,RR,TRUE,TRUE,10,TRUE,TRAILBLAZER-ALZ 2 2023; CLARITY AD 2023,2,52.49035277096728,10.448210290930277,263.7042189332957,1.5168276846694145e-6,0
4.5,Symptomatic ARIA E at 18 months,RR,TRUE,TRUE,20,FALSE,TRAILBLAZER-ALZ 2 2023; CLARITY AD 2023,2,52.49035277096728,10.448210290930277,263.7042189332957,1.5168276846694145e-6,0
4.5,Symptomatic ARIA E at 18 months,RR,TRUE,TRUE,20,TRUE,TRAILBLAZER-ALZ 2 2023; CLARITY AD 2023,2,52.49035277096728,10.448210290930277,263.7042189332957,1.5168276846694145e-6,0
4.5,Symptomatic ARIA E at 18 months,RR,TRUE,TRUE,30,FALSE,TRAILBLAZER-ALZ 2 2023; CLARITY AD 2023,2,52.49035277096728,10.448210290930277,263.7042189332957,1.5168276846694145e-6,0
4.5,Symptomatic ARIA E at 18 months,RR,TRUE,TRUE,30,TRUE,TRAILBLAZER-ALZ 2 2023; CLARITY AD 2023,2,52.49035277096728,10.448210290930277,263.7042189332957,1.5168276846694145e-6,0
4.6,Symptomatic ARIA E above 24 months,RR,FALSE,FALSE,NA,FALSE,GRADUATE I 2023; GRADUATE II 2023,2,15.546661816944196,4.331361582881384,55.80201260630923,2.5749219266435758e-5,0
4.6,Symptomatic ARIA E above 24 months,RR,FALSE,FALSE,NA,TRUE,GRADUATE I 2023; GRADUATE II 2023,2,15.546661816944196,4.331361582881384,55.80201260630923,2.5749219266435758e-5,0
4.6,Symptomatic ARIA E above 24 months,RR,FALSE,FALSE,5,FALSE,GRADUATE I 2023; GRADUATE II 2023,2,15.546661816944196,4.331361582881384,55.80201260630923,2.5749219266435758e-5,0
4.6,Symptomatic ARIA E above 24 months,RR,FALSE,FALSE,5,TRUE,GRADUATE I 2023; GRADUATE II 2023,2,15.546661816944196,4.331361582881384,55.80201260630923,2.5749219266435758e-5,0
4.6,Symptomatic ARIA E above 24 months,RR,FALSE,FALSE,10,FALSE,GRADUATE I 2023; GRADUATE II 2023,2,15.546661816944196,4.331361582881384,55.80201260630923,2.5749219266435758e-5,0
4.6,Symptomatic ARIA E above 24 months,RR,FALSE,FALSE,10,TRUE,GRADUATE I 2023; GRADUATE II 2023,2,15.546661816944196,4.331361582881384,55.80201260630923,2.5749219266435758e-5,0
4.6,Symptomatic ARIA E above 24 months,RR,FALSE,FALSE,20,FALSE,GRADUATE I 2023; GRADUATE II 2023,2,15.546661816944196,4.331361582881384,55.80201260630923,2.5749219266435758e-5,0
4.6,Symptomatic ARIA E above 24 months,RR,FALSE,FALSE,20,TRUE,GRADUATE I 2023; GRADUATE II 2023,2,15.546661816944196,4.331361582881384,55.80201260630923,2.5749219266435758e-5,0
4.6,Symptomatic ARIA E above 24 months,RR,FALSE,FALSE,30,FALSE,GRADUATE I 2023; GRADUATE II 2023,2,15.546661816944196,4.331361582881384,55.80201260630923,2.5749219266435758e-5,0
4.6,Symptomatic ARIA E above 24 months,RR,FALSE,FALSE,30,TRUE,GRADUATE I 2023; GRADUATE II 2023,2,15.546661816944196,4.331361582881384,55.80201260630923,2.5749219266435758e-5,0
4.6,Symptomatic ARIA E above 24 months,RR,FALSE,TRUE,NA,FALSE,,0,NA,NA,NA,NA,NA
4.6,Symptomatic ARIA E above 24 months,RR,FALSE,TRUE,NA,TRUE,,0,NA,NA,NA,NA,NA
4.6,Symptomatic ARIA E above 24 months,RR,FALSE,TRUE,5,FALSE,,0,NA,NA,NA,NA,NA
4.6,Symptomatic ARIA E above 24 months,RR,FALSE,TRUE,5,TRUE,,0,NA,NA,NA,NA,NA
4.6,Symptomatic ARIA E above 24 months,RR,FALSE,TRUE,10,FALSE,,0,NA,NA,NA,NA,NA
4.6,Symptomatic ARIA E above 24 months,RR,FALSE,TRUE,10,TRUE,,0,NA,NA,NA,NA,NA
4.6,Symptomatic ARIA E above 24 months,RR,FALSE,TRUE,20,FALSE,,0,NA,NA,NA,NA,NA
4.6,Symptomatic ARIA E above 24 months,RR,FALSE,TRUE,20,TRUE,,0,NA,NA,NA,NA,NA
4.6,Symptomatic ARIA E above 24 months,RR,FALSE,TRUE,30,FALSE,,0,NA,NA,NA,NA,NA
4.6,Symptomatic ARIA E above 24 months,RR,FALSE,TRUE,30,TRUE,,0,NA,NA,NA,NA,NA
4.6,Symptomatic ARIA E above 24 months,RR,TRUE,FALSE,NA,FALSE,GRADUATE I 2023; GRADUATE II 2023,2,15.546661816944196,4.331361582881384,55.80201260630923,2.5749219266435758e-5,0
4.6,Symptomatic ARIA E above 24 months,RR,TRUE,FALSE,NA,TRUE,GRADUATE I 2023; GRADUATE II 2023,2,15.546661816944196,4.331361582881384,55.80201260630923,2.5749219266435758e-5,0
4.6,Symptomatic ARIA E above 24 months,RR,TRUE,FALSE,5,FALSE,GRADUATE I 2023; GRADUATE II 2023,2,15.546661816944196,4.331361582881384,55.80201260630923,2.5749219266435758e-5,0
4.6,Symptomatic ARIA E above 24 months,RR,TRUE,FALSE,5,TRUE,GRADUATE I 2023; GRADUATE II 2023,2,15.546661816944196,4.331361582881384,55.80201260630923,2.5749219266435758e-5,0
4.6,Symptomatic ARIA E above 24 months,RR,TRUE,FALSE,10,FALSE,GRADUATE I 2023; GRADUATE II 2023,2,15.546661816944196,4.331361582881384,55.80201260630923,2.5749219266435758e-5,0
4.6,Symptomatic ARIA E above 24 months,RR,TRUE,FALSE,10,TRUE,GRADUATE I 2023; GRADUATE II 2023,2,15.546661816944196,4.331361582881384,55.80201260630923,2.5749219266435758e-5,0
4.6,Symptomatic ARIA E above 24 months,RR,TRUE,FALSE,20,FALSE,GRADUATE I 2023; GRADUATE II 2023,2,15.546661816944196,4.331361582881384,55.80201260630923,2.5749219266435758e-5,0
4.6,Symptomatic ARIA E above 24 months,RR,TRUE,FALSE,20,TRUE,GRADUATE I 2023; GRADUATE II 2023,2,15.546661816944196,4.331361582881384,55.80201260630923,2.5749219266435758e-5,0
4.6,Symptomatic ARIA E above 24 months,RR,TRUE,FALSE,30,FALSE,GRADUATE I 2023; GRADUATE II 2023,2,15.546661816944196,4.331361582881384,55.80201260630923,2.5749219266435758e-5,0
4.6,Symptomatic ARIA E above 24 months,RR,TRUE,FALSE,30,TRUE,GRADUATE I 2023; GRADUATE II 2023,2,15.546661816944196,4.331361582881384,55.80201260630923,2.5749219266435758e-5,0
4.6,Symptomatic ARIA E above 24 months,RR,TRUE,TRUE,NA,FALSE,,0,NA,NA,NA,NA,NA
4.6,Symptomatic ARIA E above 24 months,RR,TRUE,TRUE,NA,TRUE,,0,NA,NA,NA,NA,NA
4.6,Symptomatic ARIA E above 24 months,RR,TRUE,TRUE,5,FALSE,,0,NA,NA,NA,NA,NA
4.6,Symptomatic ARIA E above 24 months,RR,TRUE,TRUE,5,TRUE,,0,NA,NA,NA,NA,NA
4.6,Symptomatic ARIA E above 24 months,RR,TRUE,TRUE,10,FALSE,,0,NA,NA,NA,NA,NA
4.6,Symptomatic ARIA E above 24 months,RR,TRUE,TRUE,10,TRUE,,0,NA,NA,NA,NA,NA
4.6,Symptomatic ARIA E above 24 months,RR,TRUE,TRUE,20,FALSE,,0,NA,NA,NA,NA,NA
4.6,Symptomatic ARIA E above 24 months,RR,TRUE,TRUE,20,TRUE,,0,NA,NA,NA,NA,NA
4.6,Symptomatic ARIA E above 24 months,RR,TRUE,TRUE,30,FALSE,,0,NA,NA,NA,NA,NA
4.6,Symptomatic ARIA E above 24 months,RR,TRUE,TRUE,30,TRUE,,0,NA,NA,NA,NA,NA
4.7,Any ARIA H at 18 months,RR,FALSE,FALSE,NA,FALSE,TRAILBLAZER-ALZ 2 2023; CLARITY AD 2023; CREAD 2 2022,3,1.647567809136657,0.47206706494317713,5.750199256180067,0.22780056624626227,0.19569237236659237
4.7,Any ARIA H at 18 months,RR,FALSE,FALSE,NA,TRUE,TRAILBLAZER-ALZ 2 2023; CLARITY AD 2023,2,2.1381611827436675,1.783838716365453,2.562862438991482,2.0183075695539462e-16,0.004539150272811235
4.7,Any ARIA H at 18 months,RR,FALSE,FALSE,5,FALSE,TRAILBLAZER-ALZ 2 2023; CLARITY AD 2023,2,2.1381611827436675,1.783838716365453,2.562862438991482,2.0183075695539462e-16,0.004539150272811235
4.7,Any ARIA H at 18 months,RR,FALSE,FALSE,5,TRUE,TRAILBLAZER-ALZ 2 2023; CLARITY AD 2023,2,2.1381611827436675,1.783838716365453,2.562862438991482,2.0183075695539462e-16,0.004539150272811235
4.7,Any ARIA H at 18 months,RR,FALSE,FALSE,10,FALSE,TRAILBLAZER-ALZ 2 2023; CLARITY AD 2023,2,2.1381611827436675,1.783838716365453,2.562862438991482,2.0183075695539462e-16,0.004539150272811235
4.7,Any ARIA H at 18 months,RR,FALSE,FALSE,10,TRUE,TRAILBLAZER-ALZ 2 2023; CLARITY AD 2023,2,2.1381611827436675,1.783838716365453,2.562862438991482,2.0183075695539462e-16,0.004539150272811235
4.7,Any ARIA H at 18 months,RR,FALSE,FALSE,20,FALSE,TRAILBLAZER-ALZ 2 2023; CLARITY AD 2023,2,2.1381611827436675,1.783838716365453,2.562862438991482,2.0183075695539462e-16,0.004539150272811235
4.7,Any ARIA H at 18 months,RR,FALSE,FALSE,20,TRUE,TRAILBLAZER-ALZ 2 2023; CLARITY AD 2023,2,2.1381611827436675,1.783838716365453,2.562862438991482,2.0183075695539462e-16,0.004539150272811235
4.7,Any ARIA H at 18 months,RR,FALSE,FALSE,30,FALSE,TRAILBLAZER-ALZ 2 2023; CLARITY AD 2023,2,2.1381611827436675,1.783838716365453,2.562862438991482,2.0183075695539462e-16,0.004539150272811235
4.7,Any ARIA H at 18 months,RR,FALSE,FALSE,30,TRUE,TRAILBLAZER-ALZ 2 2023; CLARITY AD 2023,2,2.1381611827436675,1.783838716365453,2.562862438991482,2.0183075695539462e-16,0.004539150272811235
4.7,Any ARIA H at 18 months,RR,FALSE,TRUE,NA,FALSE,TRAILBLAZER-ALZ 2 2023; CLARITY AD 2023,2,2.1381611827436675,1.783838716365453,2.562862438991482,2.0183075695539462e-16,0.004539150272811235
4.7,Any ARIA H at 18 months,RR,FALSE,TRUE,NA,TRUE,TRAILBLAZER-ALZ 2 2023; CLARITY AD 2023,2,2.1381611827436675,1.783838716365453,2.562862438991482,2.0183075695539462e-16,0.004539150272811235
4.7,Any ARIA H at 18 months,RR,FALSE,TRUE,5,FALSE,TRAILBLAZER-ALZ 2 2023; CLARITY AD 2023,2,2.1381611827436675,1.783838716365453,2.562862438991482,2.0183075695539462e-16,0.004539150272811235
4.7,Any ARIA H at 18 months,RR,FALSE,TRUE,5,TRUE,TRAILBLAZER-ALZ 2 2023; CLARITY AD 2023,2,2.1381611827436675,1.783838716365453,2.562862438991482,2.0183075695539462e-16,0.004539150272811235
4.7,Any ARIA H at 18 months,RR,FALSE,TRUE,10,FALSE,TRAILBLAZER-ALZ 2 2023; CLARITY AD 2023,2,2.1381611827436675,1.783838716365453,2.562862438991482,2.0183075695539462e-16,0.004539150272811235
4.7,Any ARIA H at 18 months,RR,FALSE,TRUE,10,TRUE,TRAILBLAZER-ALZ 2 2023; CLARITY AD 2023,2,2.1381611827436675,1.783838716365453,2.562862438991482,2.0183075695539462e-16,0.004539150272811235
4.7,Any ARIA H at 18 months,RR,FALSE,TRUE,20,FALSE,TRAILBLAZER-ALZ 2 2023; CLARITY AD 2023,2,2.1381611827436675,1.783838716365453,2.562862438991482,2.0183075695539462e-16,0.004539150272811235
4.7,Any ARIA H at 18 months,RR,FALSE,TRUE,20,TRUE,TRAILBLAZER-ALZ 2 2023; CLARITY AD 2023,2,2.1381611827436675,1.783838716365453,2.562862438991482,2.0183075695539462e-16,0.004539150272811235
4.7,Any ARIA H at 18 months,RR,FALSE,TRUE,30,FALSE,TRAILBLAZER-ALZ 2 2023; CLARITY AD 2023,2,2.1381611827436675,1.783838716365453,2.562862438991482,2.0183075695539462e-16,0.004539150272811235
4.7,Any ARIA H at 18 months,RR,FALSE,TRUE,30,TRUE,TRAILBLAZER-ALZ 2 2023; CLARITY AD 2023,2,2.1381611827436675,1.783838716365453,2.562862438991482,2.0183075695539462e-16,0.004539150272811235
4.7,Any ARIA H at 18 months,RR,TRUE,FALSE,NA,FALSE,TRAILBLAZER-ALZ 2 2023; CLARITY AD 2023; CREAD 2 2022,3,1.647567809136657,0.47206706494317713,5.750199256180067,0.22780056624626227,0.19569237236659237
4.7,Any ARIA H at 18 months,RR,TRUE,FALSE,NA,TRUE,TRAILBLAZER-ALZ 2 2023; CLARITY AD 2023,2,2.1381611827436675,1.783838716365453,2.562862438991482,2.0183075695539462e-16,0.004539150272811235
4.7,Any ARIA H at 18 months,RR,TRUE,FALSE,5,FALSE,TRAILBLAZER-ALZ 2 2023; CLARITY AD 2023,2,2.1381611827436675,1.783838716365453,2.562862438991482,2.0183075695539462e-16,0.004539150272811235
4.7,Any ARIA H at 18 months,RR,TRUE,FALSE,5,TRUE,TRAILBLAZER-ALZ 2 2023; CLARITY AD 2023,2,2.1381611827436675,1.783838716365453,2.562862438991482,2.0183075695539462e-16,0.004539150272811235
4.7,Any ARIA H at 18 months,RR,TRUE,FALSE,10,FALSE,TRAILBLAZER-ALZ 2 2023; CLARITY AD 2023,2,2.1381611827436675,1.783838716365453,2.562862438991482,2.0183075695539462e-16,0.004539150272811235
4.7,Any ARIA H at 18 months,RR,TRUE,FALSE,10,TRUE,TRAILBLAZER-ALZ 2 2023; CLARITY AD 2023,2,2.1381611827436675,1.783838716365453,2.562862438991482,2.0183075695539462e-16,0.004539150272811235
4.7,Any ARIA H at 18 months,RR,TRUE,FALSE,20,FALSE,TRAILBLAZER-ALZ 2 2023; CLARITY AD 2023,2,2.1381611827436675,1.783838716365453,2.562862438991482,2.0183075695539462e-16,0.004539150272811235
4.7,Any ARIA H at 18 months,RR,TRUE,FALSE,20,TRUE,TRAILBLAZER-ALZ 2 2023; CLARITY AD 2023,2,2.1381611827436675,1.783838716365453,2.562862438991482,2.0183075695539462e-16,0.004539150272811235
4.7,Any ARIA H at 18 months,RR,TRUE,FALSE,30,FALSE,TRAILBLAZER-ALZ 2 2023; CLARITY AD 2023,2,2.1381611827436675,1.783838716365453,2.562862438991482,2.0183075695539462e-16,0.004539150272811235
4.7,Any ARIA H at 18 months,RR,TRUE,FALSE,30,TRUE,TRAILBLAZER-ALZ 2 2023; CLARITY AD 2023,2,2.1381611827436675,1.783838716365453,2.562862438991482,2.0183075695539462e-16,0.004539150272811235
4.7,Any ARIA H at 18 months,RR,TRUE,TRUE,NA,FALSE,TRAILBLAZER-ALZ 2 2023; CLARITY AD 2023,2,2.1381611827436675,1.783838716365453,2.562862438991482,2.0183075695539462e-16,0.004539150272811235
4.7,Any ARIA H at 18 months,RR,TRUE,TRUE,NA,TRUE,TRAILBLAZER-ALZ 2 2023; CLARITY AD 2023,2,2.1381611827436675,1.783838716365453,2.562862438991482,2.0183075695539462e-16,0.004539150272811235
4.7,Any ARIA H at 18 months,RR,TRUE,TRUE,5,FALSE,TRAILBLAZER-ALZ 2 2023; CLARITY AD 2023,2,2.1381611827436675,1.783838716365453,2.562862438991482,2.0183075695539462e-16,0.004539150272811235
4.7,Any ARIA H at 18 months,RR,TRUE,TRUE,5,TRUE,TRAILBLAZER-ALZ 2 2023; CLARITY AD 2023,2,2.1381611827436675,1.783838716365453,2.562862438991482,2.0183075695539462e-16,0.004539150272811235
4.7,Any ARIA H at 18 months,RR,TRUE,TRUE,10,FALSE,TRAILBLAZER-ALZ 2 2023; CLARITY AD 2023,2,2.1381611827436675,1.783838716365453,2.562862438991482,2.0183075695539462e-16,0.004539150272811235
4.7,Any ARIA H at 18 months,RR,TRUE,TRUE,10,TRUE,TRAILBLAZER-ALZ 2 2023; CLARITY AD 2023,2,2.1381611827436675,1.783838716365453,2.562862438991482,2.0183075695539462e-16,0.004539150272811235
4.7,Any ARIA H at 18 months,RR,TRUE,TRUE,20,FALSE,TRAILBLAZER-ALZ 2 2023; CLARITY AD 2023,2,2.1381611827436675,1.783838716365453,2.562862438991482,2.0183075695539462e-16,0.004539150272811235
4.7,Any ARIA H at 18 months,RR,TRUE,TRUE,20,TRUE,TRAILBLAZER-ALZ 2 2023; CLARITY AD 2023,2,2.1381611827436675,1.783838716365453,2.562862438991482,2.0183075695539462e-16,0.004539150272811235
4.7,Any ARIA H at 18 months,RR,TRUE,TRUE,30,FALSE,TRAILBLAZER-ALZ 2 2023; CLARITY AD 2023,2,2.1381611827436675,1.783838716365453,2.562862438991482,2.0183075695539462e-16,0.004539150272811235
4.7,Any ARIA H at 18 months,RR,TRUE,TRUE,30,TRUE,TRAILBLAZER-ALZ 2 2023; CLARITY AD 2023,2,2.1381611827436675,1.783838716365453,2.562862438991482,2.0183075695539462e-16,0.004539150272811235
4.8,Any ARIA H at 24 months,RR,FALSE,FALSE,NA,FALSE,Marguerite RoAD 2024; SCarlet RoAD 2017; ENVISION; CREAD 2022,4,1.2748171281299332,1.0766184904677847,1.5095028782826572,0.01962356765593941,0
4.8,Any ARIA H at 24 months,RR,FALSE,FALSE,NA,TRUE,SCarlet RoAD 2017; CREAD 2022,2,1.2386694259944677,0.9128891823569751,1.6807099662765992,0.16924748394576175,0
4.8,Any ARIA H at 24 months,RR,FALSE,FALSE,5,FALSE,SCarlet RoAD 2017,1,1.2276923076923076,0.8109055798806889,1.858697781545204,0.3323238026305924,0
4.8,Any ARIA H at 24 months,RR,FALSE,FALSE,5,TRUE,SCarlet RoAD 2017,1,1.2276923076923076,0.8109055798806889,1.858697781545204,0.3323238026305924,0
4.8,Any ARIA H at 24 months,RR,FALSE,FALSE,10,FALSE,SCarlet RoAD 2017,1,1.2276923076923076,0.8109055798806889,1.858697781545204,0.3323238026305924,0
4.8,Any ARIA H at 24 months,RR,FALSE,FALSE,10,TRUE,SCarlet RoAD 2017,1,1.2276923076923076,0.8109055798806889,1.858697781545204,0.3323238026305924,0
4.8,Any ARIA H at 24 months,RR,FALSE,FALSE,20,FALSE,,0,NA,NA,NA,NA,NA
4.8,Any ARIA H at 24 months,RR,FALSE,FALSE,20,TRUE,,0,NA,NA,NA,NA,NA
4.8,Any ARIA H at 24 months,RR,FALSE,FALSE,30,FALSE,,0,NA,NA,NA,NA,NA
4.8,Any ARIA H at 24 months,RR,FALSE,FALSE,30,TRUE,,0,NA,NA,NA,NA,NA
4.8,Any ARIA H at 24 months,RR,FALSE,TRUE,NA,FALSE,ENVISION,1,2.5330396475770924,0.1219389015529841,52.61889171118633,0.5481833162508196,0
4.8,Any ARIA H at 24 months,RR,FALSE,TRUE,NA,TRUE,,0,NA,NA,NA,NA,NA
4.8,Any ARIA H at 24 months,RR,FALSE,TRUE,5,FALSE,,0,NA,NA,NA,NA,NA
4.8,Any ARIA H at 24 months,RR,FALSE,TRUE,5,TRUE,,0,NA,NA,NA,NA,NA
4.8,Any ARIA H at 24 months,RR,FALSE,TRUE,10,FALSE,,0,NA,NA,NA,NA,NA
4.8,Any ARIA H at 24 months,RR,FALSE,TRUE,10,TRUE,,0,NA,NA,NA,NA,NA
4.8,Any ARIA H at 24 months,RR,FALSE,TRUE,20,FALSE,,0,NA,NA,NA,NA,NA
4.8,Any ARIA H at 24 months,RR,FALSE,TRUE,20,TRUE,,0,NA,NA,NA,NA,NA
4.8,Any ARIA H at 24 months,RR,FALSE,TRUE,30,FALSE,,0,NA,NA,NA,NA,NA
4.8,Any ARIA H at 24 months,RR,FALSE,TRUE,30,TRUE,,0,NA,NA,NA,NA,NA
4.8,Any ARIA H at 24 months,RR,TRUE,FALSE,NA,FALSE,Marguerite RoAD 2024; SCarlet RoAD 2017; ENVISION; CREAD 2022,4,1.2748171281299332,1.0766184904677847,1.5095028782826572,0.01962356765593941,0
4.8,Any ARIA H at 24 months,RR,TRUE,FALSE,NA,TRUE,SCarlet RoAD 2017; CREAD 2022,2,1.2386694259944677,0.9128891823569751,1.6807099662765992,0.16924748394576175,0
4.8,Any ARIA H at 24 months,RR,TRUE,FALSE,5,FALSE,SCarlet RoAD 2017,1,1.2276923076923076,0.8109055798806889,1.858697781545204,0.3323238026305924,0
4.8,Any ARIA H at 24 months,RR,TRUE,FALSE,5,TRUE,SCarlet RoAD 2017,1,1.2276923076923076,0.8109055798806889,1.858697781545204,0.3323238026305924,0
4.8,Any ARIA H at 24 months,RR,TRUE,FALSE,10,FALSE,SCarlet RoAD 2017,1,1.2276923076923076,0.8109055798806889,1.858697781545204,0.3323238026305924,0
4.8,Any ARIA H at 24 months,RR,TRUE,FALSE,10,TRUE,SCarlet RoAD 2017,1,1.2276923076923076,0.8109055798806889,1.858697781545204,0.3323238026305924,0
4.8,Any ARIA H at 24 months,RR,TRUE,FALSE,20,FALSE,,0,NA,NA,NA,NA,NA
4.8,Any ARIA H at 24 months,RR,TRUE,FALSE,20,TRUE,,0,NA,NA,NA,NA,NA
4.8,Any ARIA H at 24 months,RR,TRUE,FALSE,30,FALSE,,0,NA,NA,NA,NA,NA
4.8,Any ARIA H at 24 months,RR,TRUE,FALSE,30,TRUE,,0,NA,NA,NA,NA,NA
4.8,Any ARIA H at 24 months,RR,TRUE,TRUE,NA,FALSE,ENVISION,1,2.5330396475770924,0.1219389015529841,52.61889171118633,0.5481833162508196,0
4.8,Any ARIA H at 24 months,RR,TRUE,TRUE,NA,TRUE,,0,NA,NA,NA,NA,NA
4.8,Any ARIA H at 24 months,RR,TRUE,TRUE,5,FALSE,,0,NA,NA,NA,NA,NA
4.8,Any ARIA H at 24 months,RR,TRUE,TRUE,5,TRUE,,0,NA,NA,NA,NA,NA
4.8,Any ARIA H at 24 months,RR,TRUE,TRUE,10,FALSE,,0,NA,NA,NA,NA,NA
4.8,Any ARIA H at 24 months,RR,TRUE,TRUE,10,TRUE,,0,NA,NA,NA,NA,NA
4.8,Any ARIA H at 24 months,RR,TRUE,TRUE,20,FALSE,,0,NA,NA,NA,NA,NA
4.8,Any ARIA H at 24 months,RR,TRUE,TRUE,20,TRUE,,0,NA,NA,NA,NA,NA
4.8,Any ARIA H at 24 months,RR,TRUE,TRUE,30,FALSE,,0,NA,NA,NA,NA,NA
4.8,Any ARIA H at 24 months,RR,TRUE,TRUE,30,TRUE,,0,NA,NA,NA,NA,NA
4.9,Any ARIA H above 24 months,RR,FALSE,FALSE,NA,FALSE,GRADUATE I 2023; GRADUATE II 2023,2,1.86453837103413,1.518623298927227,2.289246674612755,2.674353802685853e-9,0
4.9,Any ARIA H above 24 months,RR,FALSE,FALSE,NA,TRUE,GRADUATE I 2023; GRADUATE II 2023,2,1.86453837103413,1.518623298927227,2.289246674612755,2.674353802685853e-9,0
4.9,Any ARIA H above 24 months,RR,FALSE,FALSE,5,FALSE,GRADUATE I 2023; GRADUATE II 2023,2,1.86453837103413,1.518623298927227,2.289246674612755,2.674353802685853e-9,0
4.9,Any ARIA H above 24 months,RR,FALSE,FALSE,5,TRUE,GRADUATE I 2023; GRADUATE II 2023,2,1.86453837103413,1.518623298927227,2.289246674612755,2.674353802685853e-9,0
4.9,Any ARIA H above 24 months,RR,FALSE,FALSE,10,FALSE,GRADUATE I 2023; GRADUATE II 2023,2,1.86453837103413,1.518623298927227,2.289246674612755,2.674353802685853e-9,0
4.9,Any ARIA H above 24 months,RR,FALSE,FALSE,10,TRUE,GRADUATE I 2023; GRADUATE II 2023,2,1.86453837103413,1.518623298927227,2.289246674612755,2.674353802685853e-9,0
4.9,Any ARIA H above 24 months,RR,FALSE,FALSE,20,FALSE,GRADUATE I 2023; GRADUATE II 2023,2,1.86453837103413,1.518623298927227,2.289246674612755,2.674353802685853e-9,0
4.9,Any ARIA H above 24 months,RR,FALSE,FALSE,20,TRUE,GRADUATE I 2023; GRADUATE II 2023,2,1.86453837103413,1.518623298927227,2.289246674612755,2.674353802685853e-9,0
4.9,Any ARIA H above 24 months,RR,FALSE,FALSE,30,FALSE,GRADUATE I 2023; GRADUATE II 2023,2,1.86453837103413,1.518623298927227,2.289246674612755,2.674353802685853e-9,0
4.9,Any ARIA H above 24 months,RR,FALSE,FALSE,30,TRUE,GRADUATE I 2023; GRADUATE II 2023,2,1.86453837103413,1.518623298927227,2.289246674612755,2.674353802685853e-9,0
4.9,Any ARIA H above 24 months,RR,FALSE,TRUE,NA,FALSE,,0,NA,NA,NA,NA,NA
4.9,Any ARIA H above 24 months,RR,FALSE,TRUE,NA,TRUE,,0,NA,NA,NA,NA,NA
4.9,Any ARIA H above 24 months,RR,FALSE,TRUE,5,FALSE,,0,NA,NA,NA,NA,NA
4.9,Any ARIA H above 24 months,RR,FALSE,TRUE,5,TRUE,,0,NA,NA,NA,NA,NA
4.9,Any ARIA H above 24 months,RR,FALSE,TRUE,10,FALSE,,0,NA,NA,NA,NA,NA
4.9,Any ARIA H above 24 months,RR,FALSE,TRUE,10,TRUE,,0,NA,NA,NA,NA,NA
4.9,Any ARIA H above 24 months,RR,FALSE,TRUE,20,FALSE,,0,NA,NA,NA,NA,NA
4.9,Any ARIA H above 24 months,RR,FALSE,TRUE,20,TRUE,,0,NA,NA,NA,NA,NA
4.9,Any ARIA H above 24 months,RR,FALSE,TRUE,30,FALSE,,0,NA,NA,NA,NA,NA
4.9,Any ARIA H above 24 months,RR,FALSE,TRUE,30,TRUE,,0,NA,NA,NA,NA,NA
4.9,Any ARIA H above 24 months,RR,TRUE,FALSE,NA,FALSE,GRADUATE I 2023; GRADUATE II 2023,2,1.86453837103413,1.518623298927227,2.289246674612755,2.674353802685853e-9,0
4.9,Any ARIA H above 24 months,RR,TRUE,FALSE,NA,TRUE,GRADUATE I 2023; GRADUATE II 2023,2,1.86453837103413,1.518623298927227,2.289246674612755,2.674353802685853e-9,0
4.9,Any ARIA H above 24 months,RR,TRUE,FALSE,5,FALSE,GRADUATE I 2023; GRADUATE II 2023,2,1.86453837103413,1.518623298927227,2.289246674612755,2.674353802685853e-9,0
4.9,Any ARIA H above 24 months,RR,TRUE,FALSE,5,TRUE,GRADUATE I 2023; GRADUATE II 2023,2,1.86453837103413,1.518623298927227,2.289246674612755,2.674353802685853e-9,0
4.9,Any ARIA H above 24 months,RR,TRUE,FALSE,10,FALSE,GRADUATE I 2023; GRADUATE II 2023,2,1.86453837103413,1.518623298927227,2.289246674612755,2.674353802685853e-9,0
4.9,Any ARIA H above 24 months,RR,TRUE,FALSE,10,TRUE,GRADUATE I 2023; GRADUATE II 2023,2,1.86453837103413,1.518623298927227,2.289246674612755,2.674353802685853e-9,0
4.9,Any ARIA H above 24 months,RR,TRUE,FALSE,20,FALSE,GRADUATE I 2023; GRADUATE II 2023,2,1.86453837103413,1.518623298927227,2.289246674612755,2.674353802685853e-9,0
4.9,Any ARIA H above 24 months,RR,TRUE,FALSE,20,TRUE,GRADUATE I 2023; GRADUATE II 2023,2,1.86453837103413,1.518623298927227,2.289246674612755,2.674353802685853e-9,0
4.9,Any ARIA H above 24 months,RR,TRUE,FALSE,30,FALSE,GRADUATE I 2023; GRADUATE II 2023,2,1.86453837103413,1.518623298927227,2.289246674612755,2.674353802685853e-9,0
4.9,Any ARIA H above 24 months,RR,TRUE,FALSE,30,TRUE,GRADUATE I 2023; GRADUATE II 2023,2,1.86453837103413,1.518623298927227,2.289246674612755,2.674353802685853e-9,0
4.9,Any ARIA H above 24 months,RR,TRUE,TRUE,NA,FALSE,,0,NA,NA,NA,NA,NA
4.9,Any ARIA H above 24 months,RR,TRUE,TRUE,NA,TRUE,,0,NA,NA,NA,NA,NA
4.9,Any ARIA H above 24 months,RR,TRUE,TRUE,5,FALSE,,0,NA,NA,NA,NA,NA
4.9,Any ARIA H above 24 months,RR,TRUE,TRUE,5,TRUE,,0,NA,NA,NA,NA,NA
4.9,Any ARIA H above 24 months,RR,TRUE,TRUE,10,FALSE,,0,NA,NA,NA,NA,NA
4.9,Any ARIA H above 24 months,RR,TRUE,TRUE,10,TRUE,,0,NA,NA,NA,NA,NA
4.9,Any ARIA H above 24 months,RR,TRUE,TRUE,20,FALSE,,0,NA,NA,NA,NA,NA
4.9,Any ARIA H above 24 months,RR,TRUE,TRUE,20,TRUE,,0,NA,NA,NA,NA,NA
4.9,Any ARIA H above 24 months,RR,TRUE,TRUE,30,FALSE,,0,NA,NA,NA,NA,NA
4.9,Any ARIA H above 24 months,RR,TRUE,TRUE,30,TRUE,,0,NA,NA,NA,NA,NA
4.10,Symptomatic ARIA H at 18 months,RR,FALSE,FALSE,NA,FALSE,CLARITY AD 2023,1,2.9966592427616936,0.6064346384801172,14.807806229101974,0.17817119958296707,0
4.10,Symptomatic ARIA H at 18 months,RR,FALSE,FALSE,NA,TRUE,CLARITY AD 2023,1,2.9966592427616936,0.6064346384801172,14.807806229101974,0.17817119958296707,0
4.10,Symptomatic ARIA H at 18 months,RR,FALSE,FALSE,5,FALSE,CLARITY AD 2023,1,2.9966592427616936,0.6064346384801172,14.807806229101974,0.17817119958296707,0
4.10,Symptomatic ARIA H at 18 months,RR,FALSE,FALSE,5,TRUE,CLARITY AD 2023,1,2.9966592427616936,0.6064346384801172,14.807806229101974,0.17817119958296707,0
4.10,Symptomatic ARIA H at 18 months,RR,FALSE,FALSE,10,FALSE,CLARITY AD 2023,1,2.9966592427616936,0.6064346384801172,14.807806229101974,0.17817119958296707,0
4.10,Symptomatic ARIA H at 18 months,RR,FALSE,FALSE,10,TRUE,CLARITY AD 2023,1,2.9966592427616936,0.6064346384801172,14.807806229101974,0.17817119958296707,0
4.10,Symptomatic ARIA H at 18 months,RR,FALSE,FALSE,20,FALSE,CLARITY AD 2023,1,2.9966592427616936,0.6064346384801172,14.807806229101974,0.17817119958296707,0
4.10,Symptomatic ARIA H at 18 months,RR,FALSE,FALSE,20,TRUE,CLARITY AD 2023,1,2.9966592427616936,0.6064346384801172,14.807806229101974,0.17817119958296707,0
4.10,Symptomatic ARIA H at 18 months,RR,FALSE,FALSE,30,FALSE,CLARITY AD 2023,1,2.9966592427616936,0.6064346384801172,14.807806229101974,0.17817119958296707,0
4.10,Symptomatic ARIA H at 18 months,RR,FALSE,FALSE,30,TRUE,CLARITY AD 2023,1,2.9966592427616936,0.6064346384801172,14.807806229101974,0.17817119958296707,0
4.10,Symptomatic ARIA H at 18 months,RR,FALSE,TRUE,NA,FALSE,CLARITY AD 2023,1,2.9966592427616936,0.6064346384801172,14.807806229101974,0.17817119958296707,0
4.10,Symptomatic ARIA H at 18 months,RR,FALSE,TRUE,NA,TRUE,CLARITY AD 2023,1,2.9966592427616936,0.6064346384801172,14.807806229101974,0.17817119958296707,0
4.10,Symptomatic ARIA H at 18 months,RR,FALSE,TRUE,5,FALSE,CLARITY AD 2023,1,2.9966592427616936,0.6064346384801172,14.807806229101974,0.17817119958296707,0
4.10,Symptomatic ARIA H at 18 months,RR,FALSE,TRUE,5,TRUE,CLARITY AD 2023,1,2.9966592427616936,0.6064346384801172,14.807806229101974,0.17817119958296707,0
4.10,Symptomatic ARIA H at 18 months,RR,FALSE,TRUE,10,FALSE,CLARITY AD 2023,1,2.9966592427616936,0.6064346384801172,14.807806229101974,0.17817119958296707,0
4.10,Symptomatic ARIA H at 18 months,RR,FALSE,TRUE,10,TRUE,CLARITY AD 2023,1,2.9966592427616936,0.6064346384801172,14.807806229101974,0.17817119958296707,0
4.10,Symptomatic ARIA H at 18 months,RR,FALSE,TRUE,20,FALSE,CLARITY AD 2023,1,2.9966592427616936,0.6064346384801172,14.807806229101974,0.17817119958296707,0
4.10,Symptomatic ARIA H at 18 months,RR,FALSE,TRUE,20,TRUE,CLARITY AD 2023,1,2.9966592427616936,0.6064346384801172,14.807806229101974,0.17817119958296707,0
4.10,Symptomatic ARIA H at 18 months,RR,FALSE,TRUE,30,FALSE,CLARITY AD 2023,1,2.9966592427616936,0.6064346384801172,14.807806229101974,0.17817119958296707,0
4.10,Symptomatic ARIA H at 18 months,RR,FALSE,TRUE,30,TRUE,CLARITY AD 2023,1,2.9966592427616936,0.6064346384801172,14.807806229101974,0.17817119958296707,0
4.10,Symptomatic ARIA H at 18 months,RR,TRUE,FALSE,NA,FALSE,CLARITY AD 2023,1,2.9966592427616936,0.6064346384801172,14.807806229101974,0.17817119958296707,0
4.10,Symptomatic ARIA H at 18 months,RR,TRUE,FALSE,NA,TRUE,CLARITY AD 2023,1,2.9966592427616936,0.6064346384801172,14.807806229101974,0.17817119958296707,0
4.10,Symptomatic ARIA H at 18 months,RR,TRUE,FALSE,5,FALSE,CLARITY AD 2023,1,2.9966592427616936,0.6064346384801172,14.807806229101974,0.17817119958296707,0
4.10,Symptomatic ARIA H at 18 months,RR,TRUE,FALSE,5,TRUE,CLARITY AD 2023,1,2.9966592427616936,0.6064346384801172,14.807806229101974,0.17817119958296707,0
4.10,Symptomatic ARIA H at 18 months,RR,TRUE,FALSE,10,FALSE,CLARITY AD 2023,1,2.9966592427616936,0.6064346384801172,14.807806229101974,0.17817119958296707,0
4.10,Symptomatic ARIA H at 18 months,RR,TRUE,FALSE,10,TRUE,CLARITY AD 2023,1,2.9966592427616936,0.6064346384801172,14.807806229101974,0.17817119958296707,0
4.10,Symptomatic ARIA H at 18 months,RR,TRUE,FALSE,20,FALSE,CLARITY AD 2023,1,2.9966592427616936,0.6064346384801172,14.807806229101974,0.17817119958296707,0
4.10,Symptomatic ARIA H at 18 months,RR,TRUE,FALSE,20,TRUE,CLARITY AD 2023,1,2.9966592427616936,0.6064346384801172,14.807806229101974,0.17817119958296707,0
4.10,Symptomatic ARIA H at 18 months,RR,TRUE,FALSE,30,FALSE,CLARITY AD 2023,1,2.9966592427616936,0.6064346384801172,14.807806229101974,0.17817119958296707,0
4.10,Symptomatic ARIA H at 18 months,RR,TRUE,FALSE,30,TRUE,CLARITY AD 2023,1,2.9966592427616936,0.6064346384801172,14.807806229101974,0.17817119958296707,0
4.10,Symptomatic ARIA H at 18 months,RR,TRUE,TRUE,NA,FALSE,CLARITY AD 2023,1,2.9966592427616936,0.6064346384801172,14.807806229101974,0.17817119958296707,0
4.10,Symptomatic ARIA H at 18 months,RR,TRUE,TRUE,NA,TRUE,CLARITY AD 2023,1,2.9966592427616936,0.6064346384801172,14.807806229101974,0.17817119958296707,0
4.10,Symptomatic ARIA H at 18 months,RR,TRUE,TRUE,5,FALSE,CLARITY AD 2023,1,2.9966592427616936,0.6064346384801172,14.807806229101974,0.17817119958296707,0
4.10,Symptomatic ARIA H at 18 months,RR,TRUE,TRUE,5,TRUE,CLARITY AD 2023,1,2.9966592427616936,0.6064346384801172,14.807806229101974,0.17817119958296707,0
4.10,Symptomatic ARIA H at 18 months,RR,TRUE,TRUE,10,FALSE,CLARITY AD 2023,1,2.9966592427616936,0.6064346384801172,14.807806229101974,0.17817119958296707,0
4.10,Symptomatic ARIA H at 18 months,RR,TRUE,TRUE,10,TRUE,CLARITY AD 2023,1,2.9966592427616936,0.6064346384801172,14.807806229101974,0.17817119958296707,0
4.10,Symptomatic ARIA H at 18 months,RR,TRUE,TRUE,20,FALSE,CLARITY AD 2023,1,2.9966592427616936,0.6064346384801172,14.807806229101974,0.17817119958296707,0
4.10,Symptomatic ARIA H at 18 months,RR,TRUE,TRUE,20,TRUE,CLARITY AD 2023,1,2.9966592427616936,0.6064346384801172,14.807806229101974,0.17817119958296707,0
4.10,Symptomatic ARIA H at 18 months,RR,TRUE,TRUE,30,FALSE,CLARITY AD 2023,1,2.9966592427616936,0.6064346384801172,14.807806229101974,0.17817119958296707,0
4.10,Symptomatic ARIA H at 18 months,RR,TRUE,TRUE,30,TRUE,CLARITY AD 2023,1,2.9966592427616936,0.6064346384801172,14.807806229101974,0.17817119958296707,0
5.1,SAE at 18 months,RR,FALSE,FALSE,NA,FALSE,EMERGE 2022; ENGAGE 2022; Bapineuzumab-301 2014; Bapineuzumab-302 2014; CREAD 2 2022; TRAILBLAZER-ALZ 2 2023; CLARITY AD 2023; EXPEDITION - EXPEDITION 2 2016; EXPEDITION 3 2018,9,1.0411259198754732,0.9197385260982464,1.1785340618870235,0.4749065574334277,0.010222160034294213
5.1,SAE at 18 months,RR,FALSE,FALSE,NA,TRUE,EMERGE 2022; ENGAGE 2022; TRAILBLAZER-ALZ 2 2023; CLARITY AD 2023,4,1.0810776005456708,0.8826545261065875,1.3241067074757762,0.3084795546311091,0
5.1,SAE at 18 months,RR,FALSE,FALSE,5,FALSE,EMERGE 2022; ENGAGE 2022; TRAILBLAZER-ALZ 2 2023; CLARITY AD 2023,4,1.0810776005456708,0.8826545261065875,1.3241067074757762,0.3084795546311091,0
5.1,SAE at 18 months,RR,FALSE,FALSE,5,TRUE,EMERGE 2022; ENGAGE 2022; TRAILBLAZER-ALZ 2 2023; CLARITY AD 2023,4,1.0810776005456708,0.8826545261065875,1.3241067074757762,0.3084795546311091,0
5.1,SAE at 18 months,RR,FALSE,FALSE,10,FALSE,EMERGE 2022; ENGAGE 2022; TRAILBLAZER-ALZ 2 2023; CLARITY AD 2023,4,1.0810776005456708,0.8826545261065875,1.3241067074757762,0.3084795546311091,0
5.1,SAE at 18 months,RR,FALSE,FALSE,10,TRUE,EMERGE 2022; ENGAGE 2022; TRAILBLAZER-ALZ 2 2023; CLARITY AD 2023,4,1.0810776005456708,0.8826545261065875,1.3241067074757762,0.3084795546311091,0
5.1,SAE at 18 months,RR,FALSE,FALSE,20,FALSE,EMERGE 2022; ENGAGE 2022; TRAILBLAZER-ALZ 2 2023; CLARITY AD 2023,4,1.0810776005456708,0.8826545261065875,1.3241067074757762,0.3084795546311091,0
5.1,SAE at 18 months,RR,FALSE,FALSE,20,TRUE,EMERGE 2022; ENGAGE 2022; TRAILBLAZER-ALZ 2 2023; CLARITY AD 2023,4,1.0810776005456708,0.8826545261065875,1.3241067074757762,0.3084795546311091,0
5.1,SAE at 18 months,RR,FALSE,FALSE,30,FALSE,EMERGE 2022; ENGAGE 2022; TRAILBLAZER-ALZ 2 2023; CLARITY AD 2023,4,1.0810776005456708,0.8826545261065875,1.3241067074757762,0.3084795546311091,0
5.1,SAE at 18 months,RR,FALSE,FALSE,30,TRUE,EMERGE 2022; ENGAGE 2022; TRAILBLAZER-ALZ 2 2023; CLARITY AD 2023,4,1.0810776005456708,0.8826545261065875,1.3241067074757762,0.3084795546311091,0
5.1,SAE at 18 months,RR,FALSE,TRUE,NA,FALSE,EMERGE 2022; ENGAGE 2022; TRAILBLAZER-ALZ 2 2023; CLARITY AD 2023,4,1.0810776005456708,0.8826545261065875,1.3241067074757762,0.3084795546311091,0
5.1,SAE at 18 months,RR,FALSE,TRUE,NA,TRUE,EMERGE 2022; ENGAGE 2022; TRAILBLAZER-ALZ 2 2023; CLARITY AD 2023,4,1.0810776005456708,0.8826545261065875,1.3241067074757762,0.3084795546311091,0
5.1,SAE at 18 months,RR,FALSE,TRUE,5,FALSE,EMERGE 2022; ENGAGE 2022; TRAILBLAZER-ALZ 2 2023; CLARITY AD 2023,4,1.0810776005456708,0.8826545261065875,1.3241067074757762,0.3084795546311091,0
5.1,SAE at 18 months,RR,FALSE,TRUE,5,TRUE,EMERGE 2022; ENGAGE 2022; TRAILBLAZER-ALZ 2 2023; CLARITY AD 2023,4,1.0810776005456708,0.8826545261065875,1.3241067074757762,0.3084795546311091,0
5.1,SAE at 18 months,RR,FALSE,TRUE,10,FALSE,EMERGE 2022; ENGAGE 2022; TRAILBLAZER-ALZ 2 2023; CLARITY AD 2023,4,1.0810776005456708,0.8826545261065875,1.3241067074757762,0.3084795546311091,0
5.1,SAE at 18 months,RR,FALSE,TRUE,10,TRUE,EMERGE 2022; ENGAGE 2022; TRAILBLAZER-ALZ 2 2023; CLARITY AD 2023,4,1.0810776005456708,0.8826545261065875,1.3241067074757762,0.3084795546311091,0
5.1,SAE at 18 months,RR,FALSE,TRUE,20,FALSE,EMERGE 2022; ENGAGE 2022; TRAILBLAZER-ALZ 2 2023; CLARITY AD 2023,4,1.0810776005456708,0.8826545261065875,1.3241067074757762,0.3084795546311091,0
5.1,SAE at 18 months,RR,FALSE,TRUE,20,TRUE,EMERGE 2022; ENGAGE 2022; TRAILBLAZER-ALZ 2 2023; CLARITY AD 2023,4,1.0810776005456708,0.8826545261065875,1.3241067074757762,0.3084795546311091,0
5.1,SAE at 18 months,RR,FALSE,TRUE,30,FALSE,EMERGE 2022; ENGAGE 2022; TRAILBLAZER-ALZ 2 2023; CLARITY AD 2023,4,1.0810776005456708,0.8826545261065875,1.3241067074757762,0.3084795546311091,0
5.1,SAE at 18 months,RR,FALSE,TRUE,30,TRUE,EMERGE 2022; ENGAGE 2022; TRAILBLAZER-ALZ 2 2023; CLARITY AD 2023,4,1.0810776005456708,0.8826545261065875,1.3241067074757762,0.3084795546311091,0
5.1,SAE at 18 months,RR,TRUE,FALSE,NA,FALSE,EMERGE 2022; ENGAGE 2022; CREAD 2 2022; TRAILBLAZER-ALZ 2 2023; CLARITY AD 2023; EXPEDITION 3 2018,6,0.9956185618334735,0.8414225662462191,1.1780719467622291,0.9491176378529871,0.009258353416222949
5.1,SAE at 18 months,RR,TRUE,FALSE,NA,TRUE,EMERGE 2022; ENGAGE 2022; TRAILBLAZER-ALZ 2 2023; CLARITY AD 2023,4,1.0810776005456708,0.8826545261065875,1.3241067074757762,0.3084795546311091,0
5.1,SAE at 18 months,RR,TRUE,FALSE,5,FALSE,EMERGE 2022; ENGAGE 2022; TRAILBLAZER-ALZ 2 2023; CLARITY AD 2023,4,1.0810776005456708,0.8826545261065875,1.3241067074757762,0.3084795546311091,0
5.1,SAE at 18 months,RR,TRUE,FALSE,5,TRUE,EMERGE 2022; ENGAGE 2022; TRAILBLAZER-ALZ 2 2023; CLARITY AD 2023,4,1.0810776005456708,0.8826545261065875,1.3241067074757762,0.3084795546311091,0
5.1,SAE at 18 months,RR,TRUE,FALSE,10,FALSE,EMERGE 2022; ENGAGE 2022; TRAILBLAZER-ALZ 2 2023; CLARITY AD 2023,4,1.0810776005456708,0.8826545261065875,1.3241067074757762,0.3084795546311091,0
5.1,SAE at 18 months,RR,TRUE,FALSE,10,TRUE,EMERGE 2022; ENGAGE 2022; TRAILBLAZER-ALZ 2 2023; CLARITY AD 2023,4,1.0810776005456708,0.8826545261065875,1.3241067074757762,0.3084795546311091,0
5.1,SAE at 18 months,RR,TRUE,FALSE,20,FALSE,EMERGE 2022; ENGAGE 2022; TRAILBLAZER-ALZ 2 2023; CLARITY AD 2023,4,1.0810776005456708,0.8826545261065875,1.3241067074757762,0.3084795546311091,0
5.1,SAE at 18 months,RR,TRUE,FALSE,20,TRUE,EMERGE 2022; ENGAGE 2022; TRAILBLAZER-ALZ 2 2023; CLARITY AD 2023,4,1.0810776005456708,0.8826545261065875,1.3241067074757762,0.3084795546311091,0
5.1,SAE at 18 months,RR,TRUE,FALSE,30,FALSE,EMERGE 2022; ENGAGE 2022; TRAILBLAZER-ALZ 2 2023; CLARITY AD 2023,4,1.0810776005456708,0.8826545261065875,1.3241067074757762,0.3084795546311091,0
5.1,SAE at 18 months,RR,TRUE,FALSE,30,TRUE,EMERGE 2022; ENGAGE 2022; TRAILBLAZER-ALZ 2 2023; CLARITY AD 2023,4,1.0810776005456708,0.8826545261065875,1.3241067074757762,0.3084795546311091,0
5.1,SAE at 18 months,RR,TRUE,TRUE,NA,FALSE,EMERGE 2022; ENGAGE 2022; TRAILBLAZER-ALZ 2 2023; CLARITY AD 2023,4,1.0810776005456708,0.8826545261065875,1.3241067074757762,0.3084795546311091,0
5.1,SAE at 18 months,RR,TRUE,TRUE,NA,TRUE,EMERGE 2022; ENGAGE 2022; TRAILBLAZER-ALZ 2 2023; CLARITY AD 2023,4,1.0810776005456708,0.8826545261065875,1.3241067074757762,0.3084795546311091,0
5.1,SAE at 18 months,RR,TRUE,TRUE,5,FALSE,EMERGE 2022; ENGAGE 2022; TRAILBLAZER-ALZ 2 2023; CLARITY AD 2023,4,1.0810776005456708,0.8826545261065875,1.3241067074757762,0.3084795546311091,0
5.1,SAE at 18 months,RR,TRUE,TRUE,5,TRUE,EMERGE 2022; ENGAGE 2022; TRAILBLAZER-ALZ 2 2023; CLARITY AD 2023,4,1.0810776005456708,0.8826545261065875,1.3241067074757762,0.3084795546311091,0
5.1,SAE at 18 months,RR,TRUE,TRUE,10,FALSE,EMERGE 2022; ENGAGE 2022; TRAILBLAZER-ALZ 2 2023; CLARITY AD 2023,4,1.0810776005456708,0.8826545261065875,1.3241067074757762,0.3084795546311091,0
5.1,SAE at 18 months,RR,TRUE,TRUE,10,TRUE,EMERGE 2022; ENGAGE 2022; TRAILBLAZER-ALZ 2 2023; CLARITY AD 2023,4,1.0810776005456708,0.8826545261065875,1.3241067074757762,0.3084795546311091,0
5.1,SAE at 18 months,RR,TRUE,TRUE,20,FALSE,EMERGE 2022; ENGAGE 2022; TRAILBLAZER-ALZ 2 2023; CLARITY AD 2023,4,1.0810776005456708,0.8826545261065875,1.3241067074757762,0.3084795546311091,0
5.1,SAE at 18 months,RR,TRUE,TRUE,20,TRUE,EMERGE 2022; ENGAGE 2022; TRAILBLAZER-ALZ 2 2023; CLARITY AD 2023,4,1.0810776005456708,0.8826545261065875,1.3241067074757762,0.3084795546311091,0
5.1,SAE at 18 months,RR,TRUE,TRUE,30,FALSE,EMERGE 2022; ENGAGE 2022; TRAILBLAZER-ALZ 2 2023; CLARITY AD 2023,4,1.0810776005456708,0.8826545261065875,1.3241067074757762,0.3084795546311091,0
5.1,SAE at 18 months,RR,TRUE,TRUE,30,TRUE,EMERGE 2022; ENGAGE 2022; TRAILBLAZER-ALZ 2 2023; CLARITY AD 2023,4,1.0810776005456708,0.8826545261065875,1.3241067074757762,0.3084795546311091,0
5.2,SAE at 24 months,RR,FALSE,FALSE,NA,FALSE,ENVISION; CREAD 2022; Marguerite RoAD 2024; SCarlet RoAD 2017,4,1.0310011018008096,0.7922103769561634,1.341768932639596,0.7367734785731431,0
5.2,SAE at 24 months,RR,FALSE,FALSE,NA,TRUE,CREAD 2022; SCarlet RoAD 2017,2,0.9668518560958449,0.7644469411531981,1.222848128904531,0.7784964099783135,0
5.2,SAE at 24 months,RR,FALSE,FALSE,5,FALSE,SCarlet RoAD 2017,1,0.8556643356643356,0.6015677050196517,1.217089031240417,0.38587801162482566,0
5.2,SAE at 24 months,RR,FALSE,FALSE,5,TRUE,SCarlet RoAD 2017,1,0.8556643356643356,0.6015677050196517,1.217089031240417,0.38587801162482566,0
5.2,SAE at 24 months,RR,FALSE,FALSE,10,FALSE,SCarlet RoAD 2017,1,0.8556643356643356,0.6015677050196517,1.217089031240417,0.38587801162482566,0
5.2,SAE at 24 months,RR,FALSE,FALSE,10,TRUE,SCarlet RoAD 2017,1,0.8556643356643356,0.6015677050196517,1.217089031240417,0.38587801162482566,0
5.2,SAE at 24 months,RR,FALSE,FALSE,20,FALSE,,0,NA,NA,NA,NA,NA
5.2,SAE at 24 months,RR,FALSE,FALSE,20,TRUE,,0,NA,NA,NA,NA,NA
5.2,SAE at 24 months,RR,FALSE,FALSE,30,FALSE,,0,NA,NA,NA,NA,NA
5.2,SAE at 24 months,RR,FALSE,FALSE,30,TRUE,,0,NA,NA,NA,NA,NA
5.2,SAE at 24 months,RR,FALSE,TRUE,NA,FALSE,ENVISION,1,1.29769820971867,0.8159232726872951,2.063944858394114,0.27102168878988325,0
5.2,SAE at 24 months,RR,FALSE,TRUE,NA,TRUE,,0,NA,NA,NA,NA,NA
5.2,SAE at 24 months,RR,FALSE,TRUE,5,FALSE,,0,NA,NA,NA,NA,NA
5.2,SAE at 24 months,RR,FALSE,TRUE,5,TRUE,,0,NA,NA,NA,NA,NA
5.2,SAE at 24 months,RR,FALSE,TRUE,10,FALSE,,0,NA,NA,NA,NA,NA
5.2,SAE at 24 months,RR,FALSE,TRUE,10,TRUE,,0,NA,NA,NA,NA,NA
5.2,SAE at 24 months,RR,FALSE,TRUE,20,FALSE,,0,NA,NA,NA,NA,NA
5.2,SAE at 24 months,RR,FALSE,TRUE,20,TRUE,,0,NA,NA,NA,NA,NA
5.2,SAE at 24 months,RR,FALSE,TRUE,30,FALSE,,0,NA,NA,NA,NA,NA
5.2,SAE at 24 months,RR,FALSE,TRUE,30,TRUE,,0,NA,NA,NA,NA,NA
5.2,SAE at 24 months,RR,TRUE,FALSE,NA,FALSE,ENVISION; CREAD 2022; Marguerite RoAD 2024; SCarlet RoAD 2017,4,1.0310011018008096,0.7922103769561634,1.341768932639596,0.7367734785731431,0
5.2,SAE at 24 months,RR,TRUE,FALSE,NA,TRUE,CREAD 2022; SCarlet RoAD 2017,2,0.9668518560958449,0.7644469411531981,1.222848128904531,0.7784964099783135,0
5.2,SAE at 24 months,RR,TRUE,FALSE,5,FALSE,SCarlet RoAD 2017,1,0.8556643356643356,0.6015677050196517,1.217089031240417,0.38587801162482566,0
5.2,SAE at 24 months,RR,TRUE,FALSE,5,TRUE,SCarlet RoAD 2017,1,0.8556643356643356,0.6015677050196517,1.217089031240417,0.38587801162482566,0
5.2,SAE at 24 months,RR,TRUE,FALSE,10,FALSE,SCarlet RoAD 2017,1,0.8556643356643356,0.6015677050196517,1.217089031240417,0.38587801162482566,0
5.2,SAE at 24 months,RR,TRUE,FALSE,10,TRUE,SCarlet RoAD 2017,1,0.8556643356643356,0.6015677050196517,1.217089031240417,0.38587801162482566,0
5.2,SAE at 24 months,RR,TRUE,FALSE,20,FALSE,,0,NA,NA,NA,NA,NA
5.2,SAE at 24 months,RR,TRUE,FALSE,20,TRUE,,0,NA,NA,NA,NA,NA
5.2,SAE at 24 months,RR,TRUE,FALSE,30,FALSE,,0,NA,NA,NA,NA,NA
5.2,SAE at 24 months,RR,TRUE,FALSE,30,TRUE,,0,NA,NA,NA,NA,NA
5.2,SAE at 24 months,RR,TRUE,TRUE,NA,FALSE,ENVISION,1,1.29769820971867,0.8159232726872951,2.063944858394114,0.27102168878988325,0
5.2,SAE at 24 months,RR,TRUE,TRUE,NA,TRUE,,0,NA,NA,NA,NA,NA
5.2,SAE at 24 months,RR,TRUE,TRUE,5,FALSE,,0,NA,NA,NA,NA,NA
5.2,SAE at 24 months,RR,TRUE,TRUE,5,TRUE,,0,NA,NA,NA,NA,NA
5.2,SAE at 24 months,RR,TRUE,TRUE,10,FALSE,,0,NA,NA,NA,NA,NA
5.2,SAE at 24 months,RR,TRUE,TRUE,10,TRUE,,0,NA,NA,NA,NA,NA
5.2,SAE at 24 months,RR,TRUE,TRUE,20,FALSE,,0,NA,NA,NA,NA,NA
5.2,SAE at 24 months,RR,TRUE,TRUE,20,TRUE,,0,NA,NA,NA,NA,NA
5.2,SAE at 24 months,RR,TRUE,TRUE,30,FALSE,,0,NA,NA,NA,NA,NA
5.2,SAE at 24 months,RR,TRUE,TRUE,30,TRUE,,0,NA,NA,NA,NA,NA
5.3,SAE above 24 months,RR,FALSE,FALSE,NA,FALSE,GRADUATE I 2023; GRADUATE II 2023,2,0.8237606397871372,0.6672245404164605,1.017021333236581,0.0713880407286846,0
5.3,SAE above 24 months,RR,FALSE,FALSE,NA,TRUE,GRADUATE I 2023; GRADUATE II 2023,2,0.8237606397871372,0.6672245404164605,1.017021333236581,0.0713880407286846,0
5.3,SAE above 24 months,RR,FALSE,FALSE,5,FALSE,GRADUATE I 2023; GRADUATE II 2023,2,0.8237606397871372,0.6672245404164605,1.017021333236581,0.0713880407286846,0
5.3,SAE above 24 months,RR,FALSE,FALSE,5,TRUE,GRADUATE I 2023; GRADUATE II 2023,2,0.8237606397871372,0.6672245404164605,1.017021333236581,0.0713880407286846,0
5.3,SAE above 24 months,RR,FALSE,FALSE,10,FALSE,GRADUATE I 2023; GRADUATE II 2023,2,0.8237606397871372,0.6672245404164605,1.017021333236581,0.0713880407286846,0
5.3,SAE above 24 months,RR,FALSE,FALSE,10,TRUE,GRADUATE I 2023; GRADUATE II 2023,2,0.8237606397871372,0.6672245404164605,1.017021333236581,0.0713880407286846,0
5.3,SAE above 24 months,RR,FALSE,FALSE,20,FALSE,GRADUATE I 2023; GRADUATE II 2023,2,0.8237606397871372,0.6672245404164605,1.017021333236581,0.0713880407286846,0
5.3,SAE above 24 months,RR,FALSE,FALSE,20,TRUE,GRADUATE I 2023; GRADUATE II 2023,2,0.8237606397871372,0.6672245404164605,1.017021333236581,0.0713880407286846,0
5.3,SAE above 24 months,RR,FALSE,FALSE,30,FALSE,GRADUATE I 2023; GRADUATE II 2023,2,0.8237606397871372,0.6672245404164605,1.017021333236581,0.0713880407286846,0
5.3,SAE above 24 months,RR,FALSE,FALSE,30,TRUE,GRADUATE I 2023; GRADUATE II 2023,2,0.8237606397871372,0.6672245404164605,1.017021333236581,0.0713880407286846,0
5.3,SAE above 24 months,RR,FALSE,TRUE,NA,FALSE,,0,NA,NA,NA,NA,NA
5.3,SAE above 24 months,RR,FALSE,TRUE,NA,TRUE,,0,NA,NA,NA,NA,NA
5.3,SAE above 24 months,RR,FALSE,TRUE,5,FALSE,,0,NA,NA,NA,NA,NA
5.3,SAE above 24 months,RR,FALSE,TRUE,5,TRUE,,0,NA,NA,NA,NA,NA
5.3,SAE above 24 months,RR,FALSE,TRUE,10,FALSE,,0,NA,NA,NA,NA,NA
5.3,SAE above 24 months,RR,FALSE,TRUE,10,TRUE,,0,NA,NA,NA,NA,NA
5.3,SAE above 24 months,RR,FALSE,TRUE,20,FALSE,,0,NA,NA,NA,NA,NA
5.3,SAE above 24 months,RR,FALSE,TRUE,20,TRUE,,0,NA,NA,NA,NA,NA
5.3,SAE above 24 months,RR,FALSE,TRUE,30,FALSE,,0,NA,NA,NA,NA,NA
5.3,SAE above 24 months,RR,FALSE,TRUE,30,TRUE,,0,NA,NA,NA,NA,NA
5.3,SAE above 24 months,RR,TRUE,FALSE,NA,FALSE,GRADUATE I 2023; GRADUATE II 2023,2,0.8237606397871372,0.6672245404164605,1.017021333236581,0.0713880407286846,0
5.3,SAE above 24 months,RR,TRUE,FALSE,NA,TRUE,GRADUATE I 2023; GRADUATE II 2023,2,0.8237606397871372,0.6672245404164605,1.017021333236581,0.0713880407286846,0
5.3,SAE above 24 months,RR,TRUE,FALSE,5,FALSE,GRADUATE I 2023; GRADUATE II 2023,2,0.8237606397871372,0.6672245404164605,1.017021333236581,0.0713880407286846,0
5.3,SAE above 24 months,RR,TRUE,FALSE,5,TRUE,GRADUATE I 2023; GRADUATE II 2023,2,0.8237606397871372,0.6672245404164605,1.017021333236581,0.0713880407286846,0
5.3,SAE above 24 months,RR,TRUE,FALSE,10,FALSE,GRADUATE I 2023; GRADUATE II 2023,2,0.8237606397871372,0.6672245404164605,1.017021333236581,0.0713880407286846,0
5.3,SAE above 24 months,RR,TRUE,FALSE,10,TRUE,GRADUATE I 2023; GRADUATE II 2023,2,0.8237606397871372,0.6672245404164605,1.017021333236581,0.0713880407286846,0
5.3,SAE above 24 months,RR,TRUE,FALSE,20,FALSE,GRADUATE I 2023; GRADUATE II 2023,2,0.8237606397871372,0.6672245404164605,1.017021333236581,0.0713880407286846,0
5.3,SAE above 24 months,RR,TRUE,FALSE,20,TRUE,GRADUATE I 2023; GRADUATE II 2023,2,0.8237606397871372,0.6672245404164605,1.017021333236581,0.0713880407286846,0
5.3,SAE above 24 months,RR,TRUE,FALSE,30,FALSE,GRADUATE I 2023; GRADUATE II 2023,2,0.8237606397871372,0.6672245404164605,1.017021333236581,0.0713880407286846,0
5.3,SAE above 24 months,RR,TRUE,FALSE,30,TRUE,GRADUATE I 2023; GRADUATE II 2023,2,0.8237606397871372,0.6672245404164605,1.017021333236581,0.0713880407286846,0
5.3,SAE above 24 months,RR,TRUE,TRUE,NA,FALSE,,0,NA,NA,NA,NA,NA
5.3,SAE above 24 months,RR,TRUE,TRUE,NA,TRUE,,0,NA,NA,NA,NA,NA
5.3,SAE above 24 months,RR,TRUE,TRUE,5,FALSE,,0,NA,NA,NA,NA,NA
5.3,SAE above 24 months,RR,TRUE,TRUE,5,TRUE,,0,NA,NA,NA,NA,NA
5.3,SAE above 24 months,RR,TRUE,TRUE,10,FALSE,,0,NA,NA,NA,NA,NA
5.3,SAE above 24 months,RR,TRUE,TRUE,10,TRUE,,0,NA,NA,NA,NA,NA
5.3,SAE above 24 months,RR,TRUE,TRUE,20,FALSE,,0,NA,NA,NA,NA,NA
5.3,SAE above 24 months,RR,TRUE,TRUE,20,TRUE,,0,NA,NA,NA,NA,NA
5.3,SAE above 24 months,RR,TRUE,TRUE,30,FALSE,,0,NA,NA,NA,NA,NA
5.3,SAE above 24 months,RR,TRUE,TRUE,30,TRUE,,0,NA,NA,NA,NA,NA
6.1,Mortality at 18 months,RR,FALSE,FALSE,NA,FALSE,Bapineuzumab-301 2014; Bapineuzumab-302 2014; CREAD 2 2022; TRAILBLAZER-ALZ 2 2023; CLARITY AD 2023; EXPEDITION - EXPEDITION 2 2016; EXPEDITION 3 2018,7,1.1726999325261924,0.6151622791578121,2.2355485346560715,0.5678400901058178,0.11750954385513673
6.1,Mortality at 18 months,RR,FALSE,FALSE,NA,TRUE,TRAILBLAZER-ALZ 2 2023; CLARITY AD 2023,2,1.312245888036337,0.694713772570231,2.4787032280898,0.4023516858157808,0
6.1,Mortality at 18 months,RR,FALSE,FALSE,5,FALSE,TRAILBLAZER-ALZ 2 2023; CLARITY AD 2023,2,1.312245888036337,0.694713772570231,2.4787032280898,0.4023516858157808,0
6.1,Mortality at 18 months,RR,FALSE,FALSE,5,TRUE,TRAILBLAZER-ALZ 2 2023; CLARITY AD 2023,2,1.312245888036337,0.694713772570231,2.4787032280898,0.4023516858157808,0
6.1,Mortality at 18 months,RR,FALSE,FALSE,10,FALSE,TRAILBLAZER-ALZ 2 2023; CLARITY AD 2023,2,1.312245888036337,0.694713772570231,2.4787032280898,0.4023516858157808,0
6.1,Mortality at 18 months,RR,FALSE,FALSE,10,TRUE,TRAILBLAZER-ALZ 2 2023; CLARITY AD 2023,2,1.312245888036337,0.694713772570231,2.4787032280898,0.4023516858157808,0
6.1,Mortality at 18 months,RR,FALSE,FALSE,20,FALSE,TRAILBLAZER-ALZ 2 2023; CLARITY AD 2023,2,1.312245888036337,0.694713772570231,2.4787032280898,0.4023516858157808,0
6.1,Mortality at 18 months,RR,FALSE,FALSE,20,TRUE,TRAILBLAZER-ALZ 2 2023; CLARITY AD 2023,2,1.312245888036337,0.694713772570231,2.4787032280898,0.4023516858157808,0
6.1,Mortality at 18 months,RR,FALSE,FALSE,30,FALSE,TRAILBLAZER-ALZ 2 2023; CLARITY AD 2023,2,1.312245888036337,0.694713772570231,2.4787032280898,0.4023516858157808,0
6.1,Mortality at 18 months,RR,FALSE,FALSE,30,TRUE,TRAILBLAZER-ALZ 2 2023; CLARITY AD 2023,2,1.312245888036337,0.694713772570231,2.4787032280898,0.4023516858157808,0
6.1,Mortality at 18 months,RR,FALSE,TRUE,NA,FALSE,TRAILBLAZER-ALZ 2 2023; CLARITY AD 2023,2,1.312245888036337,0.694713772570231,2.4787032280898,0.4023516858157808,0
6.1,Mortality at 18 months,RR,FALSE,TRUE,NA,TRUE,TRAILBLAZER-ALZ 2 2023; CLARITY AD 2023,2,1.312245888036337,0.694713772570231,2.4787032280898,0.4023516858157808,0
6.1,Mortality at 18 months,RR,FALSE,TRUE,5,FALSE,TRAILBLAZER-ALZ 2 2023; CLARITY AD 2023,2,1.312245888036337,0.694713772570231,2.4787032280898,0.4023516858157808,0
6.1,Mortality at 18 months,RR,FALSE,TRUE,5,TRUE,TRAILBLAZER-ALZ 2 2023; CLARITY AD 2023,2,1.312245888036337,0.694713772570231,2.4787032280898,0.4023516858157808,0
6.1,Mortality at 18 months,RR,FALSE,TRUE,10,FALSE,TRAILBLAZER-ALZ 2 2023; CLARITY AD 2023,2,1.312245888036337,0.694713772570231,2.4787032280898,0.4023516858157808,0
6.1,Mortality at 18 months,RR,FALSE,TRUE,10,TRUE,TRAILBLAZER-ALZ 2 2023; CLARITY AD 2023,2,1.312245888036337,0.694713772570231,2.4787032280898,0.4023516858157808,0
6.1,Mortality at 18 months,RR,FALSE,TRUE,20,FALSE,TRAILBLAZER-ALZ 2 2023; CLARITY AD 2023,2,1.312245888036337,0.694713772570231,2.4787032280898,0.4023516858157808,0
6.1,Mortality at 18 months,RR,FALSE,TRUE,20,TRUE,TRAILBLAZER-ALZ 2 2023; CLARITY AD 2023,2,1.312245888036337,0.694713772570231,2.4787032280898,0.4023516858157808,0
6.1,Mortality at 18 months,RR,FALSE,TRUE,30,FALSE,TRAILBLAZER-ALZ 2 2023; CLARITY AD 2023,2,1.312245888036337,0.694713772570231,2.4787032280898,0.4023516858157808,0
6.1,Mortality at 18 months,RR,FALSE,TRUE,30,TRUE,TRAILBLAZER-ALZ 2 2023; CLARITY AD 2023,2,1.312245888036337,0.694713772570231,2.4787032280898,0.4023516858157808,0
6.1,Mortality at 18 months,RR,TRUE,FALSE,NA,FALSE,CREAD 2 2022; TRAILBLAZER-ALZ 2 2023; CLARITY AD 2023; EXPEDITION 3 2018,4,0.789896702758804,0.19784760894120526,3.153623156571212,0.6253789367213872,0.2603136330532981
6.1,Mortality at 18 months,RR,TRUE,FALSE,NA,TRUE,TRAILBLAZER-ALZ 2 2023; CLARITY AD 2023,2,1.312245888036337,0.694713772570231,2.4787032280898,0.4023516858157808,0
6.1,Mortality at 18 months,RR,TRUE,FALSE,5,FALSE,TRAILBLAZER-ALZ 2 2023; CLARITY AD 2023,2,1.312245888036337,0.694713772570231,2.4787032280898,0.4023516858157808,0
6.1,Mortality at 18 months,RR,TRUE,FALSE,5,TRUE,TRAILBLAZER-ALZ 2 2023; CLARITY AD 2023,2,1.312245888036337,0.694713772570231,2.4787032280898,0.4023516858157808,0
6.1,Mortality at 18 months,RR,TRUE,FALSE,10,FALSE,TRAILBLAZER-ALZ 2 2023; CLARITY AD 2023,2,1.312245888036337,0.694713772570231,2.4787032280898,0.4023516858157808,0
6.1,Mortality at 18 months,RR,TRUE,FALSE,10,TRUE,TRAILBLAZER-ALZ 2 2023; CLARITY AD 2023,2,1.312245888036337,0.694713772570231,2.4787032280898,0.4023516858157808,0
6.1,Mortality at 18 months,RR,TRUE,FALSE,20,FALSE,TRAILBLAZER-ALZ 2 2023; CLARITY AD 2023,2,1.312245888036337,0.694713772570231,2.4787032280898,0.4023516858157808,0
6.1,Mortality at 18 months,RR,TRUE,FALSE,20,TRUE,TRAILBLAZER-ALZ 2 2023; CLARITY AD 2023,2,1.312245888036337,0.694713772570231,2.4787032280898,0.4023516858157808,0
6.1,Mortality at 18 months,RR,TRUE,FALSE,30,FALSE,TRAILBLAZER-ALZ 2 2023; CLARITY AD 2023,2,1.312245888036337,0.694713772570231,2.4787032280898,0.4023516858157808,0
6.1,Mortality at 18 months,RR,TRUE,FALSE,30,TRUE,TRAILBLAZER-ALZ 2 2023; CLARITY AD 2023,2,1.312245888036337,0.694713772570231,2.4787032280898,0.4023516858157808,0
6.1,Mortality at 18 months,RR,TRUE,TRUE,NA,FALSE,TRAILBLAZER-ALZ 2 2023; CLARITY AD 2023,2,1.312245888036337,0.694713772570231,2.4787032280898,0.4023516858157808,0
6.1,Mortality at 18 months,RR,TRUE,TRUE,NA,TRUE,TRAILBLAZER-ALZ 2 2023; CLARITY AD 2023,2,1.312245888036337,0.694713772570231,2.4787032280898,0.4023516858157808,0
6.1,Mortality at 18 months,RR,TRUE,TRUE,5,FALSE,TRAILBLAZER-ALZ 2 2023; CLARITY AD 2023,2,1.312245888036337,0.694713772570231,2.4787032280898,0.4023516858157808,0
6.1,Mortality at 18 months,RR,TRUE,TRUE,5,TRUE,TRAILBLAZER-ALZ 2 2023; CLARITY AD 2023,2,1.312245888036337,0.694713772570231,2.4787032280898,0.4023516858157808,0
6.1,Mortality at 18 months,RR,TRUE,TRUE,10,FALSE,TRAILBLAZER-ALZ 2 2023; CLARITY AD 2023,2,1.312245888036337,0.694713772570231,2.4787032280898,0.4023516858157808,0
6.1,Mortality at 18 months,RR,TRUE,TRUE,10,TRUE,TRAILBLAZER-ALZ 2 2023; CLARITY AD 2023,2,1.312245888036337,0.694713772570231,2.4787032280898,0.4023516858157808,0
6.1,Mortality at 18 months,RR,TRUE,TRUE,20,FALSE,TRAILBLAZER-ALZ 2 2023; CLARITY AD 2023,2,1.312245888036337,0.694713772570231,2.4787032280898,0.4023516858157808,0
6.1,Mortality at 18 months,RR,TRUE,TRUE,20,TRUE,TRAILBLAZER-ALZ 2 2023; CLARITY AD 2023,2,1.312245888036337,0.694713772570231,2.4787032280898,0.4023516858157808,0
6.1,Mortality at 18 months,RR,TRUE,TRUE,30,FALSE,TRAILBLAZER-ALZ 2 2023; CLARITY AD 2023,2,1.312245888036337,0.694713772570231,2.4787032280898,0.4023516858157808,0
6.1,Mortality at 18 months,RR,TRUE,TRUE,30,TRUE,TRAILBLAZER-ALZ 2 2023; CLARITY AD 2023,2,1.312245888036337,0.694713772570231,2.4787032280898,0.4023516858157808,0
6.2,Mortality at 24 months,RR,FALSE,FALSE,NA,FALSE,ENVISION; CREAD 2022; Marguerite RoAD 2024; SCarlet RoAD 2017,4,1.0546139842264814,0.2914924045683833,3.815573367590551,0.9036308770545904,0.058361142743980014
6.2,Mortality at 24 months,RR,FALSE,FALSE,NA,TRUE,CREAD 2022; SCarlet RoAD 2017,2,0.8251564006051725,0.1837437356031402,3.7056125109499924,0.8019887637418474,0.709016940428926
6.2,Mortality at 24 months,RR,FALSE,FALSE,5,FALSE,SCarlet RoAD 2017,1,0.341025641025641,0.06946194984867013,1.6742761769618812,0.18511868298863768,0
6.2,Mortality at 24 months,RR,FALSE,FALSE,5,TRUE,SCarlet RoAD 2017,1,0.341025641025641,0.06946194984867013,1.6742761769618812,0.18511868298863768,0
6.2,Mortality at 24 months,RR,FALSE,FALSE,10,FALSE,SCarlet RoAD 2017,1,0.341025641025641,0.06946194984867013,1.6742761769618812,0.18511868298863768,0
6.2,Mortality at 24 months,RR,FALSE,FALSE,10,TRUE,SCarlet RoAD 2017,1,0.341025641025641,0.06946194984867013,1.6742761769618812,0.18511868298863768,0
6.2,Mortality at 24 months,RR,FALSE,FALSE,20,FALSE,,0,NA,NA,NA,NA,NA
6.2,Mortality at 24 months,RR,FALSE,FALSE,20,TRUE,,0,NA,NA,NA,NA,NA
6.2,Mortality at 24 months,RR,FALSE,FALSE,30,FALSE,,0,NA,NA,NA,NA,NA
6.2,Mortality at 24 months,RR,FALSE,FALSE,30,TRUE,,0,NA,NA,NA,NA,NA
6.2,Mortality at 24 months,RR,FALSE,TRUE,NA,FALSE,ENVISION,1,3.5462555066079293,0.18368790327329185,68.46356180263287,0.4019689066760839,0
6.2,Mortality at 24 months,RR,FALSE,TRUE,NA,TRUE,,0,NA,NA,NA,NA,NA
6.2,Mortality at 24 months,RR,FALSE,TRUE,5,FALSE,,0,NA,NA,NA,NA,NA
6.2,Mortality at 24 months,RR,FALSE,TRUE,5,TRUE,,0,NA,NA,NA,NA,NA
6.2,Mortality at 24 months,RR,FALSE,TRUE,10,FALSE,,0,NA,NA,NA,NA,NA
6.2,Mortality at 24 months,RR,FALSE,TRUE,10,TRUE,,0,NA,NA,NA,NA,NA
6.2,Mortality at 24 months,RR,FALSE,TRUE,20,FALSE,,0,NA,NA,NA,NA,NA
6.2,Mortality at 24 months,RR,FALSE,TRUE,20,TRUE,,0,NA,NA,NA,NA,NA
6.2,Mortality at 24 months,RR,FALSE,TRUE,30,FALSE,,0,NA,NA,NA,NA,NA
6.2,Mortality at 24 months,RR,FALSE,TRUE,30,TRUE,,0,NA,NA,NA,NA,NA
6.2,Mortality at 24 months,RR,TRUE,FALSE,NA,FALSE,ENVISION; CREAD 2022; Marguerite RoAD 2024; SCarlet RoAD 2017,4,1.0546139842264814,0.2914924045683833,3.815573367590551,0.9036308770545904,0.058361142743980014
6.2,Mortality at 24 months,RR,TRUE,FALSE,NA,TRUE,CREAD 2022; SCarlet RoAD 2017,2,0.8251564006051725,0.1837437356031402,3.7056125109499924,0.8019887637418474,0.709016940428926
6.2,Mortality at 24 months,RR,TRUE,FALSE,5,FALSE,SCarlet RoAD 2017,1,0.341025641025641,0.06946194984867013,1.6742761769618812,0.18511868298863768,0
6.2,Mortality at 24 months,RR,TRUE,FALSE,5,TRUE,SCarlet RoAD 2017,1,0.341025641025641,0.06946194984867013,1.6742761769618812,0.18511868298863768,0
6.2,Mortality at 24 months,RR,TRUE,FALSE,10,FALSE,SCarlet RoAD 2017,1,0.341025641025641,0.06946194984867013,1.6742761769618812,0.18511868298863768,0
6.2,Mortality at 24 months,RR,TRUE,FALSE,10,TRUE,SCarlet RoAD 2017,1,0.341025641025641,0.06946194984867013,1.6742761769618812,0.18511868298863768,0
6.2,Mortality at 24 months,RR,TRUE,FALSE,20,FALSE,,0,NA,NA,NA,NA,NA
6.2,Mortality at 24 months,RR,TRUE,FALSE,20,TRUE,,0,NA,NA,NA,NA,NA
6.2,Mortality at 24 months,RR,TRUE,FALSE,30,FALSE,,0,NA,NA,NA,NA,NA
6.2,Mortality at 24 months,RR,TRUE,FALSE,30,TRUE,,0,NA,NA,NA,NA,NA
6.2,Mortality at 24 months,RR,TRUE,TRUE,NA,FALSE,ENVISION,1,3.5462555066079293,0.18368790327329185,68.46356180263287,0.4019689066760839,0
6.2,Mortality at 24 months,RR,TRUE,TRUE,NA,TRUE,,0,NA,NA,NA,NA,NA
6.2,Mortality at 24 months,RR,TRUE,TRUE,5,FALSE,,0,NA,NA,NA,NA,NA
6.2,Mortality at 24 months,RR,TRUE,TRUE,5,TRUE,,0,NA,NA,NA,NA,NA
6.2,Mortality at 24 months,RR,TRUE,TRUE,10,FALSE,,0,NA,NA,NA,NA,NA
6.2,Mortality at 24 months,RR,TRUE,TRUE,10,TRUE,,0,NA,NA,NA,NA,NA
6.2,Mortality at 24 months,RR,TRUE,TRUE,20,FALSE,,0,NA,NA,NA,NA,NA
6.2,Mortality at 24 months,RR,TRUE,TRUE,20,TRUE,,0,NA,NA,NA,NA,NA
6.2,Mortality at 24 months,RR,TRUE,TRUE,30,FALSE,,0,NA,NA,NA,NA,NA
6.2,Mortality at 24 months,RR,TRUE,TRUE,30,TRUE,,0,NA,NA,NA,NA,NA
6.3,Mortality above 24 months,RR,FALSE,FALSE,NA,FALSE,GRADUATE I 2023; GRADUATE II 2023,2,0.6972000337432346,0.12513570667984988,3.8844858909470674,0.6806620419187537,1.12734264450507
6.3,Mortality above 24 months,RR,FALSE,FALSE,NA,TRUE,GRADUATE I 2023; GRADUATE II 2023,2,0.6972000337432346,0.12513570667984988,3.8844858909470674,0.6806620419187537,1.12734264450507
6.3,Mortality above 24 months,RR,FALSE,FALSE,5,FALSE,GRADUATE I 2023; GRADUATE II 2023,2,0.6972000337432346,0.12513570667984988,3.8844858909470674,0.6806620419187537,1.12734264450507
6.3,Mortality above 24 months,RR,FALSE,FALSE,5,TRUE,GRADUATE I 2023; GRADUATE II 2023,2,0.6972000337432346,0.12513570667984988,3.8844858909470674,0.6806620419187537,1.12734264450507
6.3,Mortality above 24 months,RR,FALSE,FALSE,10,FALSE,GRADUATE I 2023; GRADUATE II 2023,2,0.6972000337432346,0.12513570667984988,3.8844858909470674,0.6806620419187537,1.12734264450507
6.3,Mortality above 24 months,RR,FALSE,FALSE,10,TRUE,GRADUATE I 2023; GRADUATE II 2023,2,0.6972000337432346,0.12513570667984988,3.8844858909470674,0.6806620419187537,1.12734264450507
6.3,Mortality above 24 months,RR,FALSE,FALSE,20,FALSE,GRADUATE I 2023; GRADUATE II 2023,2,0.6972000337432346,0.12513570667984988,3.8844858909470674,0.6806620419187537,1.12734264450507
6.3,Mortality above 24 months,RR,FALSE,FALSE,20,TRUE,GRADUATE I 2023; GRADUATE II 2023,2,0.6972000337432346,0.12513570667984988,3.8844858909470674,0.6806620419187537,1.12734264450507
6.3,Mortality above 24 months,RR,FALSE,FALSE,30,FALSE,GRADUATE I 2023; GRADUATE II 2023,2,0.6972000337432346,0.12513570667984988,3.8844858909470674,0.6806620419187537,1.12734264450507
6.3,Mortality above 24 months,RR,FALSE,FALSE,30,TRUE,GRADUATE I 2023; GRADUATE II 2023,2,0.6972000337432346,0.12513570667984988,3.8844858909470674,0.6806620419187537,1.12734264450507
6.3,Mortality above 24 months,RR,FALSE,TRUE,NA,FALSE,,0,NA,NA,NA,NA,NA
6.3,Mortality above 24 months,RR,FALSE,TRUE,NA,TRUE,,0,NA,NA,NA,NA,NA
6.3,Mortality above 24 months,RR,FALSE,TRUE,5,FALSE,,0,NA,NA,NA,NA,NA
6.3,Mortality above 24 months,RR,FALSE,TRUE,5,TRUE,,0,NA,NA,NA,NA,NA
6.3,Mortality above 24 months,RR,FALSE,TRUE,10,FALSE,,0,NA,NA,NA,NA,NA
6.3,Mortality above 24 months,RR,FALSE,TRUE,10,TRUE,,0,NA,NA,NA,NA,NA
6.3,Mortality above 24 months,RR,FALSE,TRUE,20,FALSE,,0,NA,NA,NA,NA,NA
6.3,Mortality above 24 months,RR,FALSE,TRUE,20,TRUE,,0,NA,NA,NA,NA,NA
6.3,Mortality above 24 months,RR,FALSE,TRUE,30,FALSE,,0,NA,NA,NA,NA,NA
6.3,Mortality above 24 months,RR,FALSE,TRUE,30,TRUE,,0,NA,NA,NA,NA,NA
6.3,Mortality above 24 months,RR,TRUE,FALSE,NA,FALSE,GRADUATE I 2023; GRADUATE II 2023,2,0.6972000337432346,0.12513570667984988,3.8844858909470674,0.6806620419187537,1.12734264450507
6.3,Mortality above 24 months,RR,TRUE,FALSE,NA,TRUE,GRADUATE I 2023; GRADUATE II 2023,2,0.6972000337432346,0.12513570667984988,3.8844858909470674,0.6806620419187537,1.12734264450507
6.3,Mortality above 24 months,RR,TRUE,FALSE,5,FALSE,GRADUATE I 2023; GRADUATE II 2023,2,0.6972000337432346,0.12513570667984988,3.8844858909470674,0.6806620419187537,1.12734264450507
6.3,Mortality above 24 months,RR,TRUE,FALSE,5,TRUE,GRADUATE I 2023; GRADUATE II 2023,2,0.6972000337432346,0.12513570667984988,3.8844858909470674,0.6806620419187537,1.12734264450507
6.3,Mortality above 24 months,RR,TRUE,FALSE,10,FALSE,GRADUATE I 2023; GRADUATE II 2023,2,0.6972000337432346,0.12513570667984988,3.8844858909470674,0.6806620419187537,1.12734264450507
6.3,Mortality above 24 months,RR,TRUE,FALSE,10,TRUE,GRADUATE I 2023; GRADUATE II 2023,2,0.6972000337432346,0.12513570667984988,3.8844858909470674,0.6806620419187537,1.12734264450507
6.3,Mortality above 24 months,RR,TRUE,FALSE,20,FALSE,GRADUATE I 2023; GRADUATE II 2023,2,0.6972000337432346,0.12513570667984988,3.8844858909470674,0.6806620419187537,1.12734264450507
6.3,Mortality above 24 months,RR,TRUE,FALSE,20,TRUE,GRADUATE I 2023; GRADUATE II 2023,2,0.6972000337432346,0.12513570667984988,3.8844858909470674,0.6806620419187537,1.12734264450507
6.3,Mortality above 24 months,RR,TRUE,FALSE,30,FALSE,GRADUATE I 2023; GRADUATE II 2023,2,0.6972000337432346,0.12513570667984988,3.8844858909470674,0.6806620419187537,1.12734264450507
6.3,Mortality above 24 months,RR,TRUE,FALSE,30,TRUE,GRADUATE I 2023; GRADUATE II 2023,2,0.6972000337432346,0.12513570667984988,3.8844858909470674,0.6806620419187537,1.12734264450507
6.3,Mortality above 24 months,RR,TRUE,TRUE,NA,FALSE,,0,NA,NA,NA,NA,NA
6.3,Mortality above 24 months,RR,TRUE,TRUE,NA,TRUE,,0,NA,NA,NA,NA,NA
6.3,Mortality above 24 months,RR,TRUE,TRUE,5,FALSE,,0,NA,NA,NA,NA,NA
6.3,Mortality above 24 months,RR,TRUE,TRUE,5,TRUE,,0,NA,NA,NA,NA,NA
6.3,Mortality above 24 months,RR,TRUE,TRUE,10,FALSE,,0,NA,NA,NA,NA,NA
6.3,Mortality above 24 months,RR,TRUE,TRUE,10,TRUE,,0,NA,NA,NA,NA,NA
6.3,Mortality above 24 months,RR,TRUE,TRUE,20,FALSE,,0,NA,NA,NA,NA,NA
6.3,Mortality above 24 months,RR,TRUE,TRUE,20,TRUE,,0,NA,NA,NA,NA,NA
6.3,Mortality above 24 months,RR,TRUE,TRUE,30,FALSE,,0,NA,NA,NA,NA,NA
6.3,Mortality above 24 months,RR,TRUE,TRUE,30,TRUE,,0,NA,NA,NA,NA,NA
7.1,NPI-Q score at 12 months,SMD,FALSE,FALSE,NA,FALSE,CREAD 2 2022,1,0.08604846600191733,-0.18349696238018548,0.35559389438402017,0.5315107139042438,0
7.1,NPI-Q score at 12 months,SMD,FALSE,FALSE,NA,TRUE,,0,NA,NA,NA,NA,NA
7.1,NPI-Q score at 12 months,SMD,FALSE,FALSE,5,FALSE,,0,NA,NA,NA,NA,NA
7.1,NPI-Q score at 12 months,SMD,FALSE,FALSE,5,TRUE,,0,NA,NA,NA,NA,NA
7.1,NPI-Q score at 12 months,SMD,FALSE,FALSE,10,FALSE,,0,NA,NA,NA,NA,NA
7.1,NPI-Q score at 12 months,SMD,FALSE,FALSE,10,TRUE,,0,NA,NA,NA,NA,NA
7.1,NPI-Q score at 12 months,SMD,FALSE,FALSE,20,FALSE,,0,NA,NA,NA,NA,NA
7.1,NPI-Q score at 12 months,SMD,FALSE,FALSE,20,TRUE,,0,NA,NA,NA,NA,NA
7.1,NPI-Q score at 12 months,SMD,FALSE,FALSE,30,FALSE,,0,NA,NA,NA,NA,NA
7.1,NPI-Q score at 12 months,SMD,FALSE,FALSE,30,TRUE,,0,NA,NA,NA,NA,NA
7.1,NPI-Q score at 12 months,SMD,FALSE,TRUE,NA,FALSE,,0,NA,NA,NA,NA,NA
7.1,NPI-Q score at 12 months,SMD,FALSE,TRUE,NA,TRUE,,0,NA,NA,NA,NA,NA
7.1,NPI-Q score at 12 months,SMD,FALSE,TRUE,5,FALSE,,0,NA,NA,NA,NA,NA
7.1,NPI-Q score at 12 months,SMD,FALSE,TRUE,5,TRUE,,0,NA,NA,NA,NA,NA
7.1,NPI-Q score at 12 months,SMD,FALSE,TRUE,10,FALSE,,0,NA,NA,NA,NA,NA
7.1,NPI-Q score at 12 months,SMD,FALSE,TRUE,10,TRUE,,0,NA,NA,NA,NA,NA
7.1,NPI-Q score at 12 months,SMD,FALSE,TRUE,20,FALSE,,0,NA,NA,NA,NA,NA
7.1,NPI-Q score at 12 months,SMD,FALSE,TRUE,20,TRUE,,0,NA,NA,NA,NA,NA
7.1,NPI-Q score at 12 months,SMD,FALSE,TRUE,30,FALSE,,0,NA,NA,NA,NA,NA
7.1,NPI-Q score at 12 months,SMD,FALSE,TRUE,30,TRUE,,0,NA,NA,NA,NA,NA
7.1,NPI-Q score at 12 months,SMD,TRUE,FALSE,NA,FALSE,CREAD 2 2022,1,0.08604846600191733,-0.18349696238018548,0.35559389438402017,0.5315107139042438,0
7.1,NPI-Q score at 12 months,SMD,TRUE,FALSE,NA,TRUE,,0,NA,NA,NA,NA,NA
7.1,NPI-Q score at 12 months,SMD,TRUE,FALSE,5,FALSE,,0,NA,NA,NA,NA,NA
7.1,NPI-Q score at 12 months,SMD,TRUE,FALSE,5,TRUE,,0,NA,NA,NA,NA,NA
7.1,NPI-Q score at 12 months,SMD,TRUE,FALSE,10,FALSE,,0,NA,NA,NA,NA,NA
7.1,NPI-Q score at 12 months,SMD,TRUE,FALSE,10,TRUE,,0,NA,NA,NA,NA,NA
7.1,NPI-Q score at 12 months,SMD,TRUE,FALSE,20,FALSE,,0,NA,NA,NA,NA,NA
7.1,NPI-Q score at 12 months,SMD,TRUE,FALSE,20,TRUE,,0,NA,NA,NA,NA,NA
7.1,NPI-Q score at 12 months,SMD,TRUE,FALSE,30,FALSE,,0,NA,NA,NA,NA,NA
7.1,NPI-Q score at 12 months,SMD,TRUE,FALSE,30,TRUE,,0,NA,NA,NA,NA,NA
7.1,NPI-Q score at 12 months,SMD,TRUE,TRUE,NA,FALSE,,0,NA,NA,NA,NA,NA
7.1,NPI-Q score at 12 months,SMD,TRUE,TRUE,NA,TRUE,,0,NA,NA,NA,NA,NA
7.1,NPI-Q score at 12 months,SMD,TRUE,TRUE,5,FALSE,,0,NA,NA,NA,NA,NA
7.1,NPI-Q score at 12 months,SMD,TRUE,TRUE,5,TRUE,,0,NA,NA,NA,NA,NA
7.1,NPI-Q score at 12 months,SMD,TRUE,TRUE,10,FALSE,,0,NA,NA,NA,NA,NA
7.1,NPI-Q score at 12 months,SMD,TRUE,TRUE,10,TRUE,,0,NA,NA,NA,NA,NA
7.1,NPI-Q score at 12 months,SMD,TRUE,TRUE,20,FALSE,,0,NA,NA,NA,NA,NA
7.1,NPI-Q score at 12 months,SMD,TRUE,TRUE,20,TRUE,,0,NA,NA,NA,NA,NA
7.1,NPI-Q score at 12 months,SMD,TRUE,TRUE,30,FALSE,,0,NA,NA,NA,NA,NA
7.1,NPI-Q score at 12 months,SMD,TRUE,TRUE,30,TRUE,,0,NA,NA,NA,NA,NA
7.2,NPI-Q score at 18 months,SMD,FALSE,FALSE,NA,FALSE,ENVISION; CREAD 2022,2,0.11919939977015583,-0.17479245584770714,0.41319125538801876,0.4268054428964087,0
7.2,NPI-Q score at 18 months,SMD,FALSE,FALSE,NA,TRUE,,0,NA,NA,NA,NA,NA
7.2,NPI-Q score at 18 months,SMD,FALSE,FALSE,5,FALSE,,0,NA,NA,NA,NA,NA
7.2,NPI-Q score at 18 months,SMD,FALSE,FALSE,5,TRUE,,0,NA,NA,NA,NA,NA
7.2,NPI-Q score at 18 months,SMD,FALSE,FALSE,10,FALSE,,0,NA,NA,NA,NA,NA
7.2,NPI-Q score at 18 months,SMD,FALSE,FALSE,10,TRUE,,0,NA,NA,NA,NA,NA
7.2,NPI-Q score at 18 months,SMD,FALSE,FALSE,20,FALSE,,0,NA,NA,NA,NA,NA
7.2,NPI-Q score at 18 months,SMD,FALSE,FALSE,20,TRUE,,0,NA,NA,NA,NA,NA
7.2,NPI-Q score at 18 months,SMD,FALSE,FALSE,30,FALSE,,0,NA,NA,NA,NA,NA
7.2,NPI-Q score at 18 months,SMD,FALSE,FALSE,30,TRUE,,0,NA,NA,NA,NA,NA
7.2,NPI-Q score at 18 months,SMD,FALSE,TRUE,NA,FALSE,ENVISION,1,0.5168562568898105,-0.9580126773384039,1.991725191118025,0.4921667733628572,0
7.2,NPI-Q score at 18 months,SMD,FALSE,TRUE,NA,TRUE,,0,NA,NA,NA,NA,NA
7.2,NPI-Q score at 18 months,SMD,FALSE,TRUE,5,FALSE,,0,NA,NA,NA,NA,NA
7.2,NPI-Q score at 18 months,SMD,FALSE,TRUE,5,TRUE,,0,NA,NA,NA,NA,NA
7.2,NPI-Q score at 18 months,SMD,FALSE,TRUE,10,FALSE,,0,NA,NA,NA,NA,NA
7.2,NPI-Q score at 18 months,SMD,FALSE,TRUE,10,TRUE,,0,NA,NA,NA,NA,NA
7.2,NPI-Q score at 18 months,SMD,FALSE,TRUE,20,FALSE,,0,NA,NA,NA,NA,NA
7.2,NPI-Q score at 18 months,SMD,FALSE,TRUE,20,TRUE,,0,NA,NA,NA,NA,NA
7.2,NPI-Q score at 18 months,SMD,FALSE,TRUE,30,FALSE,,0,NA,NA,NA,NA,NA
7.2,NPI-Q score at 18 months,SMD,FALSE,TRUE,30,TRUE,,0,NA,NA,NA,NA,NA
7.2,NPI-Q score at 18 months,SMD,TRUE,FALSE,NA,FALSE,ENVISION; CREAD 2022,2,0.11919939977015583,-0.17479245584770714,0.41319125538801876,0.4268054428964087,0
7.2,NPI-Q score at 18 months,SMD,TRUE,FALSE,NA,TRUE,,0,NA,NA,NA,NA,NA
7.2,NPI-Q score at 18 months,SMD,TRUE,FALSE,5,FALSE,,0,NA,NA,NA,NA,NA
7.2,NPI-Q score at 18 months,SMD,TRUE,FALSE,5,TRUE,,0,NA,NA,NA,NA,NA
7.2,NPI-Q score at 18 months,SMD,TRUE,FALSE,10,FALSE,,0,NA,NA,NA,NA,NA
7.2,NPI-Q score at 18 months,SMD,TRUE,FALSE,10,TRUE,,0,NA,NA,NA,NA,NA
7.2,NPI-Q score at 18 months,SMD,TRUE,FALSE,20,FALSE,,0,NA,NA,NA,NA,NA
7.2,NPI-Q score at 18 months,SMD,TRUE,FALSE,20,TRUE,,0,NA,NA,NA,NA,NA
7.2,NPI-Q score at 18 months,SMD,TRUE,FALSE,30,FALSE,,0,NA,NA,NA,NA,NA
7.2,NPI-Q score at 18 months,SMD,TRUE,FALSE,30,TRUE,,0,NA,NA,NA,NA,NA
7.2,NPI-Q score at 18 months,SMD,TRUE,TRUE,NA,FALSE,ENVISION,1,0.5168562568898105,-0.9580126773384039,1.991725191118025,0.4921667733628572,0
7.2,NPI-Q score at 18 months,SMD,TRUE,TRUE,NA,TRUE,,0,NA,NA,NA,NA,NA
7.2,NPI-Q score at 18 months,SMD,TRUE,TRUE,5,FALSE,,0,NA,NA,NA,NA,NA
7.2,NPI-Q score at 18 months,SMD,TRUE,TRUE,5,TRUE,,0,NA,NA,NA,NA,NA
7.2,NPI-Q score at 18 months,SMD,TRUE,TRUE,10,FALSE,,0,NA,NA,NA,NA,NA
7.2,NPI-Q score at 18 months,SMD,TRUE,TRUE,10,TRUE,,0,NA,NA,NA,NA,NA
7.2,NPI-Q score at 18 months,SMD,TRUE,TRUE,20,FALSE,,0,NA,NA,NA,NA,NA
7.2,NPI-Q score at 18 months,SMD,TRUE,TRUE,20,TRUE,,0,NA,NA,NA,NA,NA
7.2,NPI-Q score at 18 months,SMD,TRUE,TRUE,30,FALSE,,0,NA,NA,NA,NA,NA
7.2,NPI-Q score at 18 months,SMD,TRUE,TRUE,30,TRUE,,0,NA,NA,NA,NA,NA
8.1,Infusion reaction at 18 months,RR,FALSE,FALSE,NA,FALSE,CREAD 2 2022; TRAILBLAZER-ALZ 2 2023; CLARITY AD 2023,3,3.580414000675479,0.06906491805724485,185.61325745159925,0.29902753661688963,2.3632727803498077
8.1,Infusion reaction at 18 months,RR,FALSE,FALSE,NA,TRUE,TRAILBLAZER-ALZ 2 2023; CLARITY AD 2023,2,7.662918735750597,1.5087116733693504,38.92083861164777,0.014051223195922948,1.2466103679702276
8.1,Infusion reaction at 18 months,RR,FALSE,FALSE,5,FALSE,TRAILBLAZER-ALZ 2 2023; CLARITY AD 2023,2,7.662918735750597,1.5087116733693504,38.92083861164777,0.014051223195922948,1.2466103679702276
8.1,Infusion reaction at 18 months,RR,FALSE,FALSE,5,TRUE,TRAILBLAZER-ALZ 2 2023; CLARITY AD 2023,2,7.662918735750597,1.5087116733693504,38.92083861164777,0.014051223195922948,1.2466103679702276
8.1,Infusion reaction at 18 months,RR,FALSE,FALSE,10,FALSE,TRAILBLAZER-ALZ 2 2023; CLARITY AD 2023,2,7.662918735750597,1.5087116733693504,38.92083861164777,0.014051223195922948,1.2466103679702276
8.1,Infusion reaction at 18 months,RR,FALSE,FALSE,10,TRUE,TRAILBLAZER-ALZ 2 2023; CLARITY AD 2023,2,7.662918735750597,1.5087116733693504,38.92083861164777,0.014051223195922948,1.2466103679702276
8.1,Infusion reaction at 18 months,RR,FALSE,FALSE,20,FALSE,TRAILBLAZER-ALZ 2 2023; CLARITY AD 2023,2,7.662918735750597,1.5087116733693504,38.92083861164777,0.014051223195922948,1.2466103679702276
8.1,Infusion reaction at 18 months,RR,FALSE,FALSE,20,TRUE,TRAILBLAZER-ALZ 2 2023; CLARITY AD 2023,2,7.662918735750597,1.5087116733693504,38.92083861164777,0.014051223195922948,1.2466103679702276
8.1,Infusion reaction at 18 months,RR,FALSE,FALSE,30,FALSE,TRAILBLAZER-ALZ 2 2023; CLARITY AD 2023,2,7.662918735750597,1.5087116733693504,38.92083861164777,0.014051223195922948,1.2466103679702276
8.1,Infusion reaction at 18 months,RR,FALSE,FALSE,30,TRUE,TRAILBLAZER-ALZ 2 2023; CLARITY AD 2023,2,7.662918735750597,1.5087116733693504,38.92083861164777,0.014051223195922948,1.2466103679702276
8.1,Infusion reaction at 18 months,RR,FALSE,TRUE,NA,FALSE,TRAILBLAZER-ALZ 2 2023; CLARITY AD 2023,2,7.662918735750597,1.5087116733693504,38.92083861164777,0.014051223195922948,1.2466103679702276
8.1,Infusion reaction at 18 months,RR,FALSE,TRUE,NA,TRUE,TRAILBLAZER-ALZ 2 2023; CLARITY AD 2023,2,7.662918735750597,1.5087116733693504,38.92083861164777,0.014051223195922948,1.2466103679702276
8.1,Infusion reaction at 18 months,RR,FALSE,TRUE,5,FALSE,TRAILBLAZER-ALZ 2 2023; CLARITY AD 2023,2,7.662918735750597,1.5087116733693504,38.92083861164777,0.014051223195922948,1.2466103679702276
8.1,Infusion reaction at 18 months,RR,FALSE,TRUE,5,TRUE,TRAILBLAZER-ALZ 2 2023; CLARITY AD 2023,2,7.662918735750597,1.5087116733693504,38.92083861164777,0.014051223195922948,1.2466103679702276
8.1,Infusion reaction at 18 months,RR,FALSE,TRUE,10,FALSE,TRAILBLAZER-ALZ 2 2023; CLARITY AD 2023,2,7.662918735750597,1.5087116733693504,38.92083861164777,0.014051223195922948,1.2466103679702276
8.1,Infusion reaction at 18 months,RR,FALSE,TRUE,10,TRUE,TRAILBLAZER-ALZ 2 2023; CLARITY AD 2023,2,7.662918735750597,1.5087116733693504,38.92083861164777,0.014051223195922948,1.2466103679702276
8.1,Infusion reaction at 18 months,RR,FALSE,TRUE,20,FALSE,TRAILBLAZER-ALZ 2 2023; CLARITY AD 2023,2,7.662918735750597,1.5087116733693504,38.92083861164777,0.014051223195922948,1.2466103679702276
8.1,Infusion reaction at 18 months,RR,FALSE,TRUE,20,TRUE,TRAILBLAZER-ALZ 2 2023; CLARITY AD 2023,2,7.662918735750597,1.5087116733693504,38.92083861164777,0.014051223195922948,1.2466103679702276
8.1,Infusion reaction at 18 months,RR,FALSE,TRUE,30,FALSE,TRAILBLAZER-ALZ 2 2023; CLARITY AD 2023,2,7.662918735750597,1.5087116733693504,38.92083861164777,0.014051223195922948,1.2466103679702276
8.1,Infusion reaction at 18 months,RR,FALSE,TRUE,30,TRUE,TRAILBLAZER-ALZ 2 2023; CLARITY AD 2023,2,7.662918735750597,1.5087116733693504,38.92083861164777,0.014051223195922948,1.2466103679702276
8.1,Infusion reaction at 18 months,RR,TRUE,FALSE,NA,FALSE,CREAD 2 2022; TRAILBLAZER-ALZ 2 2023; CLARITY AD 2023,3,3.580414000675479,0.06906491805724485,185.61325745159925,0.29902753661688963,2.3632727803498077
8.1,Infusion reaction at 18 months,RR,TRUE,FALSE,NA,TRUE,TRAILBLAZER-ALZ 2 2023; CLARITY AD 2023,2,7.662918735750597,1.5087116733693504,38.92083861164777,0.014051223195922948,1.2466103679702276
8.1,Infusion reaction at 18 months,RR,TRUE,FALSE,5,FALSE,TRAILBLAZER-ALZ 2 2023; CLARITY AD 2023,2,7.662918735750597,1.5087116733693504,38.92083861164777,0.014051223195922948,1.2466103679702276
8.1,Infusion reaction at 18 months,RR,TRUE,FALSE,5,TRUE,TRAILBLAZER-ALZ 2 2023; CLARITY AD 2023,2,7.662918735750597,1.5087116733693504,38.92083861164777,0.014051223195922948,1.2466103679702276
8.1,Infusion reaction at 18 months,RR,TRUE,FALSE,10,FALSE,TRAILBLAZER-ALZ 2 2023; CLARITY AD 2023,2,7.662918735750597,1.5087116733693504,38.92083861164777,0.014051223195922948,1.2466103679702276
8.1,Infusion reaction at 18 months,RR,TRUE,FALSE,10,TRUE,TRAILBLAZER-ALZ 2 2023; CLARITY AD 2023,2,7.662918735750597,1.5087116733693504,38.92083861164777,0.014051223195922948,1.2466103679702276
8.1,Infusion reaction at 18 months,RR,TRUE,FALSE,20,FALSE,TRAILBLAZER-ALZ 2 2023; CLARITY AD 2023,2,7.662918735750597,1.5087116733693504,38.92083861164777,0.014051223195922948,1.2466103679702276
8.1,Infusion reaction at 18 months,RR,TRUE,FALSE,20,TRUE,TRAILBLAZER-ALZ 2 2023; CLARITY AD 2023,2,7.662918735750597,1.5087116733693504,38.92083861164777,0.014051223195922948,1.2466103679702276
8.1,Infusion reaction at 18 months,RR,TRUE,FALSE,30,FALSE,TRAILBLAZER-ALZ 2 2023; CLARITY AD 2023,2,7.662918735750597,1.5087116733693504,38.92083861164777,0.014051223195922948,1.2466103679702276
8.1,Infusion reaction at 18 months,RR,TRUE,FALSE,30,TRUE,TRAILBLAZER-ALZ 2 2023; CLARITY AD 2023,2,7.662918735750597,1.5087116733693504,38.92083861164777,0.014051223195922948,1.2466103679702276
8.1,Infusion reaction at 18 months,RR,TRUE,TRUE,NA,FALSE,TRAILBLAZER-ALZ 2 2023; CLARITY AD 2023,2,7.662918735750597,1.5087116733693504,38.92083861164777,0.014051223195922948,1.2466103679702276
8.1,Infusion reaction at 18 months,RR,TRUE,TRUE,NA,TRUE,TRAILBLAZER-ALZ 2 2023; CLARITY AD 2023,2,7.662918735750597,1.5087116733693504,38.92083861164777,0.014051223195922948,1.2466103679702276
8.1,Infusion reaction at 18 months,RR,TRUE,TRUE,5,FALSE,TRAILBLAZER-ALZ 2 2023; CLARITY AD 2023,2,7.662918735750597,1.5087116733693504,38.92083861164777,0.014051223195922948,1.2466103679702276
8.1,Infusion reaction at 18 months,RR,TRUE,TRUE,5,TRUE,TRAILBLAZER-ALZ 2 2023; CLARITY AD 2023,2,7.662918735750597,1.5087116733693504,38.92083861164777,0.014051223195922948,1.2466103679702276
8.1,Infusion reaction at 18 months,RR,TRUE,TRUE,10,FALSE,TRAILBLAZER-ALZ 2 2023; CLARITY AD 2023,2,7.662918735750597,1.5087116733693504,38.92083861164777,0.014051223195922948,1.2466103679702276
8.1,Infusion reaction at 18 months,RR,TRUE,TRUE,10,TRUE,TRAILBLAZER-ALZ 2 2023; CLARITY AD 2023,2,7.662918735750597,1.5087116733693504,38.92083861164777,0.014051223195922948,1.2466103679702276
8.1,Infusion reaction at 18 months,RR,TRUE,TRUE,20,FALSE,TRAILBLAZER-ALZ 2 2023; CLARITY AD 2023,2,7.662918735750597,1.5087116733693504,38.92083861164777,0.014051223195922948,1.2466103679702276
8.1,Infusion reaction at 18 months,RR,TRUE,TRUE,20,TRUE,TRAILBLAZER-ALZ 2 2023; CLARITY AD 2023,2,7.662918735750597,1.5087116733693504,38.92083861164777,0.014051223195922948,1.2466103679702276
8.1,Infusion reaction at 18 months,RR,TRUE,TRUE,30,FALSE,TRAILBLAZER-ALZ 2 2023; CLARITY AD 2023,2,7.662918735750597,1.5087116733693504,38.92083861164777,0.014051223195922948,1.2466103679702276
8.1,Infusion reaction at 18 months,RR,TRUE,TRUE,30,TRUE,TRAILBLAZER-ALZ 2 2023; CLARITY AD 2023,2,7.662918735750597,1.5087116733693504,38.92083861164777,0.014051223195922948,1.2466103679702276
8.2,Infusion reaction at 24 months,RR,FALSE,FALSE,NA,FALSE,CREAD 2022,1,1.1491789422844725,0.7737732011899475,1.7067174714233508,0.49079563226526185,0
8.2,Infusion reaction at 24 months,RR,FALSE,FALSE,NA,TRUE,CREAD 2022,1,1.1491789422844725,0.7737732011899475,1.7067174714233508,0.49079563226526185,0
8.2,Infusion reaction at 24 months,RR,FALSE,FALSE,5,FALSE,,0,NA,NA,NA,NA,NA
8.2,Infusion reaction at 24 months,RR,FALSE,FALSE,5,TRUE,,0,NA,NA,NA,NA,NA
8.2,Infusion reaction at 24 months,RR,FALSE,FALSE,10,FALSE,,0,NA,NA,NA,NA,NA
8.2,Infusion reaction at 24 months,RR,FALSE,FALSE,10,TRUE,,0,NA,NA,NA,NA,NA
8.2,Infusion reaction at 24 months,RR,FALSE,FALSE,20,FALSE,,0,NA,NA,NA,NA,NA
8.2,Infusion reaction at 24 months,RR,FALSE,FALSE,20,TRUE,,0,NA,NA,NA,NA,NA
8.2,Infusion reaction at 24 months,RR,FALSE,FALSE,30,FALSE,,0,NA,NA,NA,NA,NA
8.2,Infusion reaction at 24 months,RR,FALSE,FALSE,30,TRUE,,0,NA,NA,NA,NA,NA
8.2,Infusion reaction at 24 months,RR,FALSE,TRUE,NA,FALSE,,0,NA,NA,NA,NA,NA
8.2,Infusion reaction at 24 months,RR,FALSE,TRUE,NA,TRUE,,0,NA,NA,NA,NA,NA
8.2,Infusion reaction at 24 months,RR,FALSE,TRUE,5,FALSE,,0,NA,NA,NA,NA,NA
8.2,Infusion reaction at 24 months,RR,FALSE,TRUE,5,TRUE,,0,NA,NA,NA,NA,NA
8.2,Infusion reaction at 24 months,RR,FALSE,TRUE,10,FALSE,,0,NA,NA,NA,NA,NA
8.2,Infusion reaction at 24 months,RR,FALSE,TRUE,10,TRUE,,0,NA,NA,NA,NA,NA
8.2,Infusion reaction at 24 months,RR,FALSE,TRUE,20,FALSE,,0,NA,NA,NA,NA,NA
8.2,Infusion reaction at 24 months,RR,FALSE,TRUE,20,TRUE,,0,NA,NA,NA,NA,NA
8.2,Infusion reaction at 24 months,RR,FALSE,TRUE,30,FALSE,,0,NA,NA,NA,NA,NA
8.2,Infusion reaction at 24 months,RR,FALSE,TRUE,30,TRUE,,0,NA,NA,NA,NA,NA
8.2,Infusion reaction at 24 months,RR,TRUE,FALSE,NA,FALSE,CREAD 2022,1,1.1491789422844725,0.7737732011899475,1.7067174714233508,0.49079563226526185,0
8.2,Infusion reaction at 24 months,RR,TRUE,FALSE,NA,TRUE,CREAD 2022,1,1.1491789422844725,0.7737732011899475,1.7067174714233508,0.49079563226526185,0
8.2,Infusion reaction at 24 months,RR,TRUE,FALSE,5,FALSE,,0,NA,NA,NA,NA,NA
8.2,Infusion reaction at 24 months,RR,TRUE,FALSE,5,TRUE,,0,NA,NA,NA,NA,NA
8.2,Infusion reaction at 24 months,RR,TRUE,FALSE,10,FALSE,,0,NA,NA,NA,NA,NA
8.2,Infusion reaction at 24 months,RR,TRUE,FALSE,10,TRUE,,0,NA,NA,NA,NA,NA
8.2,Infusion reaction at 24 months,RR,TRUE,FALSE,20,FALSE,,0,NA,NA,NA,NA,NA
8.2,Infusion reaction at 24 months,RR,TRUE,FALSE,20,TRUE,,0,NA,NA,NA,NA,NA
8.2,Infusion reaction at 24 months,RR,TRUE,FALSE,30,FALSE,,0,NA,NA,NA,NA,NA
8.2,Infusion reaction at 24 months,RR,TRUE,FALSE,30,TRUE,,0,NA,NA,NA,NA,NA
8.2,Infusion reaction at 24 months,RR,TRUE,TRUE,NA,FALSE,,0,NA,NA,NA,NA,NA
8.2,Infusion reaction at 24 months,RR,TRUE,TRUE,NA,TRUE,,0,NA,NA,NA,NA,NA
8.2,Infusion reaction at 24 months,RR,TRUE,TRUE,5,FALSE,,0,NA,NA,NA,NA,NA
8.2,Infusion reaction at 24 months,RR,TRUE,TRUE,5,TRUE,,0,NA,NA,NA,NA,NA
8.2,Infusion reaction at 24 months,RR,TRUE,TRUE,10,FALSE,,0,NA,NA,NA,NA,NA
8.2,Infusion reaction at 24 months,RR,TRUE,TRUE,10,TRUE,,0,NA,NA,NA,NA,NA
8.2,Infusion reaction at 24 months,RR,TRUE,TRUE,20,FALSE,,0,NA,NA,NA,NA,NA
8.2,Infusion reaction at 24 months,RR,TRUE,TRUE,20,TRUE,,0,NA,NA,NA,NA,NA
8.2,Infusion reaction at 24 months,RR,TRUE,TRUE,30,FALSE,,0,NA,NA,NA,NA,NA
8.2,Infusion reaction at 24 months,RR,TRUE,TRUE,30,TRUE,,0,NA,NA,NA,NA,NA
9.1,Study discontinuation at 18 months,RR,FALSE,FALSE,NA,FALSE,EMERGE 2022; ENGAGE 2022; 3000 Non Carriers 2016; 3001 Carriers 2016; Bapineuzumab-301 2014; Bapineuzumab-302 2014; CREAD 2 2022; TRAILBLAZER-ALZ 2 2023; CLARITY AD 2023; EXPEDITION - EXPEDITION 2 2016; EXPEDITION 3 2018,11,1.1206943650781804,1.0205690857766552,1.230642665373507,0.021825522338634565,0.009762441228302526
9.1,Study discontinuation at 18 months,RR,FALSE,FALSE,NA,TRUE,EMERGE 2022; ENGAGE 2022; TRAILBLAZER-ALZ 2 2023; CLARITY AD 2023,4,1.2838073735527142,1.1473567043095856,1.4364855900502962,0.005805190402274019,0
9.1,Study discontinuation at 18 months,RR,FALSE,FALSE,5,FALSE,EMERGE 2022; ENGAGE 2022; 3001 Carriers 2016; TRAILBLAZER-ALZ 2 2023; CLARITY AD 2023,5,1.2250275196664642,1.0887572845228204,1.378353509338761,0.008784886885619621,0.0013955778382416131
9.1,Study discontinuation at 18 months,RR,FALSE,FALSE,5,TRUE,EMERGE 2022; ENGAGE 2022; TRAILBLAZER-ALZ 2 2023; CLARITY AD 2023,4,1.2838073735527142,1.1473567043095856,1.4364855900502962,0.005805190402274019,0
9.1,Study discontinuation at 18 months,RR,FALSE,FALSE,10,FALSE,EMERGE 2022; ENGAGE 2022; TRAILBLAZER-ALZ 2 2023; CLARITY AD 2023,4,1.2838073735527142,1.1473567043095856,1.4364855900502962,0.005805190402274019,0
9.1,Study discontinuation at 18 months,RR,FALSE,FALSE,10,TRUE,EMERGE 2022; ENGAGE 2022; TRAILBLAZER-ALZ 2 2023; CLARITY AD 2023,4,1.2838073735527142,1.1473567043095856,1.4364855900502962,0.005805190402274019,0
9.1,Study discontinuation at 18 months,RR,FALSE,FALSE,20,FALSE,EMERGE 2022; ENGAGE 2022; TRAILBLAZER-ALZ 2 2023; CLARITY AD 2023,4,1.2838073735527142,1.1473567043095856,1.4364855900502962,0.005805190402274019,0
9.1,Study discontinuation at 18 months,RR,FALSE,FALSE,20,TRUE,EMERGE 2022; ENGAGE 2022; TRAILBLAZER-ALZ 2 2023; CLARITY AD 2023,4,1.2838073735527142,1.1473567043095856,1.4364855900502962,0.005805190402274019,0
9.1,Study discontinuation at 18 months,RR,FALSE,FALSE,30,FALSE,EMERGE 2022; ENGAGE 2022; TRAILBLAZER-ALZ 2 2023; CLARITY AD 2023,4,1.2838073735527142,1.1473567043095856,1.4364855900502962,0.005805190402274019,0
9.1,Study discontinuation at 18 months,RR,FALSE,FALSE,30,TRUE,EMERGE 2022; ENGAGE 2022; TRAILBLAZER-ALZ 2 2023; CLARITY AD 2023,4,1.2838073735527142,1.1473567043095856,1.4364855900502962,0.005805190402274019,0
9.1,Study discontinuation at 18 months,RR,FALSE,TRUE,NA,FALSE,EMERGE 2022; ENGAGE 2022; TRAILBLAZER-ALZ 2 2023; CLARITY AD 2023,4,1.2838073735527142,1.1473567043095856,1.4364855900502962,0.005805190402274019,0
9.1,Study discontinuation at 18 months,RR,FALSE,TRUE,NA,TRUE,EMERGE 2022; ENGAGE 2022; TRAILBLAZER-ALZ 2 2023; CLARITY AD 2023,4,1.2838073735527142,1.1473567043095856,1.4364855900502962,0.005805190402274019,0
9.1,Study discontinuation at 18 months,RR,FALSE,TRUE,5,FALSE,EMERGE 2022; ENGAGE 2022; TRAILBLAZER-ALZ 2 2023; CLARITY AD 2023,4,1.2838073735527142,1.1473567043095856,1.4364855900502962,0.005805190402274019,0
9.1,Study discontinuation at 18 months,RR,FALSE,TRUE,5,TRUE,EMERGE 2022; ENGAGE 2022; TRAILBLAZER-ALZ 2 2023; CLARITY AD 2023,4,1.2838073735527142,1.1473567043095856,1.4364855900502962,0.005805190402274019,0
9.1,Study discontinuation at 18 months,RR,FALSE,TRUE,10,FALSE,EMERGE 2022; ENGAGE 2022; TRAILBLAZER-ALZ 2 2023; CLARITY AD 2023,4,1.2838073735527142,1.1473567043095856,1.4364855900502962,0.005805190402274019,0
9.1,Study discontinuation at 18 months,RR,FALSE,TRUE,10,TRUE,EMERGE 2022; ENGAGE 2022; TRAILBLAZER-ALZ 2 2023; CLARITY AD 2023,4,1.2838073735527142,1.1473567043095856,1.4364855900502962,0.005805190402274019,0
9.1,Study discontinuation at 18 months,RR,FALSE,TRUE,20,FALSE,EMERGE 2022; ENGAGE 2022; TRAILBLAZER-ALZ 2 2023; CLARITY AD 2023,4,1.2838073735527142,1.1473567043095856,1.4364855900502962,0.005805190402274019,0
9.1,Study discontinuation at 18 months,RR,FALSE,TRUE,20,TRUE,EMERGE 2022; ENGAGE 2022; TRAILBLAZER-ALZ 2 2023; CLARITY AD 2023,4,1.2838073735527142,1.1473567043095856,1.4364855900502962,0.005805190402274019,0
9.1,Study discontinuation at 18 months,RR,FALSE,TRUE,30,FALSE,EMERGE 2022; ENGAGE 2022; TRAILBLAZER-ALZ 2 2023; CLARITY AD 2023,4,1.2838073735527142,1.1473567043095856,1.4364855900502962,0.005805190402274019,0
9.1,Study discontinuation at 18 months,RR,FALSE,TRUE,30,TRUE,EMERGE 2022; ENGAGE 2022; TRAILBLAZER-ALZ 2 2023; CLARITY AD 2023,4,1.2838073735527142,1.1473567043095856,1.4364855900502962,0.005805190402274019,0
9.1,Study discontinuation at 18 months,RR,TRUE,FALSE,NA,FALSE,EMERGE 2022; ENGAGE 2022; CREAD 2 2022; TRAILBLAZER-ALZ 2 2023; CLARITY AD 2023; EXPEDITION 3 2018,6,1.1906492969160003,0.9960323788259222,1.4232928350357672,0.053609983087810495,0.017489924824037193
9.1,Study discontinuation at 18 months,RR,TRUE,FALSE,NA,TRUE,EMERGE 2022; ENGAGE 2022; TRAILBLAZER-ALZ 2 2023; CLARITY AD 2023,4,1.2838073735527142,1.1473567043095856,1.4364855900502962,0.005805190402274019,0
9.1,Study discontinuation at 18 months,RR,TRUE,FALSE,5,FALSE,EMERGE 2022; ENGAGE 2022; TRAILBLAZER-ALZ 2 2023; CLARITY AD 2023,4,1.2838073735527142,1.1473567043095856,1.4364855900502962,0.005805190402274019,0
9.1,Study discontinuation at 18 months,RR,TRUE,FALSE,5,TRUE,EMERGE 2022; ENGAGE 2022; TRAILBLAZER-ALZ 2 2023; CLARITY AD 2023,4,1.2838073735527142,1.1473567043095856,1.4364855900502962,0.005805190402274019,0
9.1,Study discontinuation at 18 months,RR,TRUE,FALSE,10,FALSE,EMERGE 2022; ENGAGE 2022; TRAILBLAZER-ALZ 2 2023; CLARITY AD 2023,4,1.2838073735527142,1.1473567043095856,1.4364855900502962,0.005805190402274019,0
9.1,Study discontinuation at 18 months,RR,TRUE,FALSE,10,TRUE,EMERGE 2022; ENGAGE 2022; TRAILBLAZER-ALZ 2 2023; CLARITY AD 2023,4,1.2838073735527142,1.1473567043095856,1.4364855900502962,0.005805190402274019,0
9.1,Study discontinuation at 18 months,RR,TRUE,FALSE,20,FALSE,EMERGE 2022; ENGAGE 2022; TRAILBLAZER-ALZ 2 2023; CLARITY AD 2023,4,1.2838073735527142,1.1473567043095856,1.4364855900502962,0.005805190402274019,0
9.1,Study discontinuation at 18 months,RR,TRUE,FALSE,20,TRUE,EMERGE 2022; ENGAGE 2022; TRAILBLAZER-ALZ 2 2023; CLARITY AD 2023,4,1.2838073735527142,1.1473567043095856,1.4364855900502962,0.005805190402274019,0
9.1,Study discontinuation at 18 months,RR,TRUE,FALSE,30,FALSE,EMERGE 2022; ENGAGE 2022; TRAILBLAZER-ALZ 2 2023; CLARITY AD 2023,4,1.2838073735527142,1.1473567043095856,1.4364855900502962,0.005805190402274019,0
9.1,Study discontinuation at 18 months,RR,TRUE,FALSE,30,TRUE,EMERGE 2022; ENGAGE 2022; TRAILBLAZER-ALZ 2 2023; CLARITY AD 2023,4,1.2838073735527142,1.1473567043095856,1.4364855900502962,0.005805190402274019,0
9.1,Study discontinuation at 18 months,RR,TRUE,TRUE,NA,FALSE,EMERGE 2022; ENGAGE 2022; TRAILBLAZER-ALZ 2 2023; CLARITY AD 2023,4,1.2838073735527142,1.1473567043095856,1.4364855900502962,0.005805190402274019,0
9.1,Study discontinuation at 18 months,RR,TRUE,TRUE,NA,TRUE,EMERGE 2022; ENGAGE 2022; TRAILBLAZER-ALZ 2 2023; CLARITY AD 2023,4,1.2838073735527142,1.1473567043095856,1.4364855900502962,0.005805190402274019,0
9.1,Study discontinuation at 18 months,RR,TRUE,TRUE,5,FALSE,EMERGE 2022; ENGAGE 2022; TRAILBLAZER-ALZ 2 2023; CLARITY AD 2023,4,1.2838073735527142,1.1473567043095856,1.4364855900502962,0.005805190402274019,0
9.1,Study discontinuation at 18 months,RR,TRUE,TRUE,5,TRUE,EMERGE 2022; ENGAGE 2022; TRAILBLAZER-ALZ 2 2023; CLARITY AD 2023,4,1.2838073735527142,1.1473567043095856,1.4364855900502962,0.005805190402274019,0
9.1,Study discontinuation at 18 months,RR,TRUE,TRUE,10,FALSE,EMERGE 2022; ENGAGE 2022; TRAILBLAZER-ALZ 2 2023; CLARITY AD 2023,4,1.2838073735527142,1.1473567043095856,1.4364855900502962,0.005805190402274019,0
9.1,Study discontinuation at 18 months,RR,TRUE,TRUE,10,TRUE,EMERGE 2022; ENGAGE 2022; TRAILBLAZER-ALZ 2 2023; CLARITY AD 2023,4,1.2838073735527142,1.1473567043095856,1.4364855900502962,0.005805190402274019,0
9.1,Study discontinuation at 18 months,RR,TRUE,TRUE,20,FALSE,EMERGE 2022; ENGAGE 2022; TRAILBLAZER-ALZ 2 2023; CLARITY AD 2023,4,1.2838073735527142,1.1473567043095856,1.4364855900502962,0.005805190402274019,0
9.1,Study discontinuation at 18 months,RR,TRUE,TRUE,20,TRUE,EMERGE 2022; ENGAGE 2022; TRAILBLAZER-ALZ 2 2023; CLARITY AD 2023,4,1.2838073735527142,1.1473567043095856,1.4364855900502962,0.005805190402274019,0
9.1,Study discontinuation at 18 months,RR,TRUE,TRUE,30,FALSE,EMERGE 2022; ENGAGE 2022; TRAILBLAZER-ALZ 2 2023; CLARITY AD 2023,4,1.2838073735527142,1.1473567043095856,1.4364855900502962,0.005805190402274019,0
9.1,Study discontinuation at 18 months,RR,TRUE,TRUE,30,TRUE,EMERGE 2022; ENGAGE 2022; TRAILBLAZER-ALZ 2 2023; CLARITY AD 2023,4,1.2838073735527142,1.1473567043095856,1.4364855900502962,0.005805190402274019,0
9.2,Study discontinuation at 24 months,RR,FALSE,FALSE,NA,FALSE,CREAD 2022; SCarlet RoAD 2017,2,1.0087417778211831,0.9411188324553127,1.081223687413734,0.8058020547192903,0
9.2,Study discontinuation at 24 months,RR,FALSE,FALSE,NA,TRUE,CREAD 2022; SCarlet RoAD 2017,2,1.0087417778211831,0.9411188324553127,1.081223687413734,0.8058020547192903,0
9.2,Study discontinuation at 24 months,RR,FALSE,FALSE,5,FALSE,SCarlet RoAD 2017,1,1.0536165327210103,0.7887976788218897,1.4073416134807186,0.7236128240599273,0
9.2,Study discontinuation at 24 months,RR,FALSE,FALSE,5,TRUE,SCarlet RoAD 2017,1,1.0536165327210103,0.7887976788218897,1.4073416134807186,0.7236128240599273,0
9.2,Study discontinuation at 24 months,RR,FALSE,FALSE,10,FALSE,SCarlet RoAD 2017,1,1.0536165327210103,0.7887976788218897,1.4073416134807186,0.7236128240599273,0
9.2,Study discontinuation at 24 months,RR,FALSE,FALSE,10,TRUE,SCarlet RoAD 2017,1,1.0536165327210103,0.7887976788218897,1.4073416134807186,0.7236128240599273,0
9.2,Study discontinuation at 24 months,RR,FALSE,FALSE,20,FALSE,,0,NA,NA,NA,NA,NA
9.2,Study discontinuation at 24 months,RR,FALSE,FALSE,20,TRUE,,0,NA,NA,NA,NA,NA
9.2,Study discontinuation at 24 months,RR,FALSE,FALSE,30,FALSE,,0,NA,NA,NA,NA,NA
9.2,Study discontinuation at 24 months,RR,FALSE,FALSE,30,TRUE,,0,NA,NA,NA,NA,NA
9.2,Study discontinuation at 24 months,RR,FALSE,TRUE,NA,FALSE,,0,NA,NA,NA,NA,NA
9.2,Study discontinuation at 24 months,RR,FALSE,TRUE,NA,TRUE,,0,NA,NA,NA,NA,NA
9.2,Study discontinuation at 24 months,RR,FALSE,TRUE,5,FALSE,,0,NA,NA,NA,NA,NA
9.2,Study discontinuation at 24 months,RR,FALSE,TRUE,5,TRUE,,0,NA,NA,NA,NA,NA
9.2,Study discontinuation at 24 months,RR,FALSE,TRUE,10,FALSE,,0,NA,NA,NA,NA,NA
9.2,Study discontinuation at 24 months,RR,FALSE,TRUE,10,TRUE,,0,NA,NA,NA,NA,NA
9.2,Study discontinuation at 24 months,RR,FALSE,TRUE,20,FALSE,,0,NA,NA,NA,NA,NA
9.2,Study discontinuation at 24 months,RR,FALSE,TRUE,20,TRUE,,0,NA,NA,NA,NA,NA
9.2,Study discontinuation at 24 months,RR,FALSE,TRUE,30,FALSE,,0,NA,NA,NA,NA,NA
9.2,Study discontinuation at 24 months,RR,FALSE,TRUE,30,TRUE,,0,NA,NA,NA,NA,NA
9.2,Study discontinuation at 24 months,RR,TRUE,FALSE,NA,FALSE,CREAD 2022; SCarlet RoAD 2017,2,1.0087417778211831,0.9411188324553127,1.081223687413734,0.8058020547192903,0
9.2,Study discontinuation at 24 months,RR,TRUE,FALSE,NA,TRUE,CREAD 2022; SCarlet RoAD 2017,2,1.0087417778211831,0.9411188324553127,1.081223687413734,0.8058020547192903,0
9.2,Study discontinuation at 24 months,RR,TRUE,FALSE,5,FALSE,SCarlet RoAD 2017,1,1.0536165327210103,0.7887976788218897,1.4073416134807186,0.7236128240599273,0
9.2,Study discontinuation at 24 months,RR,TRUE,FALSE,5,TRUE,SCarlet RoAD 2017,1,1.0536165327210103,0.7887976788218897,1.4073416134807186,0.7236128240599273,0
9.2,Study discontinuation at 24 months,RR,TRUE,FALSE,10,FALSE,SCarlet RoAD 2017,1,1.0536165327210103,0.7887976788218897,1.4073416134807186,0.7236128240599273,0
9.2,Study discontinuation at 24 months,RR,TRUE,FALSE,10,TRUE,SCarlet RoAD 2017,1,1.0536165327210103,0.7887976788218897,1.4073416134807186,0.7236128240599273,0
9.2,Study discontinuation at 24 months,RR,TRUE,FALSE,20,FALSE,,0,NA,NA,NA,NA,NA
9.2,Study discontinuation at 24 months,RR,TRUE,FALSE,20,TRUE,,0,NA,NA,NA,NA,NA
9.2,Study discontinuation at 24 months,RR,TRUE,FALSE,30,FALSE,,0,NA,NA,NA,NA,NA
9.2,Study discontinuation at 24 months,RR,TRUE,FALSE,30,TRUE,,0,NA,NA,NA,NA,NA
9.2,Study discontinuation at 24 months,RR,TRUE,TRUE,NA,FALSE,,0,NA,NA,NA,NA,NA
9.2,Study discontinuation at 24 months,RR,TRUE,TRUE,NA,TRUE,,0,NA,NA,NA,NA,NA
9.2,Study discontinuation at 24 months,RR,TRUE,TRUE,5,FALSE,,0,NA,NA,NA,NA,NA
9.2,Study discontinuation at 24 months,RR,TRUE,TRUE,5,TRUE,,0,NA,NA,NA,NA,NA
9.2,Study discontinuation at 24 months,RR,TRUE,TRUE,10,FALSE,,0,NA,NA,NA,NA,NA
9.2,Study discontinuation at 24 months,RR,TRUE,TRUE,10,TRUE,,0,NA,NA,NA,NA,NA
9.2,Study discontinuation at 24 months,RR,TRUE,TRUE,20,FALSE,,0,NA,NA,NA,NA,NA
9.2,Study discontinuation at 24 months,RR,TRUE,TRUE,20,TRUE,,0,NA,NA,NA,NA,NA
9.2,Study discontinuation at 24 months,RR,TRUE,TRUE,30,FALSE,,0,NA,NA,NA,NA,NA
9.2,Study discontinuation at 24 months,RR,TRUE,TRUE,30,TRUE,,0,NA,NA,NA,NA,NA
9.3,Study discontinuation above 24 months,RR,FALSE,FALSE,NA,FALSE,GRADUATE I 2023; GRADUATE II 2023,2,1.3550026889949676,1.109422105329669,1.654944748588734,0.0029037060940422773,0.005604882658618314
9.3,Study discontinuation above 24 months,RR,FALSE,FALSE,NA,TRUE,GRADUATE I 2023; GRADUATE II 2023,2,1.3550026889949676,1.109422105329669,1.654944748588734,0.0029037060940422773,0.005604882658618314
9.3,Study discontinuation above 24 months,RR,FALSE,FALSE,5,FALSE,GRADUATE I 2023; GRADUATE II 2023,2,1.3550026889949676,1.109422105329669,1.654944748588734,0.0029037060940422773,0.005604882658618314
9.3,Study discontinuation above 24 months,RR,FALSE,FALSE,5,TRUE,GRADUATE I 2023; GRADUATE II 2023,2,1.3550026889949676,1.109422105329669,1.654944748588734,0.0029037060940422773,0.005604882658618314
9.3,Study discontinuation above 24 months,RR,FALSE,FALSE,10,FALSE,GRADUATE I 2023; GRADUATE II 2023,2,1.3550026889949676,1.109422105329669,1.654944748588734,0.0029037060940422773,0.005604882658618314
9.3,Study discontinuation above 24 months,RR,FALSE,FALSE,10,TRUE,GRADUATE I 2023; GRADUATE II 2023,2,1.3550026889949676,1.109422105329669,1.654944748588734,0.0029037060940422773,0.005604882658618314
9.3,Study discontinuation above 24 months,RR,FALSE,FALSE,20,FALSE,GRADUATE I 2023; GRADUATE II 2023,2,1.3550026889949676,1.109422105329669,1.654944748588734,0.0029037060940422773,0.005604882658618314
9.3,Study discontinuation above 24 months,RR,FALSE,FALSE,20,TRUE,GRADUATE I 2023; GRADUATE II 2023,2,1.3550026889949676,1.109422105329669,1.654944748588734,0.0029037060940422773,0.005604882658618314
9.3,Study discontinuation above 24 months,RR,FALSE,FALSE,30,FALSE,GRADUATE I 2023; GRADUATE II 2023,2,1.3550026889949676,1.109422105329669,1.654944748588734,0.0029037060940422773,0.005604882658618314
9.3,Study discontinuation above 24 months,RR,FALSE,FALSE,30,TRUE,GRADUATE I 2023; GRADUATE II 2023,2,1.3550026889949676,1.109422105329669,1.654944748588734,0.0029037060940422773,0.005604882658618314
9.3,Study discontinuation above 24 months,RR,FALSE,TRUE,NA,FALSE,,0,NA,NA,NA,NA,NA
9.3,Study discontinuation above 24 months,RR,FALSE,TRUE,NA,TRUE,,0,NA,NA,NA,NA,NA
9.3,Study discontinuation above 24 months,RR,FALSE,TRUE,5,FALSE,,0,NA,NA,NA,NA,NA
9.3,Study discontinuation above 24 months,RR,FALSE,TRUE,5,TRUE,,0,NA,NA,NA,NA,NA
9.3,Study discontinuation above 24 months,RR,FALSE,TRUE,10,FALSE,,0,NA,NA,NA,NA,NA
9.3,Study discontinuation above 24 months,RR,FALSE,TRUE,10,TRUE,,0,NA,NA,NA,NA,NA
9.3,Study discontinuation above 24 months,RR,FALSE,TRUE,20,FALSE,,0,NA,NA,NA,NA,NA
9.3,Study discontinuation above 24 months,RR,FALSE,TRUE,20,TRUE,,0,NA,NA,NA,NA,NA
9.3,Study discontinuation above 24 months,RR,FALSE,TRUE,30,FALSE,,0,NA,NA,NA,NA,NA
9.3,Study discontinuation above 24 months,RR,FALSE,TRUE,30,TRUE,,0,NA,NA,NA,NA,NA
9.3,Study discontinuation above 24 months,RR,TRUE,FALSE,NA,FALSE,GRADUATE I 2023; GRADUATE II 2023,2,1.3550026889949676,1.109422105329669,1.654944748588734,0.0029037060940422773,0.005604882658618314
9.3,Study discontinuation above 24 months,RR,TRUE,FALSE,NA,TRUE,GRADUATE I 2023; GRADUATE II 2023,2,1.3550026889949676,1.109422105329669,1.654944748588734,0.0029037060940422773,0.005604882658618314
9.3,Study discontinuation above 24 months,RR,TRUE,FALSE,5,FALSE,GRADUATE I 2023; GRADUATE II 2023,2,1.3550026889949676,1.109422105329669,1.654944748588734,0.0029037060940422773,0.005604882658618314
9.3,Study discontinuation above 24 months,RR,TRUE,FALSE,5,TRUE,GRADUATE I 2023; GRADUATE II 2023,2,1.3550026889949676,1.109422105329669,1.654944748588734,0.0029037060940422773,0.005604882658618314
9.3,Study discontinuation above 24 months,RR,TRUE,FALSE,10,FALSE,GRADUATE I 2023; GRADUATE II 2023,2,1.3550026889949676,1.109422105329669,1.654944748588734,0.0029037060940422773,0.005604882658618314
9.3,Study discontinuation above 24 months,RR,TRUE,FALSE,10,TRUE,GRADUATE I 2023; GRADUATE II 2023,2,1.3550026889949676,1.109422105329669,1.654944748588734,0.0029037060940422773,0.005604882658618314
9.3,Study discontinuation above 24 months,RR,TRUE,FALSE,20,FALSE,GRADUATE I 2023; GRADUATE II 2023,2,1.3550026889949676,1.109422105329669,1.654944748588734,0.0029037060940422773,0.005604882658618314
9.3,Study discontinuation above 24 months,RR,TRUE,FALSE,20,TRUE,GRADUATE I 2023; GRADUATE II 2023,2,1.3550026889949676,1.109422105329669,1.654944748588734,0.0029037060940422773,0.005604882658618314
9.3,Study discontinuation above 24 months,RR,TRUE,FALSE,30,FALSE,GRADUATE I 2023; GRADUATE II 2023,2,1.3550026889949676,1.109422105329669,1.654944748588734,0.0029037060940422773,0.005604882658618314
9.3,Study discontinuation above 24 months,RR,TRUE,FALSE,30,TRUE,GRADUATE I 2023; GRADUATE II 2023,2,1.3550026889949676,1.109422105329669,1.654944748588734,0.0029037060940422773,0.005604882658618314
9.3,Study discontinuation above 24 months,RR,TRUE,TRUE,NA,FALSE,,0,NA,NA,NA,NA,NA
9.3,Study discontinuation above 24 months,RR,TRUE,TRUE,NA,TRUE,,0,NA,NA,NA,NA,NA
9.3,Study discontinuation above 24 months,RR,TRUE,TRUE,5,FALSE,,0,NA,NA,NA,NA,NA
9.3,Study discontinuation above 24 months,RR,TRUE,TRUE,5,TRUE,,0,NA,NA,NA,NA,NA
9.3,Study discontinuation above 24 months,RR,TRUE,TRUE,10,FALSE,,0,NA,NA,NA,NA,NA
9.3,Study discontinuation above 24 months,RR,TRUE,TRUE,10,TRUE,,0,NA,NA,NA,NA,NA
9.3,Study discontinuation above 24 months,RR,TRUE,TRUE,20,FALSE,,0,NA,NA,NA,NA,NA
9.3,Study discontinuation above 24 months,RR,TRUE,TRUE,20,TRUE,,0,NA,NA,NA,NA,NA
9.3,Study discontinuation above 24 months,RR,TRUE,TRUE,30,FALSE,,0,NA,NA,NA,NA,NA
9.3,Study discontinuation above 24 months,RR,TRUE,TRUE,30,TRUE,,0,NA,NA,NA,NA,NA
